incident_place,incident_weekday,part_of_the_day,latitude,longitude,crime_risk_score,murder_risk,rape_risk,kidnap_risk,bodyfound_risk,robbery_risk,assault_risk,total_crimes,total_murders,total_rapes,total_kidnaps,total_bodyfounds,total_robberys,total_assaults,risk_level,marker_radius,dominant_crime
abhaynagar,friday,morning,23.01667,89.43333,0.13408419826134998,0.0,0.13408419826134998,0.0,0.0,0.0,0.0,1,0,1,0,0,0,0,Very Low,7.01126297392025,rape_risk
abhaynagar,friday,night,23.01667,89.43333,0.11461615255902532,0.0,0.11461615255902532,0.0,0.0,0.0,0.0,1,0,1,0,0,0,0,Very Low,6.71924228838538,rape_risk
abhaynagar,saturday,night,23.01667,89.43333,0.24270527691150814,0.09708211076460327,0.0,0.0,0.14562316614690488,0.0,0.0,5,2,0,0,3,0,0,Low,8.640579153672622,bodyfound_risk
abhaynagar,sunday,morning,23.01667,89.43333,0.12020069536260491,0.12020069536260491,0.0,0.0,0.0,0.0,0.0,1,1,0,0,0,0,0,Very Low,6.803010430439073,murder_risk
abhaynagar,sunday,night,23.01667,89.43333,0.09426274398634538,0.0,0.0,0.0,0.09426274398634538,0.0,0.0,1,0,0,0,1,0,0,Very Low,6.413941159795181,bodyfound_risk
abhaynagar,sunday,noon,23.01667,89.43333,0.11318616731835213,0.11318616731835213,0.0,0.0,0.0,0.0,0.0,1,1,0,0,0,0,0,Very Low,6.697792509775282,murder_risk
abhaynagar,thursday,afternoon,23.01667,89.43333,0.112604754024304,0.0,0.0,0.0,0.0,0.0,0.112604754024304,1,0,0,0,0,0,1,Very Low,6.68907131036456,assault_risk
abhaynagar,thursday,morning,23.01667,89.43333,0.12072616282647589,0.12072616282647589,0.0,0.0,0.0,0.0,0.0,1,1,0,0,0,0,0,Very Low,6.810892442397138,murder_risk
abhaynagar,thursday,noon,23.01667,89.43333,0.11302359329384751,0.0,0.0,0.0,0.11302359329384751,0.0,0.0,1,0,0,0,1,0,0,Very Low,6.695353899407713,bodyfound_risk
abhaynagar,tuesday,night,23.01667,89.43333,0.11916323042080848,0.0,0.11916323042080848,0.0,0.0,0.0,0.0,1,0,1,0,0,0,0,Very Low,6.787448456312127,rape_risk
abhaynagar,wednesday,night,23.01667,89.43333,0.21178990218690621,0.052947475546726554,0.15884242664017967,0.0,0.0,0.0,0.0,4,1,3,0,0,0,0,Low,8.176848532803593,rape_risk
adabor,friday,morning,23.769808,90.351595,0.30730895915645173,0.0,0.0,0.0,0.30730895915645173,0.0,0.0,1,0,0,0,1,0,0,Low,9.609634387346777,bodyfound_risk
adabor,sunday,morning,23.769808,90.351595,0.3195147732278647,0.0,0.0,0.3195147732278647,0.0,0.0,0.0,1,0,0,1,0,0,0,Low,9.79272159841797,kidnap_risk
adabor,thursday,morning,23.77218868,90.35344364,0.3579530396986407,0.0,0.0,0.17897651984932034,0.17897651984932034,0.0,0.0,2,0,0,1,1,0,0,Moderate,10.36929559547961,kidnap_risk
adabor,thursday,night,23.77456936,90.35529228,0.31052877506601134,0.0,0.0,0.0,0.31052877506601134,0.0,0.0,1,0,0,0,1,0,0,Low,9.65793162599017,bodyfound_risk
adabor,tuesday,night,23.769808,90.351595,0.3151794830812453,0.3151794830812453,0.0,0.0,0.0,0.0,0.0,1,1,0,0,0,0,0,Low,9.72769224621868,murder_risk
adabor,wednesday,morning,23.77456936,90.35529228,0.3336638574814082,0.3336638574814082,0.0,0.0,0.0,0.0,0.0,1,1,0,0,0,0,0,Low,10.004957862221122,murder_risk
adabor,wednesday,night,23.77456936,90.35529228,0.3148806547320361,0.3148806547320361,0.0,0.0,0.0,0.0,0.0,1,1,0,0,0,0,0,Low,9.723209820980541,murder_risk
adamdighi,friday,morning,24.81667,89.0,0.14458807948559915,0.0,0.0,0.0,0.14458807948559915,0.0,0.0,1,0,0,0,1,0,0,Very Low,7.168821192283987,bodyfound_risk
adamdighi,friday,night,24.81667,89.0,0.1474665690154105,0.0,0.1474665690154105,0.0,0.0,0.0,0.0,1,0,1,0,0,0,0,Very Low,7.2119985352311575,rape_risk
adamdighi,monday,night,24.81667,89.0,0.20373066442157528,0.0,0.10186533221078764,0.0,0.0,0.10186533221078764,0.0,2,0,1,0,0,1,0,Low,8.055959966323629,rape_risk
adamdighi,saturday,night,24.81667,89.0,0.1394910757215356,0.0,0.1394910757215356,0.0,0.0,0.0,0.0,1,0,1,0,0,0,0,Very Low,7.092366135823034,rape_risk
adamdighi,sunday,evening,24.81667,89.0,0.1567832002999528,0.0,0.1567832002999528,0.0,0.0,0.0,0.0,1,0,1,0,0,0,0,Very Low,7.351748004499292,rape_risk
adamdighi,thursday,morning,24.81667,89.0,0.12723518014703733,0.0,0.0,0.0,0.12723518014703733,0.0,0.0,1,0,0,0,1,0,0,Very Low,6.90852770220556,bodyfound_risk
aditmari,friday,afternoon,25.925,89.35,0.1187577117280913,0.0,0.1187577117280913,0.0,0.0,0.0,0.0,1,0,1,0,0,0,0,Very Low,6.78136567592137,rape_risk
aditmari,friday,morning,25.925,89.35,0.10906293808604325,0.0,0.0,0.0,0.0,0.0,0.10906293808604325,1,0,0,0,0,0,1,Very Low,6.635944071290648,assault_risk
aditmari,friday,night,25.925,89.35,0.11184710939497199,0.0,0.0,0.0,0.0,0.0,0.11184710939497199,1,0,0,0,0,0,1,Very Low,6.67770664092458,assault_risk
aditmari,monday,morning,25.925,89.35,0.11310599987037114,0.0,0.0,0.11310599987037114,0.0,0.0,0.0,1,0,0,1,0,0,0,Very Low,6.6965899980555665,kidnap_risk
aditmari,monday,night,25.925,89.35,0.14615100298844966,0.0,0.07307550149422483,0.0,0.0,0.0,0.07307550149422483,2,0,1,0,0,0,1,Very Low,7.192265044826745,rape_risk
aditmari,saturday,night,25.925,89.35,0.10205989548022301,0.0,0.0,0.0,0.0,0.0,0.10205989548022301,1,0,0,0,0,0,1,Very Low,6.530898432203346,assault_risk
aditmari,sunday,night,25.925,89.35,0.09997262576841945,0.0,0.09997262576841945,0.0,0.0,0.0,0.0,1,0,1,0,0,0,0,Very Low,6.499589386526292,rape_risk
aditmari,thursday,night,25.925,89.35,0.1973935217790907,0.0,0.049348380444772674,0.0,0.09869676088954535,0.0,0.049348380444772674,4,0,1,0,2,0,1,Very Low,7.960902826686361,bodyfound_risk
aditmari,tuesday,night,25.925,89.35,0.1438133530914133,0.0,0.07190667654570665,0.0,0.07190667654570665,0.0,0.0,2,0,1,0,1,0,0,Very Low,7.157200296371199,rape_risk
aditmari,wednesday,night,25.925,89.34999999999998,0.1846226940514142,0.061540898017138065,0.061540898017138065,0.061540898017138065,0.0,0.0,0.0,3,1,1,1,0,0,0,Very Low,7.769340410771213,murder_risk
aftabnagar,friday,night,23.728907,90.417137,0.5911679992275283,0.29558399961376414,0.0,0.0,0.0,0.29558399961376414,0.0,2,1,0,0,0,1,0,High,13.867519988412925,murder_risk
agailjhara,friday,noon,22.9667,90.15,0.24525929304023963,0.0,0.0,0.0,0.0,0.0,0.24525929304023963,1,0,0,0,0,0,1,Low,8.678889395603594,assault_risk
agailjhara,sunday,night,22.9667,90.15,0.2529060583909699,0.2529060583909699,0.0,0.0,0.0,0.0,0.0,1,1,0,0,0,0,0,Low,8.793590875864549,murder_risk
agargaon,monday,noon,23.728907,90.417137,0.31512414875755745,0.0,0.0,0.0,0.0,0.31512414875755745,0.0,1,0,0,0,0,1,0,Low,9.726862231363363,robbery_risk
agargaon,saturday,morning,23.728907,90.417137,0.32004645780266894,0.0,0.32004645780266894,0.0,0.0,0.0,0.0,1,0,1,0,0,0,0,Low,9.800696867040035,rape_risk
agargaon,sunday,morning,23.728907,90.417137,0.3169043686167665,0.0,0.0,0.3169043686167665,0.0,0.0,0.0,1,0,0,1,0,0,0,Low,9.753565529251498,kidnap_risk
agargaon,tuesday,morning,23.728907,90.417137,0.3226637281951932,0.0,0.0,0.0,0.3226637281951932,0.0,0.0,1,0,0,0,1,0,0,Low,9.839955922927897,bodyfound_risk
agargaon,tuesday,night,23.728907,90.417137,0.3368238003122644,0.0,0.3368238003122644,0.0,0.0,0.0,0.0,1,0,1,0,0,0,0,Low,10.052357004683966,rape_risk
agargaon,wednesday,noon,23.728907,90.417137,0.36338032245684226,0.0,0.0,0.0,0.0,0.0,0.36338032245684226,2,0,0,0,0,0,2,Moderate,10.450704836852633,assault_risk
agrabad,friday,afternoon,22.31667,91.81667,0.24448881078395715,0.0,0.0,0.0,0.0,0.0,0.24448881078395715,1,0,0,0,0,0,1,Low,8.667332161759358,assault_risk
agrabad,monday,night,22.31667,91.81667,0.23254671154009882,0.0,0.0,0.0,0.0,0.0,0.23254671154009882,1,0,0,0,0,0,1,Low,8.488200673101481,assault_risk
agrabad,sunday,noon,22.31667,91.81667,0.2343421089823174,0.0,0.0,0.0,0.2343421089823174,0.0,0.0,1,0,0,0,1,0,0,Low,8.515131634734761,bodyfound_risk
agrabad,wednesday,noon,22.31667,91.81667,0.23366467236303506,0.0,0.0,0.0,0.0,0.0,0.23366467236303506,1,0,0,0,0,0,1,Low,8.504970085445526,assault_risk
airport,monday,night,23.847177,90.4041325,0.3520607760338869,0.0,0.0,0.0,0.0,0.0,0.3520607760338869,1,0,0,0,0,0,1,Moderate,10.280911640508304,assault_risk
airport,saturday,morning,23.847177,90.4041325,0.3502329747622709,0.0,0.0,0.0,0.3502329747622709,0.0,0.0,1,0,0,0,1,0,0,Moderate,10.253494621434063,bodyfound_risk
airport,thursday,night,23.847177,90.4041325,0.45156326295678517,0.45156326295678517,0.0,0.0,0.0,0.0,0.0,2,2,0,0,0,0,0,Moderate,11.773448944351777,murder_risk
ajmiriganj,friday,night,24.5472,91.25,0.1334575593844053,0.1334575593844053,0.0,0.0,0.0,0.0,0.0,1,1,0,0,0,0,0,Very Low,7.001863390766079,murder_risk
ajmiriganj,monday,morning,24.5472,91.25,0.28232081047103086,0.0,0.1882138736473539,0.09410693682367695,0.0,0.0,0.0,3,0,2,1,0,0,0,Low,9.234812157065463,rape_risk
ajmiriganj,thursday,night,24.5472,91.25,0.13928339014950764,0.13928339014950764,0.0,0.0,0.0,0.0,0.0,1,1,0,0,0,0,0,Very Low,7.089250852242614,murder_risk
ajmiriganj,tuesday,morning,24.5472,91.25,0.13386101876424544,0.0,0.0,0.0,0.13386101876424544,0.0,0.0,1,0,0,0,1,0,0,Very Low,7.007915281463681,bodyfound_risk
akhaura,friday,afternoon,23.8833,91.2166,0.13521630757794256,0.13521630757794256,0.0,0.0,0.0,0.0,0.0,1,1,0,0,0,0,0,Very Low,7.0282446136691386,murder_risk
akhaura,monday,morning,23.8833,91.2166,0.1484289228453398,0.0,0.0,0.0,0.1484289228453398,0.0,0.0,2,0,0,0,2,0,0,Very Low,7.2264338426800965,bodyfound_risk
akhaura,monday,night,23.8833,91.2166,0.12217275388748668,0.0,0.12217275388748668,0.0,0.0,0.0,0.0,1,0,1,0,0,0,0,Very Low,6.8325913083123,rape_risk
akhaura,saturday,morning,23.8833,91.2166,0.21730590434032143,0.05432647608508036,0.0,0.0,0.05432647608508036,0.0,0.10865295217016072,4,1,0,0,1,0,2,Low,8.25958856510482,assault_risk
akhaura,saturday,night,23.8833,91.2166,0.11753942057546578,0.11753942057546578,0.0,0.0,0.0,0.0,0.0,1,1,0,0,0,0,0,Very Low,6.763091308631987,murder_risk
akhaura,sunday,morning,23.8833,91.2166,0.10186358080977914,0.0,0.0,0.0,0.0,0.0,0.10186358080977914,1,0,0,0,0,0,1,Very Low,6.527953712146687,assault_risk
akhaura,sunday,night,23.8833,91.2166,0.11789176118055109,0.0,0.11789176118055109,0.0,0.0,0.0,0.0,1,0,1,0,0,0,0,Very Low,6.768376417708266,rape_risk
akhaura,thursday,morning,23.8833,91.2166,0.10684872497313201,0.0,0.0,0.0,0.10684872497313201,0.0,0.0,1,0,0,0,1,0,0,Very Low,6.60273087459698,bodyfound_risk
akkelpur,friday,night,24.975,89.02,0.1350166373464825,0.06750831867324125,0.0,0.0,0.0,0.06750831867324125,0.0,2,1,0,0,0,1,0,Very Low,7.025249560197238,murder_risk
akkelpur,monday,afternoon,24.975,89.02,0.1226336102926183,0.0,0.0,0.0,0.1226336102926183,0.0,0.0,1,0,0,0,1,0,0,Very Low,6.8395041543892745,bodyfound_risk
akkelpur,saturday,morning,24.975000000000005,89.02,0.15642751289837706,0.0,0.0,0.0,0.15642751289837706,0.0,0.0,3,0,0,0,3,0,0,Very Low,7.346412693475656,bodyfound_risk
akkelpur,saturday,night,24.975,89.02,0.21882442234975666,0.0,0.0,0.04376488446995133,0.04376488446995133,0.04376488446995133,0.08752976893990266,5,0,0,1,1,1,2,Low,8.28236633524635,assault_risk
akkelpur,sunday,afternoon,24.975,89.02,0.08080959646546357,0.08080959646546357,0.0,0.0,0.0,0.0,0.0,1,1,0,0,0,0,0,Very Low,6.2121439469819535,murder_risk
akkelpur,sunday,morning,24.975,89.02,0.11379379291467895,0.0,0.0,0.0,0.11379379291467895,0.0,0.0,1,0,0,0,1,0,0,Very Low,6.706906893720184,bodyfound_risk
akkelpur,sunday,night,24.975,89.02,0.11675624340280269,0.11675624340280269,0.0,0.0,0.0,0.0,0.0,1,1,0,0,0,0,0,Very Low,6.75134365104204,murder_risk
akkelpur,thursday,morning,24.975,89.02,0.10477573310659138,0.0,0.0,0.0,0.10477573310659138,0.0,0.0,1,0,0,0,1,0,0,Very Low,6.571635996598871,bodyfound_risk
akkelpur,thursday,night,24.975,89.02,0.13596633866407337,0.0,0.06798316933203669,0.0,0.06798316933203669,0.0,0.0,2,0,1,0,1,0,0,Very Low,7.0394950799611005,rape_risk
akkelpur,tuesday,afternoon,24.975,89.02,0.11155299335897675,0.0,0.0,0.0,0.0,0.0,0.11155299335897675,1,0,0,0,0,0,1,Very Low,6.673294900384652,assault_risk
akkelpur,tuesday,evening,24.975,89.02,0.10484132712924976,0.0,0.0,0.10484132712924976,0.0,0.0,0.0,1,0,0,1,0,0,0,Very Low,6.572619906938746,kidnap_risk
akkelpur,tuesday,morning,24.975,89.02,0.10482592363332294,0.0,0.0,0.0,0.10482592363332294,0.0,0.0,1,0,0,0,1,0,0,Very Low,6.572388854499844,bodyfound_risk
akkelpur,wednesday,night,24.975,89.02,0.11092971086068054,0.0,0.0,0.0,0.11092971086068054,0.0,0.0,1,0,0,0,1,0,0,Very Low,6.6639456629102085,bodyfound_risk
alamdanga,friday,morning,23.7583,88.95,0.11313621923936638,0.0,0.0,0.0,0.11313621923936638,0.0,0.0,1,0,0,0,1,0,0,Very Low,6.697043288590496,bodyfound_risk
alamdanga,friday,night,23.7583,88.95,0.10679607956772455,0.0,0.0,0.0,0.0,0.10679607956772455,0.0,1,0,0,0,0,1,0,Very Low,6.601941193515868,robbery_risk
alamdanga,friday,noon,23.7583,88.95,0.10793834243947782,0.0,0.0,0.0,0.10793834243947782,0.0,0.0,1,0,0,0,1,0,0,Very Low,6.619075136592167,bodyfound_risk
alamdanga,monday,morning,23.7583,88.95,0.13135941684539057,0.13135941684539057,0.0,0.0,0.0,0.0,0.0,1,1,0,0,0,0,0,Very Low,6.970391252680859,murder_risk
alamdanga,monday,night,23.7583,88.95,0.13434593852425128,0.0,0.0,0.0,0.0,0.06717296926212564,0.06717296926212564,2,0,0,0,0,1,1,Very Low,7.015189077863769,robbery_risk
alamdanga,saturday,evening,23.758300000000002,88.95,0.1832555084846924,0.0,0.061085169494897465,0.12217033898979493,0.0,0.0,0.0,3,0,1,2,0,0,0,Very Low,7.748832627270386,kidnap_risk
alamdanga,saturday,night,23.758300000000002,88.95,0.16428444372424683,0.05476148124141561,0.05476148124141561,0.0,0.0,0.0,0.05476148124141561,3,1,1,0,0,0,1,Very Low,7.464266655863702,murder_risk
alamdanga,sunday,morning,23.7583,88.95,0.114235676250624,0.0,0.114235676250624,0.0,0.0,0.0,0.0,1,0,1,0,0,0,0,Very Low,6.71353514375936,rape_risk
alamdanga,sunday,night,23.7583,88.95,0.15159186724125734,0.15159186724125734,0.0,0.0,0.0,0.0,0.0,2,2,0,0,0,0,0,Very Low,7.27387800861886,murder_risk
alamdanga,thursday,night,23.7583,88.95,0.10777276737115235,0.0,0.0,0.0,0.0,0.10777276737115235,0.0,1,0,0,0,0,1,0,Very Low,6.616591510567285,robbery_risk
alamdanga,tuesday,night,23.7583,88.95,0.1283278619257609,0.0,0.0,0.1283278619257609,0.0,0.0,0.0,1,0,0,1,0,0,0,Very Low,6.924917928886414,kidnap_risk
alamdanga,wednesday,morning,23.7583,88.95,0.11125811410381309,0.11125811410381309,0.0,0.0,0.0,0.0,0.0,1,1,0,0,0,0,0,Very Low,6.6688717115571965,murder_risk
alamdanga,wednesday,night,23.7583,88.95,0.21947427787884388,0.13168456672730633,0.0,0.043894855575768776,0.0,0.0,0.043894855575768776,5,3,0,1,0,0,1,Low,8.292114168182659,murder_risk
alfadanga,monday,night,23.2833,89.7167,0.24783676575438868,0.0,0.24783676575438868,0.0,0.0,0.0,0.0,1,0,1,0,0,0,0,Low,8.71755148631583,rape_risk
alfadanga,wednesday,night,23.2833,89.7167,0.2491630717800355,0.0,0.2491630717800355,0.0,0.0,0.0,0.0,1,0,1,0,0,0,0,Low,8.737446076700532,rape_risk
alikadam,friday,night,21.6667,92.3056,0.18265043700184108,0.0,0.09132521850092054,0.0,0.09132521850092054,0.0,0.0,2,0,1,0,1,0,0,Very Low,7.739756555027617,rape_risk
alikadam,saturday,morning,21.6667,92.3056,0.12037409225778645,0.0,0.0,0.12037409225778645,0.0,0.0,0.0,1,0,0,1,0,0,0,Very Low,6.805611383866797,kidnap_risk
alikadam,sunday,morning,21.6667,92.3056,0.12527159771040353,0.0,0.0,0.12527159771040353,0.0,0.0,0.0,1,0,0,1,0,0,0,Very Low,6.879073965656053,kidnap_risk
alikadam,sunday,night,21.6667,92.3056,0.12962883220652374,0.0,0.12962883220652374,0.0,0.0,0.0,0.0,1,0,1,0,0,0,0,Very Low,6.944432483097856,rape_risk
alikadam,wednesday,evening,21.6667,92.3056,0.12716739694592893,0.0,0.0,0.12716739694592893,0.0,0.0,0.0,1,0,0,1,0,0,0,Very Low,6.907510954188934,kidnap_risk
alikadam,wednesday,night,21.6667,92.3056,0.11238727909033469,0.11238727909033469,0.0,0.0,0.0,0.0,0.0,1,1,0,0,0,0,0,Very Low,6.68580918635502,murder_risk
amin bazar,monday,night,23.794998,90.291207,0.40175190725192067,0.0,0.0,0.0,0.0,0.0,0.40175190725192067,1,0,0,0,0,0,1,Moderate,11.02627860877881,assault_risk
amtali,friday,night,22.1294,90.2289,0.15697011219167684,0.0,0.05232337073055894,0.0,0.0,0.0,0.10464674146111788,3,0,1,0,0,0,2,Very Low,7.354551682875153,assault_risk
amtali,monday,morning,22.1294,90.2289,0.11554422277278285,0.0,0.0,0.0,0.0,0.0,0.11554422277278285,1,0,0,0,0,0,1,Very Low,6.733163341591743,assault_risk
amtali,monday,night,22.1294,90.2289,0.18514119746000693,0.12342746497333795,0.0,0.0,0.061713732486668976,0.0,0.0,3,2,0,0,1,0,0,Very Low,7.777117961900104,murder_risk
amtali,monday,noon,22.1294,90.2289,0.12265429643542847,0.0,0.0,0.0,0.12265429643542847,0.0,0.0,1,0,0,0,1,0,0,Very Low,6.8398144465314274,bodyfound_risk
amtali,saturday,morning,22.1294,90.2289,0.11323542952116808,0.0,0.0,0.0,0.0,0.0,0.11323542952116808,1,0,0,0,0,0,1,Very Low,6.698531442817521,assault_risk
amtali,saturday,night,22.1294,90.2289,0.14281256093293032,0.0,0.0,0.0,0.0,0.0,0.14281256093293032,2,0,0,0,0,0,2,Very Low,7.142188413993955,assault_risk
amtali,sunday,night,22.1294,90.2289,0.14395262024562336,0.0,0.07197631012281168,0.0,0.0,0.07197631012281168,0.0,2,0,1,0,0,1,0,Very Low,7.15928930368435,rape_risk
amtali,thursday,evening,22.1294,90.2289,0.11950901677940803,0.0,0.0,0.11950901677940803,0.0,0.0,0.0,1,0,0,1,0,0,0,Very Low,6.79263525169112,kidnap_risk
amtali,thursday,morning,22.1294,90.2289,0.1445117552034511,0.0,0.0,0.0,0.1445117552034511,0.0,0.0,2,0,0,0,2,0,0,Very Low,7.167676328051767,bodyfound_risk
amtali,thursday,night,22.1294,90.2289,0.14927408577486923,0.0,0.07463704288743461,0.0,0.0,0.0,0.07463704288743461,2,0,1,0,0,0,1,Very Low,7.2391112866230385,rape_risk
amtali,tuesday,night,22.1294,90.2289,0.1800966876775434,0.06003222922584779,0.06003222922584779,0.0,0.0,0.0,0.06003222922584779,3,1,1,0,0,0,1,Very Low,7.701450315163151,murder_risk
amtali,wednesday,night,22.1294,90.2289,0.13491172219024739,0.0,0.0,0.13491172219024739,0.0,0.0,0.0,1,0,0,1,0,0,0,Very Low,7.02367583285371,kidnap_risk
anandabazar,friday,noon,23.784506,90.403409,0.5910277793095429,0.0,0.0,0.0,0.5910277793095429,0.0,0.0,1,0,0,0,1,0,0,High,13.865416689643142,bodyfound_risk
anwara,friday,night,22.31667,91.81667,0.13687082441510962,0.0,0.0,0.0,0.0,0.0,0.13687082441510962,1,0,0,0,0,0,1,Very Low,7.053062366226644,assault_risk
anwara,monday,morning,22.31667,91.81667,0.13374673072487211,0.0,0.0,0.0,0.13374673072487211,0.0,0.0,1,0,0,0,1,0,0,Very Low,7.006200960873082,bodyfound_risk
anwara,sunday,morning,22.31667,91.81667,0.1368878946495588,0.0,0.1368878946495588,0.0,0.0,0.0,0.0,1,0,1,0,0,0,0,Very Low,7.053318419743382,rape_risk
anwara,sunday,night,22.31667,91.81667,0.1210953269705339,0.0,0.0,0.0,0.0,0.0,0.1210953269705339,1,0,0,0,0,0,1,Very Low,6.816429904558008,assault_risk
anwara,thursday,afternoon,22.31667,91.81667,0.13252429124612847,0.0,0.0,0.0,0.0,0.0,0.13252429124612847,1,0,0,0,0,0,1,Very Low,6.987864368691927,assault_risk
anwara,tuesday,morning,22.31667,91.81667,0.12116492298152244,0.0,0.0,0.0,0.0,0.0,0.12116492298152244,1,0,0,0,0,0,1,Very Low,6.817473844722837,assault_risk
anwara,tuesday,night,22.31667,91.81667,0.13745203179289955,0.0,0.0,0.0,0.0,0.0,0.13745203179289955,1,0,0,0,0,0,1,Very Low,7.061780476893493,assault_risk
anwara,wednesday,night,22.31667,91.81667,0.0983868186898849,0.0,0.0983868186898849,0.0,0.0,0.0,0.0,1,0,1,0,0,0,0,Very Low,6.475802280348273,rape_risk
araihazar,friday,evening,23.7917,90.65,0.13472019270118135,0.0,0.06736009635059068,0.06736009635059068,0.0,0.0,0.0,2,0,1,1,0,0,0,Very Low,7.02080289051772,rape_risk
araihazar,friday,morning,23.7917,90.65,0.07138449783510586,0.0,0.07138449783510586,0.0,0.0,0.0,0.0,1,0,1,0,0,0,0,Very Low,6.070767467526588,rape_risk
araihazar,friday,night,23.7917,90.65,0.19850747234429872,0.04962686808607468,0.04962686808607468,0.09925373617214936,0.0,0.0,0.0,4,1,1,2,0,0,0,Very Low,7.9776120851644805,kidnap_risk
araihazar,friday,noon,23.791700000000002,90.65000000000002,0.1791274824239285,0.0,0.1791274824239285,0.0,0.0,0.0,0.0,3,0,3,0,0,0,0,Very Low,7.6869122363589275,rape_risk
araihazar,monday,afternoon,23.7917,90.65,0.11268397577048805,0.0,0.0,0.0,0.11268397577048805,0.0,0.0,1,0,0,0,1,0,0,Very Low,6.690259636557321,bodyfound_risk
araihazar,monday,evening,23.7917,90.65,0.137071547866233,0.0,0.137071547866233,0.0,0.0,0.0,0.0,2,0,2,0,0,0,0,Very Low,7.056073217993495,rape_risk
araihazar,monday,night,23.7917,90.65,0.09957869853786978,0.0,0.0,0.0,0.0,0.0,0.09957869853786978,1,0,0,0,0,0,1,Very Low,6.493680478068047,assault_risk
araihazar,monday,noon,23.7917,90.65,0.11002361345574063,0.0,0.0,0.0,0.11002361345574063,0.0,0.0,1,0,0,0,1,0,0,Very Low,6.65035420183611,bodyfound_risk
araihazar,saturday,morning,23.7917,90.65,0.11248555529330143,0.0,0.0,0.0,0.11248555529330143,0.0,0.0,1,0,0,0,1,0,0,Very Low,6.687283329399522,bodyfound_risk
araihazar,saturday,night,23.7917,90.65,0.1351352401701416,0.0,0.0,0.0,0.0675676200850708,0.0675676200850708,0.0,2,0,0,0,1,1,0,Very Low,7.027028602552124,bodyfound_risk
araihazar,sunday,evening,23.7917,90.65,0.11300027558194584,0.11300027558194584,0.0,0.0,0.0,0.0,0.0,1,1,0,0,0,0,0,Very Low,6.695004133729188,murder_risk
araihazar,sunday,morning,23.7917,90.65,0.14439731093510727,0.07219865546755364,0.07219865546755364,0.0,0.0,0.0,0.0,2,1,1,0,0,0,0,Very Low,7.165959664026609,murder_risk
araihazar,thursday,evening,23.7917,90.65,0.11163034363180496,0.0,0.0,0.11163034363180496,0.0,0.0,0.0,1,0,0,1,0,0,0,Very Low,6.674455154477075,kidnap_risk
araihazar,thursday,morning,23.7917,90.65,0.12460840196780862,0.0,0.12460840196780862,0.0,0.0,0.0,0.0,2,0,2,0,0,0,0,Very Low,6.86912602951713,rape_risk
araihazar,thursday,noon,23.7917,90.65,0.10989121319702236,0.0,0.0,0.0,0.10989121319702236,0.0,0.0,1,0,0,0,1,0,0,Very Low,6.648368197955335,bodyfound_risk
araihazar,tuesday,morning,23.7917,90.65,0.12892104661757975,0.0,0.12892104661757975,0.0,0.0,0.0,0.0,1,0,1,0,0,0,0,Very Low,6.933815699263697,rape_risk
araihazar,tuesday,noon,23.7917,90.65,0.10269155400101654,0.0,0.0,0.0,0.10269155400101654,0.0,0.0,1,0,0,0,1,0,0,Very Low,6.540373310015248,bodyfound_risk
araihazar,wednesday,morning,23.7917,90.65,0.12758982727973678,0.12758982727973678,0.0,0.0,0.0,0.0,0.0,1,1,0,0,0,0,0,Very Low,6.913847409196052,murder_risk
araihazar,wednesday,night,23.7917,90.65,0.10653840519051849,0.0,0.0,0.0,0.10653840519051849,0.0,0.0,1,0,0,0,1,0,0,Very Low,6.598076077857778,bodyfound_risk
araihazar,wednesday,noon,23.7917,90.65,0.11705801560343707,0.0,0.11705801560343707,0.0,0.0,0.0,0.0,1,0,1,0,0,0,0,Very Low,6.755870234051556,rape_risk
aricha highway,monday,morning,23.782726,90.348319,0.42004648307080344,0.0,0.42004648307080344,0.0,0.0,0.0,0.0,1,0,1,0,0,0,0,Moderate,11.300697246062052,rape_risk
aricha highway,tuesday,night,23.782726,90.348319,0.4229528159204321,0.0,0.0,0.0,0.0,0.4229528159204321,0.0,1,0,0,0,0,1,0,Moderate,11.344292238806482,robbery_risk
ashuganj,friday,morning,24.0366,91.005,0.11551979068167562,0.0,0.0,0.0,0.11551979068167562,0.0,0.0,1,0,0,0,1,0,0,Very Low,6.732796860225134,bodyfound_risk
ashuganj,friday,noon,24.0366,91.005,0.10573862939037434,0.0,0.0,0.0,0.10573862939037434,0.0,0.0,1,0,0,0,1,0,0,Very Low,6.586079440855615,bodyfound_risk
ashuganj,monday,night,24.0366,91.005,0.1510211019653354,0.0755105509826677,0.0,0.0,0.0755105509826677,0.0,0.0,2,1,0,0,1,0,0,Very Low,7.265316529480032,murder_risk
ashuganj,saturday,morning,24.0366,91.005,0.09914295033608692,0.09914295033608692,0.0,0.0,0.0,0.0,0.0,1,1,0,0,0,0,0,Very Low,6.487144255041303,murder_risk
ashuganj,saturday,night,24.0366,91.005,0.11949232593343118,0.0,0.0,0.11949232593343118,0.0,0.0,0.0,1,0,0,1,0,0,0,Very Low,6.792384889001468,kidnap_risk
ashuganj,sunday,afternoon,24.0366,91.005,0.1516766041518479,0.0,0.0,0.0,0.1516766041518479,0.0,0.0,2,0,0,0,2,0,0,Very Low,7.275149062277718,bodyfound_risk
ashuganj,thursday,night,24.036600000000004,91.005,0.18683404932396594,0.0,0.0,0.0,0.06227801644132198,0.12455603288264396,0.0,3,0,0,0,1,2,0,Very Low,7.802510739859489,robbery_risk
ashuganj,wednesday,night,24.0366,91.005,0.14445357285347166,0.0,0.07222678642673583,0.0,0.0,0.07222678642673583,0.0,2,0,1,0,0,1,0,Very Low,7.166803592802075,rape_risk
ashulia,friday,evening,23.913894,90.320686,0.12970313752494278,0.12970313752494278,0.0,0.0,0.0,0.0,0.0,1,1,0,0,0,0,0,Very Low,6.945547062874142,murder_risk
ashulia,friday,night,23.913894,90.320686,0.15963203648710844,0.07981601824355422,0.0,0.0,0.0,0.0,0.07981601824355422,2,1,0,0,0,0,1,Very Low,7.394480547306626,murder_risk
ashulia,monday,morning,23.913894,90.320686,0.134467936882035,0.134467936882035,0.0,0.0,0.0,0.0,0.0,1,1,0,0,0,0,0,Very Low,7.017019053230525,murder_risk
ashulia,monday,night,23.913894,90.32068599999998,0.18222937824156593,0.06074312608052197,0.06074312608052197,0.0,0.06074312608052197,0.0,0.0,3,1,1,0,1,0,0,Very Low,7.733440673623489,murder_risk
ashulia,saturday,evening,23.913894,90.320686,0.357496567325973,0.1787482836629865,0.1787482836629865,0.0,0.0,0.0,0.0,4,2,2,0,0,0,0,Moderate,10.362448509889596,murder_risk
ashulia,saturday,morning,23.913894,90.320686,0.13296908083774606,0.13296908083774606,0.0,0.0,0.0,0.0,0.0,1,1,0,0,0,0,0,Very Low,6.9945362125661905,murder_risk
ashulia,saturday,night,23.913894,90.320686,0.13380563273421453,0.0,0.13380563273421453,0.0,0.0,0.0,0.0,1,0,1,0,0,0,0,Very Low,7.007084491013218,rape_risk
ashulia,sunday,evening,23.913894,90.320686,0.12395382882270842,0.0,0.0,0.0,0.0,0.12395382882270842,0.0,1,0,0,0,0,1,0,Very Low,6.859307432340627,robbery_risk
ashulia,sunday,morning,23.913894,90.32068599999998,0.18006419924695496,0.12004279949796998,0.0,0.0,0.0,0.0,0.06002139974898499,3,2,0,0,0,0,1,Very Low,7.700962988704324,murder_risk
ashulia,sunday,night,23.913894,90.320686,0.22170384754862946,0.22170384754862946,0.0,0.0,0.0,0.0,0.0,4,4,0,0,0,0,0,Low,8.325557713229442,murder_risk
ashulia,sunday,noon,23.913894,90.320686,0.29211542198289137,0.0,0.0,0.29211542198289137,0.0,0.0,0.0,1,0,0,1,0,0,0,Low,9.38173132974337,kidnap_risk
ashulia,thursday,morning,23.913894,90.320686,0.12384641524774351,0.0,0.12384641524774351,0.0,0.0,0.0,0.0,1,0,1,0,0,0,0,Very Low,6.8576962287161525,rape_risk
ashulia,thursday,night,23.913894,90.320686,0.1937697152159974,0.0,0.0968848576079987,0.0,0.0,0.04844242880399935,0.04844242880399935,4,0,2,0,0,1,1,Very Low,7.906545728239961,rape_risk
ashulia,tuesday,morning,23.913894,90.320686,0.13374073364986455,0.0,0.0,0.0,0.13374073364986455,0.0,0.0,1,0,0,0,1,0,0,Very Low,7.006111004747968,bodyfound_risk
ashulia,tuesday,night,23.913894,90.320686,0.15221305877438046,0.0,0.07610652938719023,0.0,0.0,0.0,0.07610652938719023,2,0,1,0,0,0,1,Very Low,7.283195881615707,rape_risk
ashulia,tuesday,noon,23.913894,90.320686,0.12918335492870994,0.0,0.0,0.0,0.0,0.12918335492870994,0.0,1,0,0,0,0,1,0,Very Low,6.937750323930649,robbery_risk
ashulia,wednesday,morning,23.913894,90.320686,0.15380024379759005,0.0,0.0,0.0,0.15380024379759005,0.0,0.0,2,0,0,0,2,0,0,Very Low,7.30700365696385,bodyfound_risk
ashulia,wednesday,night,23.913894,90.320686,0.14254194102732148,0.0,0.0,0.0,0.0,0.14254194102732148,0.0,1,0,0,0,0,1,0,Very Low,7.138129115409822,robbery_risk
assasuni,friday,night,22.55,89.1681,0.3405341125995039,0.08513352814987597,0.25540058444962793,0.0,0.0,0.0,0.0,4,1,3,0,0,0,0,Low,10.108011688992558,rape_risk
assasuni,sunday,evening,22.55,89.1681,0.14610826514784286,0.14610826514784286,0.0,0.0,0.0,0.0,0.0,1,1,0,0,0,0,0,Very Low,7.191623977217644,murder_risk
assasuni,thursday,night,22.55,89.1681,0.1638107289518202,0.0,0.1638107289518202,0.0,0.0,0.0,0.0,1,0,1,0,0,0,0,Very Low,7.457160934277303,rape_risk
assasuni,wednesday,night,22.55,89.1681,0.15609111796860142,0.0,0.15609111796860142,0.0,0.0,0.0,0.0,1,0,1,0,0,0,0,Very Low,7.341366769529021,rape_risk
atghoria,friday,night,24.1333,89.25,0.17503632575811884,0.17503632575811884,0.0,0.0,0.0,0.0,0.0,2,2,0,0,0,0,0,Very Low,7.625544886371783,murder_risk
atghoria,monday,night,24.1333,89.25,0.09872527241166416,0.0,0.0,0.0,0.0,0.0,0.09872527241166416,1,0,0,0,0,0,1,Very Low,6.480879086174962,assault_risk
atghoria,saturday,morning,24.1333,89.25,0.13038637734505043,0.0,0.13038637734505043,0.0,0.0,0.0,0.0,1,0,1,0,0,0,0,Very Low,6.955795660175756,rape_risk
atghoria,saturday,night,24.1333,89.25,0.12463604360744325,0.12463604360744325,0.0,0.0,0.0,0.0,0.0,1,1,0,0,0,0,0,Very Low,6.869540654111649,murder_risk
atghoria,sunday,night,24.1333,89.25,0.12651138475414586,0.12651138475414586,0.0,0.0,0.0,0.0,0.0,1,1,0,0,0,0,0,Very Low,6.897670771312188,murder_risk
atghoria,thursday,noon,24.1333,89.25,0.12000569153028103,0.0,0.0,0.0,0.12000569153028103,0.0,0.0,1,0,0,0,1,0,0,Very Low,6.800085372954215,bodyfound_risk
atghoria,tuesday,night,24.1333,89.25,0.09692694069997512,0.09692694069997512,0.0,0.0,0.0,0.0,0.0,1,1,0,0,0,0,0,Very Low,6.453904110499627,murder_risk
atghoria,wednesday,morning,24.1333,89.25,0.13907627032033035,0.0,0.0,0.0,0.13907627032033035,0.0,0.0,1,0,0,0,1,0,0,Very Low,7.086144054804955,bodyfound_risk
atpara,thursday,night,24.8083,90.8667,0.39634834970818916,0.39634834970818916,0.0,0.0,0.0,0.0,0.0,1,1,0,0,0,0,0,Moderate,10.945225245622836,murder_risk
atrai,tuesday,morning,24.61333,88.97,0.3121830436039839,0.0,0.0,0.0,0.3121830436039839,0.0,0.0,2,0,0,0,2,0,0,Low,9.682745654059758,bodyfound_risk
atrai,wednesday,night,24.61333,88.97,0.1961227154765537,0.1961227154765537,0.0,0.0,0.0,0.0,0.0,1,1,0,0,0,0,0,Very Low,7.9418407321483055,murder_risk
atwari,friday,evening,26.3083,88.4583,0.14912538783927348,0.14912538783927348,0.0,0.0,0.0,0.0,0.0,1,1,0,0,0,0,0,Very Low,7.236880817589102,murder_risk
atwari,friday,night,26.3083,88.4583,0.18743826322378143,0.0,0.0,0.0,0.0,0.09371913161189072,0.09371913161189072,2,0,0,0,0,1,1,Very Low,7.811573948356721,robbery_risk
atwari,monday,evening,26.3083,88.4583,0.14445082277596444,0.0,0.14445082277596444,0.0,0.0,0.0,0.0,1,0,1,0,0,0,0,Very Low,7.166762341639466,rape_risk
atwari,monday,night,26.3083,88.4583,0.14032668562191256,0.0,0.0,0.0,0.14032668562191256,0.0,0.0,1,0,0,0,1,0,0,Very Low,7.104900284328688,bodyfound_risk
atwari,saturday,morning,26.3083,88.4583,0.13659580058454485,0.0,0.0,0.0,0.13659580058454485,0.0,0.0,1,0,0,0,1,0,0,Very Low,7.048937008768172,bodyfound_risk
atwari,thursday,evening,26.3083,88.4583,0.13918374083009638,0.0,0.0,0.0,0.13918374083009638,0.0,0.0,1,0,0,0,1,0,0,Very Low,7.087756112451446,bodyfound_risk
austagram,saturday,morning,24.2667,91.125,0.20683204419971438,0.20683204419971438,0.0,0.0,0.0,0.0,0.0,1,1,0,0,0,0,0,Low,8.102480662995715,murder_risk
austagram,saturday,night,24.2667,91.125,0.1902583923118868,0.1902583923118868,0.0,0.0,0.0,0.0,0.0,1,1,0,0,0,0,0,Very Low,7.853875884678302,murder_risk
austagram,wednesday,morning,24.2667,91.125,0.20683299953882067,0.20683299953882067,0.0,0.0,0.0,0.0,0.0,1,1,0,0,0,0,0,Low,8.10249499308231,murder_risk
azampur,sunday,morning,23.868316,90.40038,0.5822914241623661,0.0,0.0,0.0,0.5822914241623661,0.0,0.0,1,0,0,0,1,0,0,High,13.734371362435493,bodyfound_risk
azimpur,friday,afternoon,23.728611,90.385391,0.5868275875841213,0.0,0.0,0.0,0.0,0.0,0.5868275875841213,1,0,0,0,0,0,1,High,13.80241381376182,assault_risk
babubazar bridge,monday,noon,23.6073285,90.613006,0.5692942047681551,0.0,0.0,0.0,0.0,0.0,0.5692942047681551,1,0,0,0,0,0,1,High,13.539413071522326,assault_risk
babuganj,friday,morning,22.8319,90.3222,0.20052896330374337,0.0,0.0,0.20052896330374337,0.0,0.0,0.0,1,0,0,1,0,0,0,Low,8.007934449556151,kidnap_risk
babuganj,thursday,night,22.8319,90.3222,0.20655324604672035,0.20655324604672035,0.0,0.0,0.0,0.0,0.0,1,1,0,0,0,0,0,Low,8.098298690700805,murder_risk
babuganj,wednesday,morning,22.8319,90.3222,0.21137632625139063,0.0,0.0,0.0,0.21137632625139063,0.0,0.0,1,0,0,0,1,0,0,Low,8.17064489377086,bodyfound_risk
badalgachi,saturday,evening,24.96667,88.9,0.2471141606711909,0.0,0.0,0.0,0.0,0.0,0.2471141606711909,1,0,0,0,0,0,1,Low,8.706712410067864,assault_risk
badalgachi,thursday,morning,24.96667,88.9,0.2516424502518066,0.0,0.0,0.0,0.2516424502518066,0.0,0.0,1,0,0,0,1,0,0,Low,8.774636753777099,bodyfound_risk
badamtoli ghat,monday,afternoon,23.728907,90.417137,0.5744027259693585,0.0,0.0,0.0,0.5744027259693585,0.0,0.0,1,0,0,0,1,0,0,High,13.616040889540377,bodyfound_risk
badargonj,friday,afternoon,25.66667,89.05,0.13563042510859352,0.0,0.13563042510859352,0.0,0.0,0.0,0.0,1,0,1,0,0,0,0,Very Low,7.034456376628903,rape_risk
badargonj,monday,evening,25.66667,89.05,0.134981896906125,0.134981896906125,0.0,0.0,0.0,0.0,0.0,1,1,0,0,0,0,0,Very Low,7.024728453591875,murder_risk
badargonj,monday,night,25.66667,89.05,0.12128242752246846,0.0,0.0,0.0,0.0,0.0,0.12128242752246846,1,0,0,0,0,0,1,Very Low,6.819236412837027,assault_risk
badargonj,sunday,night,25.66667,89.05,0.13306912888871186,0.0,0.0,0.0,0.0,0.13306912888871186,0.0,1,0,0,0,0,1,0,Very Low,6.996036933330678,robbery_risk
badargonj,thursday,night,25.66667,89.05,0.13017203129154153,0.0,0.13017203129154153,0.0,0.0,0.0,0.0,1,0,1,0,0,0,0,Very Low,6.952580469373123,rape_risk
badargonj,tuesday,morning,25.66667,89.05,0.12969030069493917,0.0,0.0,0.0,0.12969030069493917,0.0,0.0,1,0,0,0,1,0,0,Very Low,6.945354510424087,bodyfound_risk
badargonj,tuesday,night,25.66667,89.05,0.13593705083997915,0.13593705083997915,0.0,0.0,0.0,0.0,0.0,1,1,0,0,0,0,0,Very Low,7.039055762599688,murder_risk
badargonj,wednesday,night,25.66667,89.05,0.18729729971963938,0.09364864985981969,0.09364864985981969,0.0,0.0,0.0,0.0,2,1,1,0,0,0,0,Very Low,7.809459495794591,murder_risk
badda,friday,afternoon,23.793708,90.453284,0.2800041307848229,0.0,0.0,0.0,0.2800041307848229,0.0,0.0,1,0,0,0,1,0,0,Low,9.200061961772343,bodyfound_risk
badda,friday,morning,23.793708,90.453284,0.288380000013447,0.0,0.0,0.0,0.288380000013447,0.0,0.0,1,0,0,0,1,0,0,Low,9.325700000201705,bodyfound_risk
badda,friday,night,23.793708,90.453284,0.2830149996829731,0.0,0.0,0.0,0.2830149996829731,0.0,0.0,1,0,0,0,1,0,0,Low,9.245224995244596,bodyfound_risk
badda,monday,afternoon,23.793708,90.453284,0.29765265767085547,0.0,0.0,0.0,0.0,0.29765265767085547,0.0,1,0,0,0,0,1,0,Low,9.464789865062832,robbery_risk
badda,monday,evening,23.793708,90.453284,0.36866456162748457,0.18433228081374228,0.18433228081374228,0.0,0.0,0.0,0.0,4,2,2,0,0,0,0,Moderate,10.529968424412267,murder_risk
badda,monday,morning,23.793708,90.453284,0.2886337344658447,0.0,0.0,0.0,0.2886337344658447,0.0,0.0,1,0,0,0,1,0,0,Low,9.329506016987672,bodyfound_risk
badda,monday,night,23.793708,90.453284,0.2918280695044549,0.2918280695044549,0.0,0.0,0.0,0.0,0.0,1,1,0,0,0,0,0,Low,9.377421042566823,murder_risk
badda,monday,noon,23.793708,90.453284,0.2922867619606447,0.0,0.0,0.0,0.0,0.0,0.2922867619606447,1,0,0,0,0,0,1,Low,9.384301429409671,assault_risk
badda,saturday,morning,23.793708,90.453284,0.28710746264007025,0.0,0.0,0.0,0.28710746264007025,0.0,0.0,1,0,0,0,1,0,0,Low,9.306611939601055,bodyfound_risk
badda,saturday,night,23.793708,90.453284,0.3629227211391346,0.1814613605695673,0.09073068028478365,0.0,0.09073068028478365,0.0,0.0,4,2,1,0,1,0,0,Moderate,10.443840817087018,murder_risk
badda,sunday,afternoon,23.793708,90.453284,0.2924253050921116,0.2924253050921116,0.0,0.0,0.0,0.0,0.0,1,1,0,0,0,0,0,Low,9.386379576381675,murder_risk
badda,sunday,evening,23.793708,90.453284,0.2850348829493481,0.0,0.2850348829493481,0.0,0.0,0.0,0.0,1,0,1,0,0,0,0,Low,9.275523244240222,rape_risk
badda,sunday,night,23.793708,90.453284,0.31538854431905966,0.0,0.0,0.0,0.0,0.15769427215952983,0.15769427215952983,2,0,0,0,0,1,1,Low,9.730828164785894,robbery_risk
badda,sunday,noon,23.793708,90.453284,0.2855262549641261,0.2855262549641261,0.0,0.0,0.0,0.0,0.0,1,1,0,0,0,0,0,Low,9.28289382446189,murder_risk
badda,thursday,afternoon,23.793708,90.453284,0.2820182657174336,0.0,0.0,0.0,0.2820182657174336,0.0,0.0,1,0,0,0,1,0,0,Low,9.230273985761503,bodyfound_risk
badda,thursday,morning,23.793708,90.453284,0.315391532473434,0.0,0.157695766236717,0.0,0.157695766236717,0.0,0.0,2,0,1,0,1,0,0,Low,9.73087298710151,rape_risk
badda,thursday,night,23.793708,90.453284,0.31659434570201495,0.31659434570201495,0.0,0.0,0.0,0.0,0.0,2,2,0,0,0,0,0,Low,9.748915185530224,murder_risk
badda,tuesday,afternoon,23.793708,90.453284,0.29800498976411505,0.0,0.0,0.0,0.0,0.29800498976411505,0.0,1,0,0,0,0,1,0,Low,9.470074846461726,robbery_risk
badda,tuesday,night,23.793708,90.453284,0.3605311602559503,0.09013279006398757,0.18026558012797514,0.0,0.0,0.09013279006398757,0.0,4,1,2,0,0,1,0,Moderate,10.407967403839255,rape_risk
badda,wednesday,morning,23.793708,90.453284,0.29084394976248246,0.0,0.0,0.0,0.29084394976248246,0.0,0.0,1,0,0,0,1,0,0,Low,9.362659246437236,bodyfound_risk
badda,wednesday,night,23.793708,90.453284,0.28381993690647506,0.0,0.0,0.0,0.0,0.28381993690647506,0.0,1,0,0,0,0,1,0,Low,9.257299053597126,robbery_risk
bagatipara,saturday,morning,24.33,88.945,0.24232779075092126,0.0,0.0,0.0,0.24232779075092126,0.0,0.0,1,0,0,0,1,0,0,Low,8.634916861263818,bodyfound_risk
bagatipara,sunday,noon,24.33,88.945,0.23921032058152847,0.0,0.0,0.0,0.0,0.0,0.23921032058152847,1,0,0,0,0,0,1,Low,8.588154808722926,assault_risk
bagerhat sadar,friday,night,22.66667,89.8,0.09743417014137876,0.09743417014137876,0.0,0.0,0.0,0.0,0.0,1,1,0,0,0,0,0,Very Low,6.4615125521206815,murder_risk
bagerhat sadar,monday,night,22.66667,89.8,0.11913176089245064,0.0,0.11913176089245064,0.0,0.0,0.0,0.0,1,0,1,0,0,0,0,Very Low,6.78697641338676,rape_risk
bagerhat sadar,monday,noon,22.66667,89.8,0.1305282640073086,0.1305282640073086,0.0,0.0,0.0,0.0,0.0,1,1,0,0,0,0,0,Very Low,6.957923960109629,murder_risk
bagerhat sadar,saturday,night,22.66667,89.8,0.12036991822033262,0.0,0.12036991822033262,0.0,0.0,0.0,0.0,1,0,1,0,0,0,0,Very Low,6.80554877330499,rape_risk
bagerhat sadar,sunday,afternoon,22.66667,89.8,0.14243610500857123,0.14243610500857123,0.0,0.0,0.0,0.0,0.0,1,1,0,0,0,0,0,Very Low,7.136541575128568,murder_risk
bagerhat sadar,sunday,night,22.66667,89.8,0.1717171086189959,0.1717171086189959,0.0,0.0,0.0,0.0,0.0,2,2,0,0,0,0,0,Very Low,7.575756629284939,murder_risk
bagerhat sadar,thursday,morning,22.66667,89.8,0.16447444294989727,0.0,0.08223722147494864,0.0,0.08223722147494864,0.0,0.0,2,0,1,0,1,0,0,Very Low,7.467116644248459,rape_risk
bagerhat sadar,thursday,night,22.66667,89.8,0.13168626974152595,0.13168626974152595,0.0,0.0,0.0,0.0,0.0,1,1,0,0,0,0,0,Very Low,6.975294046122889,murder_risk
bagerhat sadar,tuesday,night,22.66667,89.8,0.12138660133125373,0.0,0.0,0.0,0.0,0.0,0.12138660133125373,1,0,0,0,0,0,1,Very Low,6.820799019968806,assault_risk
bagerhat sadar,wednesday,morning,22.66667,89.8,0.1379477415086961,0.0,0.0,0.0,0.1379477415086961,0.0,0.0,1,0,0,0,1,0,0,Very Low,7.069216122630442,bodyfound_risk
bagerhat sadar,wednesday,night,22.66667,89.8,0.1316573440635112,0.0,0.1316573440635112,0.0,0.0,0.0,0.0,1,0,1,0,0,0,0,Very Low,6.974860160952668,rape_risk
bagha,monday,morning,24.1917,88.8333,0.19336994613683803,0.0,0.0,0.0,0.0,0.0,0.19336994613683803,1,0,0,0,0,0,1,Very Low,7.900549192052571,assault_risk
bagha,monday,night,24.1917,88.8333,0.18898182762897534,0.0,0.0,0.0,0.0,0.0,0.18898182762897534,1,0,0,0,0,0,1,Very Low,7.83472741443463,assault_risk
bagha,wednesday,morning,24.1917,88.8333,0.19477612417410783,0.0,0.0,0.0,0.19477612417410783,0.0,0.0,1,0,0,0,1,0,0,Very Low,7.921641862611617,bodyfound_risk
baghaichari,friday,night,22.63996,92.191949,0.12798625413506523,0.12798625413506523,0.0,0.0,0.0,0.0,0.0,1,1,0,0,0,0,0,Very Low,6.919793812025978,murder_risk
baghaichari,monday,morning,22.63996,92.191949,0.18504230744133693,0.09252115372066846,0.0,0.09252115372066846,0.0,0.0,0.0,2,1,0,1,0,0,0,Very Low,7.775634611620054,murder_risk
baghaichari,saturday,night,22.63996,92.191949,0.13435965228801855,0.13435965228801855,0.0,0.0,0.0,0.0,0.0,1,1,0,0,0,0,0,Very Low,7.015394784320279,murder_risk
baghaichari,thursday,afternoon,22.63996,92.191949,0.13989398101228237,0.13989398101228237,0.0,0.0,0.0,0.0,0.0,1,1,0,0,0,0,0,Very Low,7.098409715184236,murder_risk
baghaichari,thursday,night,22.63996,92.191949,0.1395522270178301,0.1395522270178301,0.0,0.0,0.0,0.0,0.0,1,1,0,0,0,0,0,Very Low,7.093283405267451,murder_risk
baghaichari,wednesday,morning,22.63996,92.191949,0.10848298767998159,0.0,0.0,0.10848298767998159,0.0,0.0,0.0,1,0,0,1,0,0,0,Very Low,6.627244815199724,kidnap_risk
bagherpara,saturday,night,23.2167,89.35,0.16306762251047113,0.16306762251047113,0.0,0.0,0.0,0.0,0.0,1,1,0,0,0,0,0,Very Low,7.446014337657067,murder_risk
bagherpara,sunday,afternoon,23.2167,89.35,0.143864837275273,0.0,0.0,0.0,0.0,0.0,0.143864837275273,1,0,0,0,0,0,1,Very Low,7.157972559129095,assault_risk
bagherpara,sunday,night,23.2167,89.35,0.16996198037346325,0.16996198037346325,0.0,0.0,0.0,0.0,0.0,1,1,0,0,0,0,0,Very Low,7.549429705601948,murder_risk
bagherpara,thursday,morning,23.2167,89.35,0.20452457154466064,0.0,0.0,0.0,0.20452457154466064,0.0,0.0,2,0,0,0,2,0,0,Low,8.06786857316991,bodyfound_risk
bagherpara,tuesday,night,23.2167,89.35,0.13641988362674276,0.13641988362674276,0.0,0.0,0.0,0.0,0.0,1,1,0,0,0,0,0,Very Low,7.046298254401141,murder_risk
bagmara,monday,night,24.5639,88.8083,0.26544429415965703,0.0,0.26544429415965703,0.0,0.0,0.0,0.0,4,0,4,0,0,0,0,Low,8.981664412394856,rape_risk
bagmara,monday,noon,24.5639,88.8083,0.13986966375522658,0.0,0.0,0.0,0.13986966375522658,0.0,0.0,1,0,0,0,1,0,0,Very Low,7.0980449563283985,bodyfound_risk
bagmara,saturday,night,24.5639,88.8083,0.15089285726576301,0.15089285726576301,0.0,0.0,0.0,0.0,0.0,1,1,0,0,0,0,0,Very Low,7.263392858986445,murder_risk
bagmara,saturday,noon,24.5639,88.8083,0.14541135350792217,0.14541135350792217,0.0,0.0,0.0,0.0,0.0,1,1,0,0,0,0,0,Very Low,7.181170302618833,murder_risk
bagmara,sunday,morning,24.5639,88.8083,0.15878854853841998,0.0,0.0,0.15878854853841998,0.0,0.0,0.0,2,0,0,2,0,0,0,Very Low,7.3818282280763,kidnap_risk
bagmara,sunday,night,24.5639,88.8083,0.1426494522189533,0.0,0.1426494522189533,0.0,0.0,0.0,0.0,1,0,1,0,0,0,0,Very Low,7.1397417832842995,rape_risk
bagmara,thursday,night,24.5639,88.8083,0.18399382550507493,0.09199691275253746,0.09199691275253746,0.0,0.0,0.0,0.0,2,1,1,0,0,0,0,Very Low,7.759907382576124,murder_risk
bagmara,wednesday,noon,24.5639,88.8083,0.161575534986128,0.161575534986128,0.0,0.0,0.0,0.0,0.0,1,1,0,0,0,0,0,Very Low,7.42363302479192,murder_risk
bahaddarhat,wednesday,noon,22.3693625,91.843101,0.4542260959813324,0.0,0.0,0.0,0.0,0.0,0.4542260959813324,1,0,0,0,0,0,1,Moderate,11.813391439719986,assault_risk
bahubal,friday,morning,24.3556,91.5417,0.1409662133042513,0.1409662133042513,0.0,0.0,0.0,0.0,0.0,1,1,0,0,0,0,0,Very Low,7.1144931995637695,murder_risk
bahubal,monday,evening,24.3556,91.5417,0.11403042532837712,0.0,0.11403042532837712,0.0,0.0,0.0,0.0,1,0,1,0,0,0,0,Very Low,6.710456379925657,rape_risk
bahubal,sunday,night,24.3556,91.5417,0.13049064638840407,0.13049064638840407,0.0,0.0,0.0,0.0,0.0,1,1,0,0,0,0,0,Very Low,6.957359695826061,murder_risk
bahubal,thursday,night,24.3556,91.5417,0.13412163019894585,0.0,0.13412163019894585,0.0,0.0,0.0,0.0,1,0,1,0,0,0,0,Very Low,7.011824452984188,rape_risk
bahubal,tuesday,morning,24.3556,91.5417,0.13091303131405982,0.0,0.0,0.0,0.13091303131405982,0.0,0.0,1,0,0,0,1,0,0,Very Low,6.963695469710897,bodyfound_risk
bahubal,tuesday,noon,24.3556,91.5417,0.13743543288281423,0.13743543288281423,0.0,0.0,0.0,0.0,0.0,1,1,0,0,0,0,0,Very Low,7.061531493242214,murder_risk
bahubal,wednesday,morning,24.3556,91.5417,0.1269693427348481,0.0,0.0,0.0,0.0,0.1269693427348481,0.0,1,0,0,0,0,1,0,Very Low,6.904540141022721,robbery_risk
bailey road,tuesday,morning,23.741915,90.40912,0.5753548698332299,0.0,0.0,0.0,0.5753548698332299,0.0,0.0,1,0,0,0,1,0,0,High,13.630323047498448,bodyfound_risk
baitul mukarram,friday,noon,23.729802,90.4126245,0.5758414640741586,0.0,0.0,0.0,0.0,0.0,0.5758414640741586,1,0,0,0,0,0,1,High,13.637621961112378,assault_risk
bajitpur,tuesday,night,24.2167,90.9583,0.2444439067761433,0.2444439067761433,0.0,0.0,0.0,0.0,0.0,1,1,0,0,0,0,0,Low,8.66665860164215,murder_risk
bajitpur,wednesday,morning,24.2167,90.9583,0.26217775750400363,0.26217775750400363,0.0,0.0,0.0,0.0,0.0,1,1,0,0,0,0,0,Low,8.932666362560054,murder_risk
bakerganj,friday,night,22.55,90.3389,0.1526409108806887,0.1526409108806887,0.0,0.0,0.0,0.0,0.0,1,1,0,0,0,0,0,Very Low,7.28961366321033,murder_risk
bakerganj,monday,morning,22.55,90.3389,0.1557748848719579,0.0,0.0,0.0,0.0,0.1557748848719579,0.0,1,0,0,0,0,1,0,Very Low,7.336623273079368,robbery_risk
bakerganj,saturday,night,22.55,90.3389,0.14793744365534306,0.14793744365534306,0.0,0.0,0.0,0.0,0.0,1,1,0,0,0,0,0,Very Low,7.219061654830146,murder_risk
bakerganj,sunday,morning,22.55,90.3389,0.15089616294792968,0.15089616294792968,0.0,0.0,0.0,0.0,0.0,1,1,0,0,0,0,0,Very Low,7.263442444218946,murder_risk
bakerganj,thursday,morning,22.55,90.3389,0.20801646214292024,0.0,0.10400823107146012,0.0,0.10400823107146012,0.0,0.0,2,0,1,0,1,0,0,Low,8.120246932143804,rape_risk
bakerganj,wednesday,night,22.55,90.3389,0.17164859666204474,0.17164859666204474,0.0,0.0,0.0,0.0,0.0,1,1,0,0,0,0,0,Very Low,7.574728949930671,murder_risk
balaganj,thursday,morning,24.6667,91.8333,0.24257689023939616,0.0,0.0,0.0,0.24257689023939616,0.0,0.0,1,0,0,0,1,0,0,Low,8.638653353590943,bodyfound_risk
balaganj,wednesday,morning,24.6667,91.8333,0.2484627330827623,0.0,0.0,0.0,0.2484627330827623,0.0,0.0,1,0,0,0,1,0,0,Low,8.726940996241435,bodyfound_risk
baliadangi,friday,morning,26.1,88.275,0.15251022289245594,0.0,0.15251022289245594,0.0,0.0,0.0,0.0,1,0,1,0,0,0,0,Very Low,7.28765334338684,rape_risk
baliadangi,saturday,afternoon,26.1,88.275,0.1385064137502176,0.0,0.0,0.0,0.0,0.0,0.1385064137502176,1,0,0,0,0,0,1,Very Low,7.077596206253264,assault_risk
baliadangi,saturday,night,26.1,88.275,0.14932656188177584,0.0,0.14932656188177584,0.0,0.0,0.0,0.0,1,0,1,0,0,0,0,Very Low,7.239898428226637,rape_risk
baliadangi,thursday,noon,26.1,88.275,0.14448653108067439,0.0,0.14448653108067439,0.0,0.0,0.0,0.0,1,0,1,0,0,0,0,Very Low,7.167297966210116,rape_risk
baliadangi,wednesday,morning,26.1,88.275,0.15725584735531875,0.0,0.0,0.0,0.15725584735531875,0.0,0.0,1,0,0,0,1,0,0,Very Low,7.358837710329781,bodyfound_risk
baliadangi,wednesday,noon,26.1,88.275,0.1423910315409146,0.0,0.0,0.0,0.1423910315409146,0.0,0.0,1,0,0,0,1,0,0,Very Low,7.135865473113719,bodyfound_risk
baliakandi,monday,afternoon,23.635,89.55,0.14912420717068697,0.14912420717068697,0.0,0.0,0.0,0.0,0.0,1,1,0,0,0,0,0,Very Low,7.236863107560305,murder_risk
baliakandi,monday,night,23.635,89.55,0.13434587627358843,0.0,0.0,0.0,0.13434587627358843,0.0,0.0,1,0,0,0,1,0,0,Very Low,7.015188144103826,bodyfound_risk
baliakandi,saturday,morning,23.635,89.55,0.1320862972939133,0.0,0.0,0.0,0.1320862972939133,0.0,0.0,1,0,0,0,1,0,0,Very Low,6.9812944594087,bodyfound_risk
baliakandi,sunday,night,23.635,89.55,0.12178708857783697,0.0,0.0,0.0,0.0,0.12178708857783697,0.0,1,0,0,0,0,1,0,Very Low,6.826806328667555,robbery_risk
baliakandi,tuesday,night,23.635,89.55,0.21230108014351662,0.0,0.07076702671450553,0.0,0.0,0.0,0.14153405342901107,3,0,1,0,0,0,2,Low,8.18451620215275,assault_risk
baliakandi,wednesday,morning,23.635,89.55,0.1380352194043751,0.0,0.1380352194043751,0.0,0.0,0.0,0.0,1,0,1,0,0,0,0,Very Low,7.070528291065626,rape_risk
baliakandi,wednesday,noon,23.635,89.55,0.14097467369463243,0.0,0.0,0.0,0.0,0.0,0.14097467369463243,1,0,0,0,0,0,1,Very Low,7.114620105419487,assault_risk
banani,friday,morning,23.79259,90.407646,0.301121054597795,0.0,0.0,0.0,0.301121054597795,0.0,0.0,1,0,0,0,1,0,0,Low,9.516815818966926,bodyfound_risk
banani,friday,night,23.79259,90.407646,0.33937117631101543,0.0,0.0,0.16968558815550772,0.0,0.0,0.16968558815550772,2,0,0,1,0,0,1,Low,10.090567644665231,kidnap_risk
banani,monday,evening,23.79259,90.407646,0.29415839469875554,0.0,0.0,0.0,0.0,0.0,0.29415839469875554,1,0,0,0,0,0,1,Low,9.412375920481333,assault_risk
banani,monday,night,23.79259,90.407646,0.3161744062880636,0.0,0.0,0.3161744062880636,0.0,0.0,0.0,1,0,0,1,0,0,0,Low,9.742616094320955,kidnap_risk
banani,saturday,night,23.79259,90.407646,0.33449683131489166,0.0,0.16724841565744583,0.16724841565744583,0.0,0.0,0.0,2,0,1,1,0,0,0,Low,10.017452469723375,rape_risk
banani,sunday,evening,23.79259,90.407646,0.3007646189539393,0.0,0.0,0.0,0.3007646189539393,0.0,0.0,1,0,0,0,1,0,0,Low,9.51146928430909,bodyfound_risk
banani,thursday,night,23.79259,90.407646,0.3386991488818598,0.0,0.1693495744409299,0.1693495744409299,0.0,0.0,0.0,2,0,1,1,0,0,0,Low,10.080487233227897,rape_risk
banani,tuesday,night,23.79259,90.407646,0.34142915339940083,0.0,0.34142915339940083,0.0,0.0,0.0,0.0,2,0,2,0,0,0,0,Low,10.121437300991012,rape_risk
banani,tuesday,noon,23.79259,90.407646,0.2960419551284026,0.0,0.0,0.0,0.2960419551284026,0.0,0.0,1,0,0,0,1,0,0,Low,9.44062932692604,bodyfound_risk
banaripara,saturday,morning,22.7819,90.1667,0.1792637571347795,0.1792637571347795,0.0,0.0,0.0,0.0,0.0,1,1,0,0,0,0,0,Very Low,7.688956357021692,murder_risk
banaripara,saturday,night,22.7819,90.1667,0.2742240092096276,0.0,0.2742240092096276,0.0,0.0,0.0,0.0,2,0,2,0,0,0,0,Low,9.113360138144413,rape_risk
banaripara,thursday,morning,22.7819,90.1667,0.18053695342011922,0.0,0.0,0.0,0.18053695342011922,0.0,0.0,1,0,0,0,1,0,0,Very Low,7.708054301301788,bodyfound_risk
banasree,friday,morning,23.765913,90.426541,0.297304206258037,0.0,0.0,0.0,0.297304206258037,0.0,0.0,1,0,0,0,1,0,0,Low,9.459563093870555,bodyfound_risk
banasree,friday,night,23.765913,90.426541,0.3201909514210616,0.0,0.0,0.0,0.3201909514210616,0.0,0.0,1,0,0,0,1,0,0,Low,9.802864271315924,bodyfound_risk
banasree,monday,noon,23.765913,90.426541,0.3186929419721407,0.0,0.0,0.0,0.0,0.3186929419721407,0.0,1,0,0,0,0,1,0,Low,9.78039412958211,robbery_risk
banasree,saturday,night,23.765913,90.426541,0.31408257183786015,0.0,0.0,0.0,0.31408257183786015,0.0,0.0,1,0,0,0,1,0,0,Low,9.711238577567903,bodyfound_risk
banasree,sunday,night,23.765913,90.426541,0.43366112628041664,0.14455370876013887,0.0,0.0,0.14455370876013887,0.14455370876013887,0.0,3,1,0,0,1,1,0,Moderate,11.50491689420625,murder_risk
bancharampur,tuesday,night,23.7778,90.8083,0.2507062699816866,0.0,0.2507062699816866,0.0,0.0,0.0,0.0,1,0,1,0,0,0,0,Low,8.760594049725299,rape_risk
bancharampur,wednesday,night,23.7778,90.8083,0.2586468465063279,0.0,0.0,0.0,0.0,0.0,0.2586468465063279,1,0,0,0,0,0,1,Low,8.879702697594919,assault_risk
bandar,friday,evening,23.6167,90.525,0.11636987794333423,0.0,0.0,0.11636987794333423,0.0,0.0,0.0,1,0,0,1,0,0,0,Very Low,6.745548169150013,kidnap_risk
bandar,friday,night,23.6167,90.525,0.11829121433419117,0.0,0.11829121433419117,0.0,0.0,0.0,0.0,1,0,1,0,0,0,0,Very Low,6.774368215012867,rape_risk
bandar,friday,noon,23.6167,90.525,0.333604229092054,0.0,0.0,0.0,0.333604229092054,0.0,0.0,2,0,0,0,2,0,0,Low,10.004063436380811,bodyfound_risk
bandar,monday,afternoon,23.6167,90.525,0.2074648472190121,0.0,0.0,0.0,0.15559863541425906,0.0,0.051866211804753024,4,0,0,0,3,0,1,Low,8.111972708285181,bodyfound_risk
bandar,saturday,afternoon,23.6167,90.525,0.1205733786552789,0.1205733786552789,0.0,0.0,0.0,0.0,0.0,1,1,0,0,0,0,0,Very Low,6.808600679829183,murder_risk
bandar,saturday,evening,23.6167,90.525,0.12379704191455974,0.0,0.12379704191455974,0.0,0.0,0.0,0.0,1,0,1,0,0,0,0,Very Low,6.856955628718396,rape_risk
bandar,saturday,night,23.6167,90.525,0.1680571545639249,0.08402857728196245,0.0,0.0,0.0,0.08402857728196245,0.0,2,1,0,0,0,1,0,Very Low,7.520857318458873,murder_risk
bandar,wednesday,afternoon,23.6167,90.525,0.12303829069534904,0.0,0.0,0.0,0.0,0.0,0.12303829069534904,1,0,0,0,0,0,1,Very Low,6.845574360430236,assault_risk
bandar,wednesday,morning,23.616699999999998,90.52500000000002,0.17926729940315406,0.05975576646771802,0.0,0.0,0.0,0.11951153293543604,0.0,3,1,0,0,0,2,0,Very Low,7.689009491047311,robbery_risk
bandarban sadar,friday,night,22.2333,92.1917,0.11510008823574247,0.0,0.0,0.0,0.0,0.0,0.11510008823574247,1,0,0,0,0,0,1,Very Low,6.726501323536137,assault_risk
bandarban sadar,friday,noon,22.2333,92.1917,0.13085855321249415,0.0,0.0,0.0,0.13085855321249415,0.0,0.0,1,0,0,0,1,0,0,Very Low,6.962878298187412,bodyfound_risk
bandarban sadar,monday,night,22.2333,92.1917,0.2325815043019081,0.11629075215095405,0.058145376075477026,0.058145376075477026,0.0,0.0,0.0,4,2,1,1,0,0,0,Low,8.488722564528622,murder_risk
bandarban sadar,saturday,night,22.2333,92.1917,0.1134748165135138,0.0,0.1134748165135138,0.0,0.0,0.0,0.0,1,0,1,0,0,0,0,Very Low,6.702122247702707,rape_risk
bandarban sadar,saturday,noon,22.2333,92.1917,0.12113287154383034,0.0,0.12113287154383034,0.0,0.0,0.0,0.0,1,0,1,0,0,0,0,Very Low,6.816993073157455,rape_risk
bandarban sadar,sunday,night,22.2333,92.1917,0.1348177256693548,0.1348177256693548,0.0,0.0,0.0,0.0,0.0,1,1,0,0,0,0,0,Very Low,7.022265885040322,murder_risk
bandarban sadar,thursday,night,22.2333,92.1917,0.22017084488413952,0.16512813366310464,0.0,0.0,0.0,0.0,0.05504271122103488,4,3,0,0,0,0,1,Low,8.302562673262093,murder_risk
bandarban sadar,wednesday,night,22.2333,92.1917,0.2168555593747624,0.0542138898436906,0.0,0.1084277796873812,0.0542138898436906,0.0,0.0,4,1,0,2,1,0,0,Low,8.252833390621436,kidnap_risk
bangabandhu safari park,friday,morning,23.738108,90.395905,0.43923761643886267,0.0,0.0,0.0,0.43923761643886267,0.0,0.0,1,0,0,0,1,0,0,Moderate,11.58856424658294,bodyfound_risk
bangla motor,monday,noon,23.746136,90.394581,0.3440104287981512,0.0,0.0,0.0,0.0,0.3440104287981512,0.0,1,0,0,0,0,1,0,Low,10.160156431972268,robbery_risk
bangla motor,wednesday,night,23.746136,90.394581,0.47928178007356137,0.0,0.0,0.0,0.0,0.0,0.47928178007356137,2,0,0,0,0,0,2,Moderate,12.18922670110342,assault_risk
bangladesh university of engineering and technology,sunday,night,23.7268465,90.3922105,0.4374390605411547,0.4374390605411547,0.0,0.0,0.0,0.0,0.0,1,1,0,0,0,0,0,Moderate,11.561585908117321,murder_risk
bangladesh university of engineering and technology,sunday,noon,23.7268465,90.3922105,0.4343805469074062,0.0,0.0,0.0,0.0,0.0,0.4343805469074062,1,0,0,0,0,0,1,Moderate,11.515708203611092,assault_risk
bangshal,friday,night,23.716838,90.405322,0.3301427686717332,0.0,0.0,0.3301427686717332,0.0,0.0,0.0,1,0,0,1,0,0,0,Low,9.952141530075998,kidnap_risk
bangshal,monday,noon,23.716838,90.405322,0.3366085034464815,0.0,0.0,0.0,0.0,0.0,0.3366085034464815,1,0,0,0,0,0,1,Low,10.049127551697222,assault_risk
bangshal,saturday,night,23.716838,90.405322,0.3188972678861719,0.3188972678861719,0.0,0.0,0.0,0.0,0.0,1,1,0,0,0,0,0,Low,9.783459018292579,murder_risk
bangshal,sunday,night,23.716838,90.405322,0.32272647039356606,0.0,0.0,0.0,0.0,0.32272647039356606,0.0,1,0,0,0,0,1,0,Low,9.84089705590349,robbery_risk
bangshal,thursday,afternoon,23.716838,90.405322,0.3306504948845829,0.0,0.0,0.0,0.3306504948845829,0.0,0.0,1,0,0,0,1,0,0,Low,9.959757423268744,bodyfound_risk
bangshal,wednesday,night,23.716838,90.405322,0.31344779629966096,0.0,0.0,0.0,0.0,0.31344779629966096,0.0,1,0,0,0,0,1,0,Low,9.701716944494915,robbery_risk
baniachong,monday,morning,24.5417,91.3333,0.163522793028839,0.0,0.0817613965144195,0.0,0.0817613965144195,0.0,0.0,2,0,1,0,1,0,0,Very Low,7.452841895432584,rape_risk
baniachong,saturday,afternoon,24.5417,91.3333,0.1136133578853957,0.0,0.0,0.0,0.0,0.0,0.1136133578853957,1,0,0,0,0,0,1,Very Low,6.704200368280936,assault_risk
baniachong,saturday,morning,24.5417,91.3333,0.13270839245748273,0.0,0.13270839245748273,0.0,0.0,0.0,0.0,1,0,1,0,0,0,0,Very Low,6.990625886862241,rape_risk
baniachong,saturday,night,24.5417,91.3333,0.1431287775054296,0.1431287775054296,0.0,0.0,0.0,0.0,0.0,1,1,0,0,0,0,0,Very Low,7.146931662581444,murder_risk
baniachong,sunday,morning,24.5417,91.3333,0.12309139147681952,0.0,0.0,0.0,0.0,0.0,0.12309139147681952,1,0,0,0,0,0,1,Very Low,6.846370872152293,assault_risk
baniachong,thursday,afternoon,24.5417,91.3333,0.12572383476892834,0.0,0.12572383476892834,0.0,0.0,0.0,0.0,1,0,1,0,0,0,0,Very Low,6.885857521533925,rape_risk
baniachong,thursday,night,24.5417,91.3333,0.13565328656021536,0.0,0.13565328656021536,0.0,0.0,0.0,0.0,1,0,1,0,0,0,0,Very Low,7.034799298403231,rape_risk
baniachong,wednesday,morning,24.5417,91.3333,0.10244042911216236,0.0,0.0,0.0,0.0,0.0,0.10244042911216236,1,0,0,0,0,0,1,Very Low,6.536606436682435,assault_risk
banshkhali,friday,morning,22.31667,91.81667,0.10879369106465549,0.0,0.0,0.0,0.10879369106465549,0.0,0.0,1,0,0,0,1,0,0,Very Low,6.631905365969832,bodyfound_risk
banshkhali,monday,afternoon,22.31667,91.81667,0.15733373852415122,0.15733373852415122,0.0,0.0,0.0,0.0,0.0,2,2,0,0,0,0,0,Very Low,7.360006077862268,murder_risk
banshkhali,monday,morning,22.31667,91.81667,0.11932624181837763,0.0,0.0,0.0,0.11932624181837763,0.0,0.0,1,0,0,0,1,0,0,Very Low,6.7898936272756645,bodyfound_risk
banshkhali,monday,night,22.31667,91.81667,0.1171482336491457,0.0,0.0,0.0,0.0,0.0,0.1171482336491457,1,0,0,0,0,0,1,Very Low,6.757223504737185,assault_risk
banshkhali,saturday,afternoon,22.31667,91.81667,0.12250039978619537,0.12250039978619537,0.0,0.0,0.0,0.0,0.0,1,1,0,0,0,0,0,Very Low,6.837505996792931,murder_risk
banshkhali,sunday,morning,22.31667,91.81667,0.11863093615870755,0.0,0.0,0.0,0.11863093615870755,0.0,0.0,1,0,0,0,1,0,0,Very Low,6.779464042380614,bodyfound_risk
banshkhali,sunday,night,22.31667,91.81667,0.12007065051152027,0.0,0.12007065051152027,0.0,0.0,0.0,0.0,1,0,1,0,0,0,0,Very Low,6.801059757672804,rape_risk
banshkhali,thursday,morning,22.31667,91.81667,0.14213231841516444,0.0,0.0,0.0,0.07106615920758222,0.0,0.07106615920758222,2,0,0,0,1,0,1,Very Low,7.131984776227466,bodyfound_risk
banshkhali,thursday,night,22.31667,91.81667,0.14255712211544258,0.0,0.07127856105772129,0.0,0.0,0.07127856105772129,0.0,2,0,1,0,0,1,0,Very Low,7.138356831731638,rape_risk
banshkhali,tuesday,morning,22.31667,91.81667,0.1530638317444912,0.0765319158722456,0.0765319158722456,0.0,0.0,0.0,0.0,2,1,1,0,0,0,0,Very Low,7.295957476167368,murder_risk
banshkhali,wednesday,morning,22.31667,91.81667,0.15083251492443553,0.0,0.07541625746221776,0.0,0.07541625746221776,0.0,0.0,2,0,1,0,1,0,0,Very Low,7.262487723866533,rape_risk
banshkhali,wednesday,night,22.31667,91.81667,0.12212516116310855,0.0,0.12212516116310855,0.0,0.0,0.0,0.0,1,0,1,0,0,0,0,Very Low,6.831877417446629,rape_risk
baraigram,friday,morning,24.3083,89.1708,0.1129773510644599,0.0,0.0,0.0,0.1129773510644599,0.0,0.0,1,0,0,0,1,0,0,Very Low,6.694660265966899,bodyfound_risk
baraigram,monday,evening,24.3083,89.1708,0.15369479038228773,0.0,0.0,0.15369479038228773,0.0,0.0,0.0,2,0,0,2,0,0,0,Very Low,7.305421855734316,kidnap_risk
baraigram,monday,night,24.3083,89.1708,0.14433160925321822,0.0,0.07216580462660911,0.0,0.0,0.07216580462660911,0.0,2,0,1,0,0,1,0,Very Low,7.164974138798273,rape_risk
baraigram,sunday,morning,24.3083,89.1708,0.11490914844925659,0.0,0.0,0.0,0.11490914844925659,0.0,0.0,1,0,0,0,1,0,0,Very Low,6.723637226738849,bodyfound_risk
baraigram,sunday,night,24.3083,89.1708,0.1597803599840814,0.0798901799920407,0.0,0.0,0.0798901799920407,0.0,0.0,2,1,0,0,1,0,0,Very Low,7.396705399761221,murder_risk
baraigram,thursday,night,24.3083,89.1708,0.1161360998995046,0.0,0.1161360998995046,0.0,0.0,0.0,0.0,1,0,1,0,0,0,0,Very Low,6.7420414984925685,rape_risk
baraigram,thursday,noon,24.3083,89.1708,0.11977933520353093,0.0,0.11977933520353093,0.0,0.0,0.0,0.0,1,0,1,0,0,0,0,Very Low,6.796690028052964,rape_risk
baraigram,tuesday,morning,24.3083,89.1708,0.1122937612477564,0.0,0.0,0.0,0.0,0.0,0.1122937612477564,1,0,0,0,0,0,1,Very Low,6.684406418716346,assault_risk
baraigram,tuesday,night,24.3083,89.1708,0.16277906267274964,0.08138953133637482,0.08138953133637482,0.0,0.0,0.0,0.0,2,1,1,0,0,0,0,Very Low,7.4416859400912445,murder_risk
barguna sadar,friday,afternoon,22.1508,90.1264,0.13871415118764413,0.0,0.0,0.0,0.0,0.13871415118764413,0.0,1,0,0,0,0,1,0,Very Low,7.080712267814662,robbery_risk
barguna sadar,saturday,morning,22.1508,90.1264,0.1372738311307915,0.0,0.0,0.0,0.0,0.0,0.1372738311307915,1,0,0,0,0,0,1,Very Low,7.059107466961873,assault_risk
barguna sadar,saturday,night,22.1508,90.1264,0.14228440217842608,0.0,0.0,0.0,0.0,0.0,0.14228440217842608,1,0,0,0,0,0,1,Very Low,7.134266032676392,assault_risk
barguna sadar,thursday,morning,22.1508,90.1264,0.14235656813717212,0.0,0.0,0.0,0.14235656813717212,0.0,0.0,1,0,0,0,1,0,0,Very Low,7.135348522057582,bodyfound_risk
barguna sadar,tuesday,night,22.1508,90.1264,0.14610208086250592,0.0,0.0,0.0,0.14610208086250592,0.0,0.0,1,0,0,0,1,0,0,Very Low,7.191531212937589,bodyfound_risk
barguna sadar,wednesday,morning,22.1508,90.1264,0.2137232900833162,0.2137232900833162,0.0,0.0,0.0,0.0,0.0,2,2,0,0,0,0,0,Low,8.205849351249743,murder_risk
barhatta,monday,night,24.9,90.875,0.20350885394524346,0.20350885394524346,0.0,0.0,0.0,0.0,0.0,1,1,0,0,0,0,0,Low,8.052632809178652,murder_risk
barhatta,sunday,night,24.9,90.875,0.31760871869269286,0.0,0.31760871869269286,0.0,0.0,0.0,0.0,2,0,2,0,0,0,0,Low,9.764130780390392,rape_risk
baridhara,friday,afternoon,23.81851,90.41513,0.34865656339939893,0.0,0.0,0.0,0.34865656339939893,0.0,0.0,1,0,0,0,1,0,0,Low,10.229848450990984,bodyfound_risk
baridhara,monday,afternoon,23.81851,90.41513,0.3487422123832291,0.0,0.0,0.0,0.3487422123832291,0.0,0.0,1,0,0,0,1,0,0,Low,10.231133185748437,bodyfound_risk
baridhara,monday,morning,23.81851,90.41513,0.36506685852548526,0.0,0.0,0.0,0.36506685852548526,0.0,0.0,1,0,0,0,1,0,0,Moderate,10.47600287788228,bodyfound_risk
baridhara,monday,night,23.81851,90.41513,0.3534685102906419,0.3534685102906419,0.0,0.0,0.0,0.0,0.0,1,1,0,0,0,0,0,Moderate,10.302027654359629,murder_risk
barisal sadar,friday,evening,22.7,90.3667,0.10822275734064865,0.0,0.0,0.0,0.0,0.0,0.10822275734064865,1,0,0,0,0,0,1,Very Low,6.6233413601097295,assault_risk
barisal sadar,friday,morning,22.7,90.3667,0.15667051548240635,0.05222350516080211,0.0,0.0,0.05222350516080211,0.05222350516080211,0.0,3,1,0,0,1,1,0,Very Low,7.350057732236095,murder_risk
barisal sadar,friday,night,22.7,90.3667,0.1425173393275637,0.0,0.0,0.0,0.07125866966378185,0.07125866966378185,0.0,2,0,0,0,1,1,0,Very Low,7.1377600899134555,bodyfound_risk
barisal sadar,friday,noon,22.7,90.3667,0.11088822554229287,0.0,0.0,0.0,0.0,0.11088822554229287,0.0,1,0,0,0,0,1,0,Very Low,6.663323383134393,robbery_risk
barisal sadar,monday,night,22.7,90.3667,0.19818032784860967,0.03303005464143494,0.0,0.0,0.03303005464143494,0.0,0.13212021856573977,6,1,0,0,1,0,4,Very Low,7.9727049177291445,assault_risk
barisal sadar,monday,noon,22.7,90.3667,0.10711691217726102,0.0,0.0,0.0,0.0,0.10711691217726102,0.0,1,0,0,0,0,1,0,Very Low,6.6067536826589155,robbery_risk
barisal sadar,saturday,night,22.7,90.3667,0.1546593530607651,0.051553117686921696,0.0,0.0,0.0,0.0,0.10310623537384339,3,1,0,0,0,0,2,Very Low,7.319890295911476,assault_risk
barisal sadar,sunday,night,22.7,90.3667,0.1952279218503266,0.03904558437006533,0.07809116874013065,0.0,0.03904558437006533,0.0,0.03904558437006533,5,1,2,0,1,0,1,Very Low,7.928418827754899,rape_risk
barisal sadar,sunday,noon,22.7,90.3667,0.10858715201744444,0.0,0.10858715201744444,0.0,0.0,0.0,0.0,1,0,1,0,0,0,0,Very Low,6.628807280261666,rape_risk
barisal sadar,thursday,night,22.7,90.3667,0.19606573711592581,0.0,0.0,0.0326776228526543,0.0,0.0653552457053086,0.09803286855796291,6,0,0,1,0,2,3,Very Low,7.940986056738887,assault_risk
barisal sadar,tuesday,night,22.7,90.3667,0.17400139500353407,0.0,0.0,0.0,0.06960055800141363,0.0,0.10440083700212044,5,0,0,0,2,0,3,Very Low,7.610020925053011,assault_risk
barisal sadar,tuesday,noon,22.7,90.3667,0.16160652906938572,0.10773768604625714,0.0,0.0,0.0,0.0,0.05386884302312857,3,2,0,0,0,0,1,Very Low,7.424097936040786,murder_risk
barisal sadar,wednesday,night,22.7,90.3667,0.11051784388219545,0.0,0.11051784388219545,0.0,0.0,0.0,0.0,1,0,1,0,0,0,0,Very Low,6.657767658232932,rape_risk
barisal sadar,wednesday,noon,22.7,90.3667,0.1398089813688188,0.0,0.0,0.0,0.0699044906844094,0.0,0.0699044906844094,2,0,0,0,1,0,1,Very Low,7.097134720532282,bodyfound_risk
barlekha,saturday,evening,24.7083,92.2,0.12350253534341414,0.0,0.0,0.0,0.12350253534341414,0.0,0.0,1,0,0,0,1,0,0,Very Low,6.852538030151212,bodyfound_risk
barlekha,saturday,morning,24.7083,92.2,0.12286194327186734,0.0,0.0,0.0,0.12286194327186734,0.0,0.0,1,0,0,0,1,0,0,Very Low,6.84292914907801,bodyfound_risk
barlekha,saturday,night,24.7083,92.2,0.1150192155720194,0.0,0.0,0.0,0.0,0.0,0.1150192155720194,1,0,0,0,0,0,1,Very Low,6.725288233580291,assault_risk
barlekha,sunday,night,24.7083,92.2,0.12449457850168752,0.12449457850168752,0.0,0.0,0.0,0.0,0.0,1,1,0,0,0,0,0,Very Low,6.867418677525313,murder_risk
barlekha,thursday,afternoon,24.7083,92.2,0.13215398752719676,0.0,0.13215398752719676,0.0,0.0,0.0,0.0,1,0,1,0,0,0,0,Very Low,6.9823098129079515,rape_risk
barlekha,tuesday,morning,24.7083,92.2,0.1441307845232235,0.0,0.1441307845232235,0.0,0.0,0.0,0.0,1,0,1,0,0,0,0,Very Low,7.161961767848353,rape_risk
barlekha,tuesday,night,24.7083,92.2,0.17236401651888633,0.08618200825944317,0.0,0.0,0.08618200825944317,0.0,0.0,2,1,0,0,1,0,0,Very Low,7.5854602477832955,murder_risk
barlekha,wednesday,evening,24.7083,92.2,0.10769924461443853,0.0,0.10769924461443853,0.0,0.0,0.0,0.0,1,0,1,0,0,0,0,Very Low,6.615488669216578,rape_risk
barlekha,wednesday,night,24.7083,92.2,0.11184325961429908,0.0,0.0,0.0,0.0,0.0,0.11184325961429908,1,0,0,0,0,0,1,Very Low,6.677648894214486,assault_risk
basail,friday,night,24.2167,90.05,0.1373250255715496,0.0,0.1373250255715496,0.0,0.0,0.0,0.0,1,0,1,0,0,0,0,Very Low,7.059875383573244,rape_risk
basail,monday,morning,24.2167,90.05,0.11565677290661922,0.0,0.0,0.0,0.11565677290661922,0.0,0.0,1,0,0,0,1,0,0,Very Low,6.734851593599288,bodyfound_risk
basail,saturday,morning,24.2167,90.05,0.13653443205267993,0.13653443205267993,0.0,0.0,0.0,0.0,0.0,1,1,0,0,0,0,0,Very Low,7.048016480790199,murder_risk
basail,saturday,noon,24.2167,90.05,0.11759077581712124,0.0,0.0,0.0,0.11759077581712124,0.0,0.0,1,0,0,0,1,0,0,Very Low,6.763861637256818,bodyfound_risk
basail,sunday,morning,24.2167,90.05,0.11819861085442601,0.0,0.0,0.11819861085442601,0.0,0.0,0.0,1,0,0,1,0,0,0,Very Low,6.77297916281639,kidnap_risk
basail,thursday,morning,24.2167,90.05,0.11869294063396173,0.0,0.0,0.11869294063396173,0.0,0.0,0.0,1,0,0,1,0,0,0,Very Low,6.780394109509426,kidnap_risk
basail,thursday,night,24.2167,90.05,0.12217120150352695,0.12217120150352695,0.0,0.0,0.0,0.0,0.0,1,1,0,0,0,0,0,Very Low,6.832568022552904,murder_risk
basail,thursday,noon,24.2167,90.05,0.11079699096251493,0.0,0.0,0.0,0.0,0.0,0.11079699096251493,1,0,0,0,0,0,1,Very Low,6.661954864437724,assault_risk
basail,tuesday,morning,24.2167,90.05,0.13395763219760284,0.0,0.0,0.0,0.13395763219760284,0.0,0.0,1,0,0,0,1,0,0,Very Low,7.009364482964043,bodyfound_risk
basail,tuesday,night,24.2167,90.05,0.12120369098465367,0.12120369098465367,0.0,0.0,0.0,0.0,0.0,1,1,0,0,0,0,0,Very Low,6.818055364769805,murder_risk
basail,wednesday,morning,24.2167,90.05,0.1151833087725275,0.0,0.0,0.0,0.1151833087725275,0.0,0.0,1,0,0,0,1,0,0,Very Low,6.727749631587912,bodyfound_risk
bashundhara residential area,saturday,night,23.81391621,90.42919024,0.5719333673074928,0.0,0.0,0.0,0.5719333673074928,0.0,0.0,1,0,0,0,1,0,0,High,13.579000509612392,bodyfound_risk
basundhara residential area,sunday,morning,23.813105,90.429764,0.5912667407763053,0.0,0.0,0.2956333703881526,0.2956333703881526,0.0,0.0,2,0,0,1,1,0,0,High,13.869001111644579,kidnap_risk
bauphal,friday,night,22.4292,90.5139,0.15847104492807862,0.0,0.0,0.0,0.0,0.0,0.15847104492807862,2,0,0,0,0,0,2,Very Low,7.377065673921179,assault_risk
bauphal,monday,night,22.4292,90.5139,0.13561678616339312,0.13561678616339312,0.0,0.0,0.0,0.0,0.0,1,1,0,0,0,0,0,Very Low,7.034251792450897,murder_risk
bauphal,saturday,morning,22.4292,90.5139,0.1250494140547537,0.0,0.0,0.0,0.0,0.0,0.1250494140547537,1,0,0,0,0,0,1,Very Low,6.875741210821305,assault_risk
bauphal,saturday,night,22.4292,90.5139,0.26521361060635174,0.05304272212127035,0.15912816636381102,0.0,0.0,0.0,0.05304272212127035,5,1,3,0,0,0,1,Low,8.978204159095275,rape_risk
bauphal,sunday,evening,22.4292,90.5139,0.13971906432255435,0.13971906432255435,0.0,0.0,0.0,0.0,0.0,1,1,0,0,0,0,0,Very Low,7.095785964838315,murder_risk
bauphal,sunday,night,22.4292,90.5139,0.13896282089053297,0.0,0.0,0.0,0.0,0.0,0.13896282089053297,1,0,0,0,0,0,1,Very Low,7.084442313357995,assault_risk
bauphal,thursday,night,22.4292,90.5139,0.13012488875624012,0.0,0.0,0.0,0.0,0.0,0.13012488875624012,1,0,0,0,0,0,1,Very Low,6.951873331343602,assault_risk
bauphal,tuesday,evening,22.4292,90.5139,0.17321518844057038,0.0,0.17321518844057038,0.0,0.0,0.0,0.0,2,0,2,0,0,0,0,Very Low,7.5982278266085554,rape_risk
bauphal,tuesday,morning,22.4292,90.5139,0.12414072800103351,0.0,0.0,0.0,0.0,0.0,0.12414072800103351,1,0,0,0,0,0,1,Very Low,6.862110920015502,assault_risk
bauphal,tuesday,night,22.4292,90.5139,0.12668487072330079,0.0,0.0,0.0,0.0,0.0,0.12668487072330079,1,0,0,0,0,0,1,Very Low,6.9002730608495115,assault_risk
beanibazar,monday,night,24.825,92.1625,0.3149204416855421,0.0,0.0,0.0,0.0,0.15746022084277106,0.15746022084277106,2,0,0,0,0,1,1,Low,9.723806625283132,robbery_risk
beanibazar,wednesday,morning,24.825,92.1625,0.2031059304132898,0.2031059304132898,0.0,0.0,0.0,0.0,0.0,1,1,0,0,0,0,0,Low,8.046588956199347,murder_risk
begumganj,saturday,evening,22.95,91.1,0.18495130055901426,0.09247565027950713,0.0,0.09247565027950713,0.0,0.0,0.0,2,1,0,1,0,0,0,Very Low,7.774269508385213,murder_risk
begumganj,saturday,morning,22.95,91.1,0.14190459368484898,0.14190459368484898,0.0,0.0,0.0,0.0,0.0,1,1,0,0,0,0,0,Very Low,7.128568905272735,murder_risk
begumganj,sunday,night,22.95,91.1,0.139395582606609,0.0,0.0,0.0,0.139395582606609,0.0,0.0,1,0,0,0,1,0,0,Very Low,7.090933739099135,bodyfound_risk
begumganj,thursday,night,22.95,91.1,0.18834175591117192,0.09417087795558596,0.09417087795558596,0.0,0.0,0.0,0.0,2,1,1,0,0,0,0,Very Low,7.8251263386675785,murder_risk
begumganj,wednesday,afternoon,22.95,91.09999999999998,0.23722742495013888,0.23722742495013888,0.0,0.0,0.0,0.0,0.0,3,3,0,0,0,0,0,Low,8.558411374252083,murder_risk
begumganj,wednesday,night,22.95,91.1,0.1690903578959101,0.0,0.0,0.08454517894795505,0.0,0.0,0.08454517894795505,2,0,0,1,0,0,1,Very Low,7.5363553684386515,kidnap_risk
belabo,tuesday,night,24.0917,90.85,0.3967434176067224,0.0,0.3967434176067224,0.0,0.0,0.0,0.0,1,0,1,0,0,0,0,Moderate,10.951151264100837,rape_risk
belaichari,saturday,morning,22.4667,92.375,0.2715877201728355,0.0,0.0,0.2715877201728355,0.0,0.0,0.0,3,0,0,3,0,0,0,Low,9.073815802592533,kidnap_risk
belaichari,tuesday,morning,22.4667,92.375,0.14829425150925662,0.14829425150925662,0.0,0.0,0.0,0.0,0.0,1,1,0,0,0,0,0,Very Low,7.224413772638849,murder_risk
belaichari,wednesday,morning,22.4667,92.375,0.09170886473241698,0.0,0.0,0.0,0.09170886473241698,0.0,0.0,1,0,0,0,1,0,0,Very Low,6.3756329709862545,bodyfound_risk
belkuchi,friday,night,24.291700000000002,89.7,0.1682034644927317,0.05606782149757723,0.0,0.0,0.0,0.0,0.11213564299515447,3,1,0,0,0,0,2,Very Low,7.523051967390976,assault_risk
belkuchi,monday,night,24.2917,89.7,0.2335874807371851,0.0,0.0,0.0,0.0,0.2335874807371851,0.0,5,0,0,0,0,5,0,Low,8.503812211057777,robbery_risk
belkuchi,sunday,morning,24.2917,89.7,0.11056019327162571,0.0,0.0,0.0,0.0,0.0,0.11056019327162571,1,0,0,0,0,0,1,Very Low,6.658402899074385,assault_risk
belkuchi,sunday,night,24.2917,89.7,0.13282067547413026,0.0,0.0,0.0,0.13282067547413026,0.0,0.0,1,0,0,0,1,0,0,Very Low,6.992310132111954,bodyfound_risk
belkuchi,thursday,night,24.2917,89.7,0.11267310026353854,0.0,0.0,0.0,0.0,0.0,0.11267310026353854,1,0,0,0,0,0,1,Very Low,6.690096503953078,assault_risk
belkuchi,tuesday,afternoon,24.2917,89.7,0.11162854902346012,0.0,0.0,0.0,0.11162854902346012,0.0,0.0,1,0,0,0,1,0,0,Very Low,6.674428235351902,bodyfound_risk
belkuchi,tuesday,night,24.2917,89.7,0.15199610661043297,0.07599805330521649,0.0,0.0,0.07599805330521649,0.0,0.0,2,1,0,0,1,0,0,Very Low,7.279941599156494,murder_risk
belkuchi,wednesday,night,24.2917,89.7,0.09891540058283846,0.0,0.0,0.0,0.09891540058283846,0.0,0.0,1,0,0,0,1,0,0,Very Low,6.483731008742577,bodyfound_risk
bera,friday,afternoon,24.0667,89.625,0.10399290902825784,0.10399290902825784,0.0,0.0,0.0,0.0,0.0,1,1,0,0,0,0,0,Very Low,6.559893635423867,murder_risk
bera,friday,morning,24.0667,89.625,0.10634535416594401,0.0,0.0,0.0,0.10634535416594401,0.0,0.0,1,0,0,0,1,0,0,Very Low,6.59518031248916,bodyfound_risk
bera,monday,morning,24.0667,89.625,0.10712336538994253,0.0,0.10712336538994253,0.0,0.0,0.0,0.0,1,0,1,0,0,0,0,Very Low,6.606850480849138,rape_risk
bera,monday,night,24.0667,89.625,0.20780745691249275,0.05195186422812319,0.05195186422812319,0.0,0.0,0.10390372845624637,0.0,4,1,1,0,0,2,0,Low,8.11711185368739,robbery_risk
bera,sunday,night,24.0667,89.625,0.10968156596412024,0.10968156596412024,0.0,0.0,0.0,0.0,0.0,1,1,0,0,0,0,0,Very Low,6.645223489461804,murder_risk
bera,thursday,morning,24.0667,89.625,0.13081808620629226,0.0,0.0,0.0,0.0,0.0,0.13081808620629226,2,0,0,0,0,0,2,Very Low,6.962271293094384,assault_risk
bera,thursday,night,24.0667,89.625,0.10166018797500805,0.0,0.0,0.0,0.0,0.0,0.10166018797500805,1,0,0,0,0,0,1,Very Low,6.524902819625121,assault_risk
bera,tuesday,evening,24.0667,89.625,0.11615920211557192,0.0,0.11615920211557192,0.0,0.0,0.0,0.0,1,0,1,0,0,0,0,Very Low,6.7423880317335785,rape_risk
bera,tuesday,night,24.0667,89.625,0.12716274397371524,0.12716274397371524,0.0,0.0,0.0,0.0,0.0,1,1,0,0,0,0,0,Very Low,6.907441159605728,murder_risk
bera,wednesday,afternoon,24.0667,89.625,0.10610933629152547,0.0,0.0,0.0,0.10610933629152547,0.0,0.0,1,0,0,0,1,0,0,Very Low,6.591640044372882,bodyfound_risk
bera,wednesday,morning,24.0667,89.625,0.11023007728398851,0.0,0.0,0.0,0.11023007728398851,0.0,0.0,1,0,0,0,1,0,0,Very Low,6.653451159259827,bodyfound_risk
bera,wednesday,night,24.0667,89.625,0.19951775171952915,0.14963831378964687,0.0,0.0,0.0,0.0,0.04987943792988229,4,3,0,0,0,0,1,Very Low,7.992766275792937,murder_risk
betagi,thursday,night,22.4167,90.1681,0.26598084260997856,0.0,0.26598084260997856,0.0,0.0,0.0,0.0,1,0,1,0,0,0,0,Low,8.989712639149678,rape_risk
betagi,tuesday,noon,22.4167,90.1681,0.25350613898414004,0.0,0.25350613898414004,0.0,0.0,0.0,0.0,1,0,1,0,0,0,0,Low,8.8025920847621,rape_risk
bhairab,friday,night,24.05,90.98333,0.14182083185584957,0.14182083185584957,0.0,0.0,0.0,0.0,0.0,1,1,0,0,0,0,0,Very Low,7.1273124778377435,murder_risk
bhairab,monday,evening,24.05,90.98333,0.13083626425704348,0.13083626425704348,0.0,0.0,0.0,0.0,0.0,1,1,0,0,0,0,0,Very Low,6.962543963855652,murder_risk
bhairab,monday,night,24.05,90.98333,0.18024045544354747,0.0,0.09012022772177374,0.0,0.0,0.09012022772177374,0.0,2,0,1,0,0,1,0,Very Low,7.703606831653213,rape_risk
bhairab,thursday,night,24.05,90.98333,0.3014145156396806,0.1507072578198403,0.0,0.1507072578198403,0.0,0.0,0.0,4,2,0,2,0,0,0,Low,9.521217734595208,murder_risk
bhaluka,friday,night,24.375,90.37833,0.18943822535703336,0.04735955633925834,0.04735955633925834,0.0,0.04735955633925834,0.04735955633925834,0.0,4,1,1,0,1,1,0,Very Low,7.8415733803555,murder_risk
bhaluka,monday,morning,24.375,90.37833,0.16695005667332252,0.0556500188911075,0.0,0.0,0.111300037782215,0.0,0.0,3,1,0,0,2,0,0,Very Low,7.504250850099838,bodyfound_risk
bhaluka,monday,night,24.375,90.37833,0.12029244304052862,0.12029244304052862,0.0,0.0,0.0,0.0,0.0,1,1,0,0,0,0,0,Very Low,6.804386645607929,murder_risk
bhaluka,saturday,evening,24.375,90.37833,0.1139564080762624,0.0,0.0,0.1139564080762624,0.0,0.0,0.0,1,0,0,1,0,0,0,Very Low,6.709346121143936,kidnap_risk
bhaluka,saturday,night,24.375,90.37833,0.1649870685389597,0.05499568951298656,0.0,0.05499568951298656,0.0,0.05499568951298656,0.0,3,1,0,1,0,1,0,Very Low,7.474806028084395,murder_risk
bhaluka,saturday,noon,24.375,90.37833,0.10373817459387127,0.0,0.0,0.0,0.0,0.0,0.10373817459387127,1,0,0,0,0,0,1,Very Low,6.556072618908069,assault_risk
bhaluka,sunday,morning,24.375,90.37833,0.14026176313577032,0.0,0.07013088156788516,0.0,0.07013088156788516,0.0,0.0,2,0,1,0,1,0,0,Very Low,7.103926447036555,rape_risk
bhaluka,thursday,morning,24.375,90.37833,0.14213489937847437,0.0,0.0,0.14213489937847437,0.0,0.0,0.0,2,0,0,2,0,0,0,Very Low,7.132023490677115,kidnap_risk
bhaluka,thursday,night,24.375,90.37833,0.14600278339469672,0.14600278339469672,0.0,0.0,0.0,0.0,0.0,2,2,0,0,0,0,0,Very Low,7.19004175092045,murder_risk
bhaluka,tuesday,morning,24.375,90.37833,0.14331271150113445,0.07165635575056722,0.0,0.07165635575056722,0.0,0.0,0.0,2,1,0,1,0,0,0,Very Low,7.149690672517017,murder_risk
bhaluka,tuesday,night,24.375,90.37833,0.11451717176166575,0.0,0.0,0.0,0.11451717176166575,0.0,0.0,1,0,0,0,1,0,0,Very Low,6.717757576424987,bodyfound_risk
bhaluka,wednesday,morning,24.375,90.37833,0.14044226681864444,0.0,0.07022113340932222,0.0,0.07022113340932222,0.0,0.0,2,0,1,0,1,0,0,Very Low,7.106634002279667,rape_risk
bhaluka,wednesday,night,24.375,90.37833,0.16805686231175976,0.11203790820783983,0.0,0.0,0.0,0.0,0.05601895410391992,3,2,0,0,0,0,1,Very Low,7.520852934676396,murder_risk
bhandaria,friday,night,22.4889,90.0733,0.1435858539964049,0.1435858539964049,0.0,0.0,0.0,0.0,0.0,1,1,0,0,0,0,0,Very Low,7.153787809946073,murder_risk
bhandaria,friday,noon,22.4889,90.0733,0.12167426034542755,0.0,0.12167426034542755,0.0,0.0,0.0,0.0,1,0,1,0,0,0,0,Very Low,6.825113905181413,rape_risk
bhandaria,monday,night,22.4889,90.0733,0.16857429404101415,0.08428714702050707,0.0,0.08428714702050707,0.0,0.0,0.0,2,1,0,1,0,0,0,Very Low,7.528614410615212,murder_risk
bhandaria,saturday,morning,22.4889,90.0733,0.12255622431284935,0.0,0.0,0.0,0.0,0.0,0.12255622431284935,1,0,0,0,0,0,1,Very Low,6.83834336469274,assault_risk
bhandaria,saturday,night,22.4889,90.0733,0.1309254804764589,0.1309254804764589,0.0,0.0,0.0,0.0,0.0,1,1,0,0,0,0,0,Very Low,6.9638822071468836,murder_risk
bhandaria,sunday,evening,22.4889,90.0733,0.08425908682154978,0.0,0.0,0.0,0.08425908682154978,0.0,0.0,1,0,0,0,1,0,0,Very Low,6.263886302323247,bodyfound_risk
bhandaria,sunday,night,22.4889,90.0733,0.14876595449591395,0.0,0.0,0.07438297724795698,0.0,0.0,0.07438297724795698,2,0,0,1,0,0,1,Very Low,7.23148931743871,kidnap_risk
bhandaria,thursday,afternoon,22.4889,90.0733,0.11331325059144755,0.0,0.0,0.0,0.0,0.0,0.11331325059144755,1,0,0,0,0,0,1,Very Low,6.699698758871714,assault_risk
bhandaria,wednesday,morning,22.4889,90.0733,0.11318067958530018,0.0,0.0,0.0,0.0,0.0,0.11318067958530018,1,0,0,0,0,0,1,Very Low,6.6977101937795025,assault_risk
bhanga,friday,noon,23.3833,89.9833,0.11711415685579023,0.0,0.11711415685579023,0.0,0.0,0.0,0.0,1,0,1,0,0,0,0,Very Low,6.756712352836853,rape_risk
bhanga,monday,night,23.383300000000002,89.9833,0.27858829820415293,0.046431383034025484,0.0,0.0,0.0,0.23215691517012746,0.0,6,1,0,0,0,5,0,Low,9.178824473062294,robbery_risk
bhanga,saturday,afternoon,23.3833,89.9833,0.11956578571855764,0.11956578571855764,0.0,0.0,0.0,0.0,0.0,1,1,0,0,0,0,0,Very Low,6.793486785778365,murder_risk
bhanga,sunday,evening,23.3833,89.9833,0.119237197834104,0.119237197834104,0.0,0.0,0.0,0.0,0.0,1,1,0,0,0,0,0,Very Low,6.78855796751156,murder_risk
bhanga,sunday,night,23.3833,89.9833,0.1110397312954158,0.0,0.1110397312954158,0.0,0.0,0.0,0.0,1,0,1,0,0,0,0,Very Low,6.665595969431237,rape_risk
bhanga,wednesday,evening,23.3833,89.9833,0.1560266849977015,0.07801334249885075,0.07801334249885075,0.0,0.0,0.0,0.0,2,1,1,0,0,0,0,Very Low,7.340400274965523,murder_risk
bhanga,wednesday,morning,23.3833,89.9833,0.14582938318329552,0.0,0.0,0.0,0.07291469159164776,0.0,0.07291469159164776,2,0,0,0,1,0,1,Very Low,7.187440747749433,bodyfound_risk
bhangura,monday,morning,24.225,89.4,0.17431281481854624,0.17431281481854624,0.0,0.0,0.0,0.0,0.0,1,1,0,0,0,0,0,Very Low,7.614692222278194,murder_risk
bhangura,saturday,night,24.225,89.4,0.17335058196088604,0.17335058196088604,0.0,0.0,0.0,0.0,0.0,1,1,0,0,0,0,0,Very Low,7.600258729413291,murder_risk
bhangura,thursday,night,24.225,89.4,0.15805529852059833,0.0,0.15805529852059833,0.0,0.0,0.0,0.0,1,0,1,0,0,0,0,Very Low,7.370829477808975,rape_risk
bhangura,tuesday,morning,24.225,89.4,0.17484520485241242,0.17484520485241242,0.0,0.0,0.0,0.0,0.0,1,1,0,0,0,0,0,Very Low,7.6226780727861865,murder_risk
bhasantek,saturday,night,23.784506,90.403409,0.38312506709095145,0.0,0.38312506709095145,0.0,0.0,0.0,0.0,1,0,1,0,0,0,0,Moderate,10.746876006364271,rape_risk
bhasantek,thursday,night,23.784506,90.403409,0.3857032542305256,0.0,0.3857032542305256,0.0,0.0,0.0,0.0,1,0,1,0,0,0,0,Moderate,10.785548813457883,rape_risk
bhasantek,tuesday,night,23.784506,90.403409,0.37838742140802095,0.37838742140802095,0.0,0.0,0.0,0.0,0.0,1,1,0,0,0,0,0,Moderate,10.675811321120314,murder_risk
bhashantek,friday,evening,23.784506,90.403409,0.3599010900504189,0.0,0.0,0.0,0.0,0.0,0.3599010900504189,1,0,0,0,0,0,1,Moderate,10.398516350756283,assault_risk
bhashantek,saturday,afternoon,23.784506,90.403409,0.343015629299267,0.0,0.0,0.0,0.343015629299267,0.0,0.0,1,0,0,0,1,0,0,Low,10.145234439489005,bodyfound_risk
bhashantek,sunday,morning,23.784506,90.403409,0.3466077715217426,0.0,0.0,0.0,0.3466077715217426,0.0,0.0,1,0,0,0,1,0,0,Low,10.199116572826139,bodyfound_risk
bhashantek,tuesday,night,23.784506,90.403409,0.3505950743883988,0.0,0.3505950743883988,0.0,0.0,0.0,0.0,1,0,1,0,0,0,0,Moderate,10.258926115825982,rape_risk
bhatara,friday,afternoon,23.728907,90.417137,0.31136718188314405,0.0,0.0,0.0,0.0,0.0,0.31136718188314405,1,0,0,0,0,0,1,Low,9.670507728247161,assault_risk
bhatara,friday,night,23.728907,90.417137,0.3148245200251292,0.0,0.0,0.0,0.3148245200251292,0.0,0.0,1,0,0,0,1,0,0,Low,9.722367800376936,bodyfound_risk
bhatara,saturday,night,23.728907,90.417137,0.327202634213191,0.0,0.327202634213191,0.0,0.0,0.0,0.0,1,0,1,0,0,0,0,Low,9.908039513197865,rape_risk
bhatara,sunday,night,23.728907,90.417137,0.3173072935671476,0.0,0.0,0.0,0.3173072935671476,0.0,0.0,1,0,0,0,1,0,0,Low,9.759609403507213,bodyfound_risk
bhatara,thursday,night,23.728907,90.417137,0.3288189488177267,0.0,0.3288189488177267,0.0,0.0,0.0,0.0,1,0,1,0,0,0,0,Low,9.9322842322659,rape_risk
bhatara,tuesday,night,23.728907,90.417137,0.32111926394177387,0.0,0.0,0.0,0.32111926394177387,0.0,0.0,1,0,0,0,1,0,0,Low,9.816788959126608,bodyfound_risk
bhatara,wednesday,night,23.728907,90.417137,0.3294820620723184,0.3294820620723184,0.0,0.0,0.0,0.0,0.0,1,1,0,0,0,0,0,Low,9.942230931084776,murder_risk
bhedarganj,thursday,evening,23.2083,90.4417,0.3983062006843793,0.0,0.0,0.3983062006843793,0.0,0.0,0.0,1,0,0,1,0,0,0,Moderate,10.97459301026569,kidnap_risk
bheramara,monday,morning,24.0167,88.9917,0.11955055320916098,0.0,0.0,0.0,0.0,0.0,0.11955055320916098,1,0,0,0,0,0,1,Very Low,6.793258298137415,assault_risk
bheramara,monday,night,24.0167,88.9917,0.14154297759775253,0.14154297759775253,0.0,0.0,0.0,0.0,0.0,1,1,0,0,0,0,0,Very Low,7.123144663966288,murder_risk
bheramara,saturday,night,24.0167,88.9917,0.1163135496528779,0.0,0.0,0.0,0.0,0.0,0.1163135496528779,1,0,0,0,0,0,1,Very Low,6.744703244793168,assault_risk
bheramara,sunday,night,24.0167,88.9917,0.13407039613059538,0.0,0.13407039613059538,0.0,0.0,0.0,0.0,1,0,1,0,0,0,0,Very Low,7.011055941958931,rape_risk
bheramara,thursday,morning,24.0167,88.9917,0.11788050668336576,0.0,0.0,0.0,0.11788050668336576,0.0,0.0,1,0,0,0,1,0,0,Very Low,6.768207600250486,bodyfound_risk
bheramara,thursday,night,24.0167,88.9917,0.17529309061175735,0.0,0.17529309061175735,0.0,0.0,0.0,0.0,2,0,2,0,0,0,0,Very Low,7.6293963591763605,rape_risk
bheramara,tuesday,night,24.0167,88.9917,0.12898761718637305,0.12898761718637305,0.0,0.0,0.0,0.0,0.0,1,1,0,0,0,0,0,Very Low,6.934814257795596,murder_risk
bheramara,wednesday,night,24.0167,88.9917,0.17681946141313387,0.17681946141313387,0.0,0.0,0.0,0.0,0.0,2,2,0,0,0,0,0,Very Low,7.652291921197008,murder_risk
bheribandh,tuesday,night,23.784506,90.403409,0.5692548787757187,0.0,0.0,0.0,0.0,0.5692548787757187,0.0,1,0,0,0,0,1,0,High,13.538823181635781,robbery_risk
bhola,tuesday,afternoon,22.6903,90.6525,0.4134129178414225,0.0,0.0,0.0,0.0,0.0,0.4134129178414225,1,0,0,0,0,0,1,Moderate,11.201193767621337,assault_risk
bhola sadar,friday,night,22.6903,90.6525,0.17398790157980398,0.17398790157980398,0.0,0.0,0.0,0.0,0.0,1,1,0,0,0,0,0,Very Low,7.60981852369706,murder_risk
bhola sadar,monday,night,22.6903,90.6525,0.14733211437670268,0.0,0.14733211437670268,0.0,0.0,0.0,0.0,1,0,1,0,0,0,0,Very Low,7.209981715650541,rape_risk
bhola sadar,saturday,night,22.6903,90.6525,0.14908092406708856,0.0,0.14908092406708856,0.0,0.0,0.0,0.0,1,0,1,0,0,0,0,Very Low,7.236213861006329,rape_risk
bhola sadar,sunday,morning,22.6903,90.6525,0.15584222088310243,0.0,0.0,0.0,0.15584222088310243,0.0,0.0,1,0,0,0,1,0,0,Very Low,7.337633313246537,bodyfound_risk
bhola sadar,sunday,night,22.6903,90.6525,0.18948700502905447,0.0,0.0,0.09474350251452723,0.0,0.09474350251452723,0.0,2,0,0,1,0,1,0,Very Low,7.842305075435817,kidnap_risk
bhola sadar,wednesday,morning,22.6903,90.6525,0.1577174370823945,0.0,0.0,0.0,0.1577174370823945,0.0,0.0,1,0,0,0,1,0,0,Very Low,7.365761556235917,bodyfound_risk
bholahat,monday,noon,24.9389,88.2028,0.18600747192794695,0.18600747192794695,0.0,0.0,0.0,0.0,0.0,1,1,0,0,0,0,0,Very Low,7.790112078919204,murder_risk
bholahat,saturday,night,24.9389,88.2028,0.18059894106529323,0.0,0.18059894106529323,0.0,0.0,0.0,0.0,1,0,1,0,0,0,0,Very Low,7.708984115979399,rape_risk
bholahat,thursday,morning,24.9389,88.2028,0.18624167042737722,0.0,0.0,0.0,0.18624167042737722,0.0,0.0,1,0,0,0,1,0,0,Very Low,7.793625056410658,bodyfound_risk
bhuapur,friday,morning,24.4583,89.8667,0.13583806614936283,0.0,0.0,0.13583806614936283,0.0,0.0,0.0,1,0,0,1,0,0,0,Very Low,7.037570992240442,kidnap_risk
bhuapur,friday,night,24.4583,89.8667,0.20179775432647717,0.10089887716323859,0.10089887716323859,0.0,0.0,0.0,0.0,2,1,1,0,0,0,0,Low,8.026966314897157,murder_risk
bhuapur,thursday,morning,24.4583,89.8667,0.12913911719939064,0.0,0.0,0.0,0.12913911719939064,0.0,0.0,1,0,0,0,1,0,0,Very Low,6.93708675799086,bodyfound_risk
bhuapur,thursday,night,24.4583,89.8667,0.20207383249935387,0.0,0.20207383249935387,0.0,0.0,0.0,0.0,2,0,2,0,0,0,0,Low,8.031107487490308,rape_risk
bhuapur,wednesday,morning,24.4583,89.8667,0.14017295052268836,0.0,0.0,0.0,0.0,0.14017295052268836,0.0,1,0,0,0,0,1,0,Very Low,7.102594257840325,robbery_risk
bhurungamari,wednesday,night,26.125,89.6833,0.39827203134621747,0.0,0.0,0.39827203134621747,0.0,0.0,0.0,1,0,0,1,0,0,0,Moderate,10.974080470193261,kidnap_risk
bijoy sarani,saturday,night,23.763781,90.389061,0.42666810576330727,0.0,0.0,0.0,0.42666810576330727,0.0,0.0,1,0,0,0,1,0,0,Moderate,11.40002158644961,bodyfound_risk
bijoy sarani,sunday,night,23.763781,90.389061,0.4256957699172529,0.0,0.0,0.0,0.0,0.4256957699172529,0.0,1,0,0,0,0,1,0,Moderate,11.385436548758793,robbery_risk
bijoynagar,friday,morning,24.0211,91.2797,0.09205266999162277,0.0,0.0,0.0,0.09205266999162277,0.0,0.0,1,0,0,0,1,0,0,Very Low,6.380790049874341,bodyfound_risk
bijoynagar,monday,night,24.0211,91.2797,0.19973279427724955,0.133155196184833,0.0,0.0,0.0,0.0,0.0665775980924165,3,2,0,0,0,0,1,Very Low,7.995991914158743,murder_risk
bijoynagar,sunday,morning,23.784506,90.403409,0.2901966485732062,0.0,0.0,0.0,0.0,0.0,0.2901966485732062,1,0,0,0,0,0,1,Low,9.352949728598093,assault_risk
bijoynagar,sunday,night,24.0211,91.2797,0.1112330111137711,0.1112330111137711,0.0,0.0,0.0,0.0,0.0,1,1,0,0,0,0,0,Very Low,6.668495166706567,murder_risk
bijoynagar,thursday,morning,24.0211,91.2797,0.11250802929585309,0.0,0.0,0.0,0.0,0.0,0.11250802929585309,1,0,0,0,0,0,1,Very Low,6.687620439437796,assault_risk
bijoynagar,tuesday,evening,23.784506,90.403409,0.31113609932895625,0.0,0.0,0.0,0.0,0.0,0.31113609932895625,1,0,0,0,0,0,1,Low,9.667041489934345,assault_risk
bijoynagar,tuesday,morning,24.0211,91.2797,0.17616422427824752,0.05872140809274917,0.05872140809274917,0.0,0.05872140809274917,0.0,0.0,3,1,1,0,1,0,0,Very Low,7.642463364173713,murder_risk
bijoynagar,wednesday,afternoon,23.784506,90.403409,0.29744598490430685,0.0,0.0,0.0,0.29744598490430685,0.0,0.0,1,0,0,0,1,0,0,Low,9.461689773564602,bodyfound_risk
bijoynagar,wednesday,morning,24.0211,91.2797,0.10388594353986615,0.0,0.0,0.0,0.10388594353986615,0.0,0.0,1,0,0,0,1,0,0,Very Low,6.558289153097992,bodyfound_risk
birampur,monday,morning,25.3783,88.9833,0.11314475378646091,0.0,0.0,0.0,0.11314475378646091,0.0,0.0,1,0,0,0,1,0,0,Very Low,6.697171306796914,bodyfound_risk
birampur,monday,night,25.3783,88.9833,0.11279062074945342,0.0,0.0,0.0,0.11279062074945342,0.0,0.0,1,0,0,0,1,0,0,Very Low,6.691859311241801,bodyfound_risk
birampur,monday,noon,25.3783,88.9833,0.1087992863586059,0.0,0.0,0.0,0.0,0.1087992863586059,0.0,1,0,0,0,0,1,0,Very Low,6.631989295379089,robbery_risk
birampur,saturday,morning,25.3783,88.9833,0.1900012111805493,0.0633337370601831,0.0,0.0633337370601831,0.0633337370601831,0.0,0.0,3,1,0,1,1,0,0,Very Low,7.85001816770824,murder_risk
birampur,sunday,afternoon,25.3783,88.9833,0.12508083916688642,0.12508083916688642,0.0,0.0,0.0,0.0,0.0,1,1,0,0,0,0,0,Very Low,6.8762125875032964,murder_risk
birampur,thursday,evening,25.3783,88.9833,0.1077888112649674,0.0,0.0,0.0,0.1077888112649674,0.0,0.0,1,0,0,0,1,0,0,Very Low,6.616832168974511,bodyfound_risk
birampur,thursday,morning,25.3783,88.9833,0.17156675291473367,0.0,0.05718891763824455,0.05718891763824455,0.0,0.0,0.05718891763824455,3,0,1,1,0,0,1,Very Low,7.573501293721005,rape_risk
birampur,thursday,noon,25.3783,88.9833,0.11171284580970797,0.0,0.0,0.0,0.11171284580970797,0.0,0.0,1,0,0,0,1,0,0,Very Low,6.67569268714562,bodyfound_risk
birampur,tuesday,afternoon,25.3783,88.9833,0.13364144856621774,0.13364144856621774,0.0,0.0,0.0,0.0,0.0,1,1,0,0,0,0,0,Very Low,7.004621728493266,murder_risk
birampur,wednesday,morning,25.3783,88.9833,0.14641551277491233,0.0,0.07320775638745616,0.0,0.07320775638745616,0.0,0.0,2,0,1,0,1,0,0,Very Low,7.196232691623685,rape_risk
birganj,friday,night,26.0,88.5833,0.15167624617771325,0.0,0.15167624617771325,0.0,0.0,0.0,0.0,2,0,2,0,0,0,0,Very Low,7.275143692665699,rape_risk
birganj,friday,noon,26.0,88.5833,0.12167990969531625,0.0,0.12167990969531625,0.0,0.0,0.0,0.0,1,0,1,0,0,0,0,Very Low,6.825198645429744,rape_risk
birganj,monday,afternoon,26.0,88.5833,0.11722634827279935,0.0,0.11722634827279935,0.0,0.0,0.0,0.0,1,0,1,0,0,0,0,Very Low,6.7583952240919904,rape_risk
birganj,monday,night,26.0,88.5833,0.11181714658542616,0.0,0.0,0.0,0.0,0.0,0.11181714658542616,1,0,0,0,0,0,1,Very Low,6.677257198781392,assault_risk
birganj,saturday,afternoon,26.0,88.5833,0.1276476462512761,0.1276476462512761,0.0,0.0,0.0,0.0,0.0,1,1,0,0,0,0,0,Very Low,6.914714693769142,murder_risk
birganj,saturday,morning,26.0,88.5833,0.14937489963682982,0.0,0.07468744981841491,0.0,0.07468744981841491,0.0,0.0,2,0,1,0,1,0,0,Very Low,7.240623494552447,rape_risk
birganj,sunday,morning,26.0,88.5833,0.1222576562010171,0.0,0.0,0.0,0.1222576562010171,0.0,0.0,1,0,0,0,1,0,0,Very Low,6.833864843015256,bodyfound_risk
birganj,thursday,evening,26.0,88.5833,0.13579524148265654,0.0,0.13579524148265654,0.0,0.0,0.0,0.0,1,0,1,0,0,0,0,Very Low,7.036928622239849,rape_risk
birganj,thursday,night,26.0,88.5833,0.1282687456413663,0.0,0.0,0.0,0.0,0.0,0.1282687456413663,1,0,0,0,0,0,1,Very Low,6.924031184620494,assault_risk
birganj,thursday,noon,26.0,88.5833,0.1570363198595115,0.1570363198595115,0.0,0.0,0.0,0.0,0.0,2,2,0,0,0,0,0,Very Low,7.355544797892673,murder_risk
birganj,tuesday,afternoon,26.0,88.5833,0.128052453848969,0.128052453848969,0.0,0.0,0.0,0.0,0.0,1,1,0,0,0,0,0,Very Low,6.920786807734535,murder_risk
birganj,tuesday,morning,26.0,88.5833,0.1340082247285077,0.0,0.0,0.0,0.1340082247285077,0.0,0.0,2,0,0,0,2,0,0,Very Low,7.010123370927616,bodyfound_risk
birganj,tuesday,night,26.0,88.5833,0.16258525831034834,0.0,0.05419508610344945,0.0,0.05419508610344945,0.0,0.05419508610344945,3,0,1,0,1,0,1,Very Low,7.438778874655226,rape_risk
birganj,tuesday,noon,26.0,88.5833,0.13622573477061284,0.0,0.06811286738530642,0.0,0.06811286738530642,0.0,0.0,2,0,1,0,1,0,0,Very Low,7.043386021559193,rape_risk
birol,friday,morning,25.6333,88.5333,0.1772217115829356,0.0,0.0,0.0,0.1772217115829356,0.0,0.0,2,0,0,0,2,0,0,Very Low,7.658325673744034,bodyfound_risk
birol,friday,night,25.6333,88.5333,0.16846635788059883,0.0,0.08423317894029941,0.0,0.0,0.0,0.08423317894029941,2,0,1,0,0,0,1,Very Low,7.526995368208983,rape_risk
birol,sunday,morning,25.6333,88.5333,0.1350966298472953,0.0,0.1350966298472953,0.0,0.0,0.0,0.0,1,0,1,0,0,0,0,Very Low,7.02644944770943,rape_risk
birol,thursday,night,25.6333,88.5333,0.16070432745584695,0.0,0.0,0.0,0.0,0.16070432745584695,0.0,2,0,0,0,0,2,0,Very Low,7.410564911837705,robbery_risk
birol,tuesday,night,25.6333,88.5333,0.1319012378709948,0.0,0.1319012378709948,0.0,0.0,0.0,0.0,1,0,1,0,0,0,0,Very Low,6.978518568064922,rape_risk
birol,tuesday,noon,25.6333,88.5333,0.1711959590081391,0.0,0.1711959590081391,0.0,0.0,0.0,0.0,2,0,2,0,0,0,0,Very Low,7.567939385122086,rape_risk
birol,wednesday,evening,25.6333,88.5333,0.12885143205076988,0.12885143205076988,0.0,0.0,0.0,0.0,0.0,1,1,0,0,0,0,0,Very Low,6.932771480761549,murder_risk
birol,wednesday,night,25.6333,88.5333,0.12423451504150113,0.0,0.0,0.0,0.0,0.12423451504150113,0.0,1,0,0,0,0,1,0,Very Low,6.863517725622517,robbery_risk
bishwambarpur,wednesday,morning,25.1,91.3,0.38208302209214423,0.0,0.0,0.0,0.0,0.0,0.38208302209214423,1,0,0,0,0,0,1,Moderate,10.731245331382164,assault_risk
bishwanath,friday,evening,24.8083,91.7639,0.1321980554322699,0.0,0.0,0.1321980554322699,0.0,0.0,0.0,1,0,0,1,0,0,0,Very Low,6.982970831484049,kidnap_risk
bishwanath,friday,morning,24.8083,91.7639,0.13460150352365735,0.13460150352365735,0.0,0.0,0.0,0.0,0.0,1,1,0,0,0,0,0,Very Low,7.01902255285486,murder_risk
bishwanath,monday,afternoon,24.8083,91.7639,0.13457472989885766,0.0,0.0,0.0,0.13457472989885766,0.0,0.0,1,0,0,0,1,0,0,Very Low,7.018620948482865,bodyfound_risk
bishwanath,thursday,evening,24.8083,91.7639,0.13227824977814318,0.0,0.0,0.13227824977814318,0.0,0.0,0.0,1,0,0,1,0,0,0,Very Low,6.984173746672147,kidnap_risk
bishwanath,tuesday,afternoon,24.8083,91.7639,0.1291764740109916,0.0,0.0,0.0,0.0,0.1291764740109916,0.0,1,0,0,0,0,1,0,Very Low,6.937647110164875,robbery_risk
bishwanath,wednesday,morning,24.8083,91.7639,0.13475912118769007,0.13475912118769007,0.0,0.0,0.0,0.0,0.0,1,1,0,0,0,0,0,Very Low,7.021386817815351,murder_risk
bishwanath,wednesday,night,24.8083,91.7639,0.19650549535610534,0.09825274767805267,0.09825274767805267,0.0,0.0,0.0,0.0,2,1,1,0,0,0,0,Very Low,7.94758243034158,murder_risk
boalkhali,friday,morning,22.31667,91.81667,0.10759177958688747,0.0,0.0,0.0,0.10759177958688747,0.0,0.0,1,0,0,0,1,0,0,Very Low,6.613876693803312,bodyfound_risk
boalkhali,monday,morning,22.31667,91.81667,0.13621198945702945,0.0,0.0,0.0,0.13621198945702945,0.0,0.0,2,0,0,0,2,0,0,Very Low,7.043179841855442,bodyfound_risk
boalkhali,monday,night,22.31667,91.81667,0.141926135422483,0.0,0.0,0.0,0.0709630677112415,0.0709630677112415,0.0,2,0,0,0,1,1,0,Very Low,7.128892031337245,bodyfound_risk
boalkhali,saturday,morning,22.31667,91.81667,0.08865882984528835,0.0,0.0,0.0,0.08865882984528835,0.0,0.0,1,0,0,0,1,0,0,Very Low,6.329882447679325,bodyfound_risk
boalkhali,saturday,night,22.31667,91.81667,0.10656842431723466,0.0,0.0,0.0,0.0,0.0,0.10656842431723466,1,0,0,0,0,0,1,Very Low,6.59852636475852,assault_risk
boalkhali,sunday,morning,22.31667,91.81667,0.11899158780615154,0.0,0.0,0.0,0.0,0.0,0.11899158780615154,1,0,0,0,0,0,1,Very Low,6.784873817092273,assault_risk
boalkhali,thursday,night,22.31667,91.81667,0.1440993034240774,0.0720496517120387,0.0720496517120387,0.0,0.0,0.0,0.0,2,1,1,0,0,0,0,Very Low,7.161489551361161,murder_risk
boalkhali,tuesday,morning,22.31667,91.81667,0.09913445854049655,0.0,0.0,0.0,0.09913445854049655,0.0,0.0,1,0,0,0,1,0,0,Very Low,6.487016878107449,bodyfound_risk
boalkhali,tuesday,night,22.31667,91.81667,0.14700373463640337,0.07350186731820169,0.07350186731820169,0.0,0.0,0.0,0.0,2,1,1,0,0,0,0,Very Low,7.205056019546051,murder_risk
boalkhali,wednesday,afternoon,22.31667,91.81667,0.10550540412556253,0.0,0.0,0.0,0.10550540412556253,0.0,0.0,1,0,0,0,1,0,0,Very Low,6.582581061883438,bodyfound_risk
boalkhali,wednesday,morning,22.31667,91.81667,0.09942303100153149,0.0,0.0,0.0,0.09942303100153149,0.0,0.0,1,0,0,0,1,0,0,Very Low,6.491345465022972,bodyfound_risk
boalkhali,wednesday,night,22.31667,91.81667,0.10608230936634717,0.0,0.0,0.0,0.0,0.10608230936634717,0.0,1,0,0,0,0,1,0,Very Low,6.591234640495207,robbery_risk
boalkhali,wednesday,noon,22.31667,91.81667,0.10607241516191572,0.0,0.0,0.0,0.10607241516191572,0.0,0.0,1,0,0,0,1,0,0,Very Low,6.591086227428736,bodyfound_risk
boalmari,friday,noon,23.3917,89.6833,0.15677214654397686,0.0,0.15677214654397686,0.0,0.0,0.0,0.0,1,0,1,0,0,0,0,Very Low,7.351582198159653,rape_risk
boalmari,monday,night,23.3917,89.6833,0.13199406164256378,0.0,0.0,0.0,0.0,0.13199406164256378,0.0,1,0,0,0,0,1,0,Very Low,6.979910924638457,robbery_risk
boalmari,sunday,evening,23.3917,89.6833,0.15573623226940742,0.0,0.15573623226940742,0.0,0.0,0.0,0.0,1,0,1,0,0,0,0,Very Low,7.336043484041111,rape_risk
boalmari,tuesday,morning,23.3917,89.6833,0.19818463644726086,0.19818463644726086,0.0,0.0,0.0,0.0,0.0,2,2,0,0,0,0,0,Very Low,7.972769546708912,murder_risk
boalmari,wednesday,morning,23.3917,89.68329999999999,0.2450547516588227,0.08168491721960756,0.0,0.0,0.16336983443921513,0.0,0.0,3,1,0,0,2,0,0,Low,8.67582127488234,bodyfound_risk
bochaganj,friday,morning,25.8,88.4611,0.14523862845568597,0.0,0.0,0.0,0.14523862845568597,0.0,0.0,1,0,0,0,1,0,0,Very Low,7.17857942683529,bodyfound_risk
bochaganj,saturday,night,25.8,88.4611,0.15511828894560453,0.15511828894560453,0.0,0.0,0.0,0.0,0.0,1,1,0,0,0,0,0,Very Low,7.326774334184067,murder_risk
bochaganj,thursday,night,25.8,88.4611,0.14899390431374365,0.0,0.0,0.0,0.14899390431374365,0.0,0.0,1,0,0,0,1,0,0,Very Low,7.234908564706155,bodyfound_risk
bochaganj,tuesday,night,25.8,88.4611,0.1418663531822046,0.1418663531822046,0.0,0.0,0.0,0.0,0.0,1,1,0,0,0,0,0,Very Low,7.127995297733069,murder_risk
bochaganj,wednesday,night,25.8,88.4611,0.20487760889028941,0.0,0.0,0.0,0.0,0.0,0.20487760889028941,2,0,0,0,0,0,2,Low,8.073164133354341,assault_risk
boda,tuesday,afternoon,26.2083,88.5597,0.19781634478251925,0.0,0.0,0.0,0.19781634478251925,0.0,0.0,1,0,0,0,1,0,0,Very Low,7.967245171737789,bodyfound_risk
boda,tuesday,night,26.2083,88.5597,0.20484239208004368,0.20484239208004368,0.0,0.0,0.0,0.0,0.0,1,1,0,0,0,0,0,Low,8.072635881200656,murder_risk
boda,wednesday,morning,26.2083,88.5597,0.17960455311398416,0.0,0.0,0.0,0.17960455311398416,0.0,0.0,1,0,0,0,1,0,0,Very Low,7.694068296709762,bodyfound_risk
bogra sadar,friday,afternoon,24.8417,89.375,0.1185008933064176,0.1185008933064176,0.0,0.0,0.0,0.0,0.0,1,1,0,0,0,0,0,Very Low,6.777513399596264,murder_risk
bogra sadar,friday,night,24.8417,89.375,0.13847222068661802,0.0,0.06923611034330901,0.0,0.06923611034330901,0.0,0.0,2,0,1,0,1,0,0,Very Low,7.077083310299271,rape_risk
bogra sadar,monday,evening,24.8417,89.375,0.11408074665600665,0.0,0.0,0.11408074665600665,0.0,0.0,0.0,2,0,0,2,0,0,0,Very Low,6.7112111998401,kidnap_risk
bogra sadar,monday,morning,24.8417,89.375,0.10057783565240913,0.0,0.0,0.0,0.0,0.0,0.10057783565240913,1,0,0,0,0,0,1,Very Low,6.508667534786137,assault_risk
bogra sadar,monday,night,24.8417,89.375,0.30247095691552306,0.025205913076293586,0.025205913076293586,0.05041182615258717,0.025205913076293586,0.12602956538146795,0.05041182615258717,12,1,1,2,1,5,2,Low,9.537064353732845,robbery_risk
bogra sadar,saturday,evening,24.8417,89.375,0.11769038159801207,0.0,0.0,0.11769038159801207,0.0,0.0,0.0,1,0,0,1,0,0,0,Very Low,6.765355723970181,kidnap_risk
bogra sadar,saturday,morning,24.8417,89.375,0.11039752383946638,0.0,0.0,0.0,0.0,0.11039752383946638,0.0,1,0,0,0,0,1,0,Very Low,6.655962857591996,robbery_risk
bogra sadar,saturday,night,24.8417,89.375,0.1883688260394779,0.04709220650986948,0.0,0.09418441301973896,0.0,0.0,0.04709220650986948,4,1,0,2,0,0,1,Very Low,7.825532390592169,kidnap_risk
bogra sadar,saturday,noon,24.8417,89.375,0.12127488036102735,0.0,0.0,0.0,0.12127488036102735,0.0,0.0,1,0,0,0,1,0,0,Very Low,6.81912320541541,bodyfound_risk
bogra sadar,sunday,afternoon,24.8417,89.375,0.12211680032607489,0.0,0.0,0.0,0.0,0.0,0.12211680032607489,1,0,0,0,0,0,1,Very Low,6.831752004891124,assault_risk
bogra sadar,sunday,evening,24.8417,89.375,0.12455020077225924,0.0,0.0,0.0,0.12455020077225924,0.0,0.0,1,0,0,0,1,0,0,Very Low,6.868253011583889,bodyfound_risk
bogra sadar,sunday,morning,24.8417,89.375,0.14775515919523177,0.04925171973174392,0.0,0.0,0.04925171973174392,0.04925171973174392,0.0,3,1,0,0,1,1,0,Very Low,7.216327387928477,murder_risk
bogra sadar,sunday,night,24.8417,89.375,0.14777607606093063,0.14777607606093063,0.0,0.0,0.0,0.0,0.0,2,2,0,0,0,0,0,Very Low,7.216641140913959,murder_risk
bogra sadar,sunday,noon,24.8417,89.375,0.11530955115417144,0.0,0.0,0.0,0.0,0.0,0.11530955115417144,1,0,0,0,0,0,1,Very Low,6.7296432673125715,assault_risk
bogra sadar,thursday,morning,24.8417,89.375,0.18464170732358798,0.036928341464717594,0.0,0.0,0.036928341464717594,0.036928341464717594,0.07385668292943519,5,1,0,0,1,1,2,Very Low,7.7696256098538194,assault_risk
bogra sadar,thursday,night,24.8417,89.375,0.22642054130603623,0.07547351376867874,0.07547351376867874,0.0,0.0,0.03773675688433937,0.03773675688433937,6,2,2,0,0,1,1,Low,8.396308119590543,murder_risk
bogra sadar,thursday,noon,24.8417,89.375,0.11429824234825661,0.0,0.0,0.0,0.0,0.0,0.11429824234825661,1,0,0,0,0,0,1,Very Low,6.714473635223849,assault_risk
bogra sadar,tuesday,evening,24.8417,89.375,0.19389679895593603,0.0,0.0,0.19389679895593603,0.0,0.0,0.0,5,0,0,5,0,0,0,Very Low,7.90845198433904,kidnap_risk
bogra sadar,tuesday,morning,24.8417,89.375,0.17843521447956381,0.044608803619890953,0.044608803619890953,0.0,0.08921760723978191,0.0,0.0,4,1,1,0,2,0,0,Very Low,7.676528217193457,bodyfound_risk
bogra sadar,wednesday,afternoon,24.8417,89.375,0.11718786810342949,0.0,0.0,0.0,0.0,0.0,0.11718786810342949,1,0,0,0,0,0,1,Very Low,6.757818021551442,assault_risk
bogra sadar,wednesday,morning,24.8417,89.375,0.10047164534787116,0.0,0.0,0.0,0.0,0.10047164534787116,0.0,1,0,0,0,0,1,0,Very Low,6.507074680218068,robbery_risk
bogra sadar,wednesday,night,24.8417,89.375,0.14443147434415188,0.04814382478138396,0.0,0.04814382478138396,0.0,0.0,0.04814382478138396,3,1,0,1,0,0,1,Very Low,7.1664721151622786,murder_risk
bogra sadar,wednesday,noon,24.8417,89.375,0.14527544660124447,0.14527544660124447,0.0,0.0,0.0,0.0,0.0,2,2,0,0,0,0,0,Very Low,7.179131699018667,murder_risk
bokshiganj,friday,afternoon,25.185884,89.869977,0.13234669269985483,0.13234669269985483,0.0,0.0,0.0,0.0,0.0,1,1,0,0,0,0,0,Very Low,6.985200390497822,murder_risk
bokshiganj,friday,morning,25.185884,89.869977,0.1376672475344612,0.0,0.0,0.0,0.0,0.0,0.1376672475344612,1,0,0,0,0,0,1,Very Low,7.065008713016917,assault_risk
bokshiganj,friday,night,25.185884,89.869977,0.17813591850242333,0.17813591850242333,0.0,0.0,0.0,0.0,0.0,2,2,0,0,0,0,0,Very Low,7.6720387775363506,murder_risk
bokshiganj,monday,morning,25.185884,89.869977,0.09380952190106552,0.0,0.0,0.0,0.09380952190106552,0.0,0.0,1,0,0,0,1,0,0,Very Low,6.407142828515983,bodyfound_risk
bokshiganj,saturday,morning,25.185884,89.869977,0.1042310265853717,0.0,0.0,0.0,0.1042310265853717,0.0,0.0,1,0,0,0,1,0,0,Very Low,6.5634653987805756,bodyfound_risk
bokshiganj,saturday,night,25.185884,89.869977,0.12930418947176012,0.12930418947176012,0.0,0.0,0.0,0.0,0.0,1,1,0,0,0,0,0,Very Low,6.939562842076402,murder_risk
bokshiganj,thursday,afternoon,25.18627,89.86886,0.13603258941226679,0.13603258941226679,0.0,0.0,0.0,0.0,0.0,1,1,0,0,0,0,0,Very Low,7.040488841184002,murder_risk
bokshiganj,thursday,morning,25.185884,89.869977,0.13591097047488246,0.13591097047488246,0.0,0.0,0.0,0.0,0.0,1,1,0,0,0,0,0,Very Low,7.038664557123237,murder_risk
bokshiganj,wednesday,evening,25.185884,89.869977,0.13250086251620097,0.0,0.0,0.0,0.0,0.0,0.13250086251620097,1,0,0,0,0,0,1,Very Low,6.9875129377430145,assault_risk
bongshal,friday,night,23.716838,90.405322,0.3953470643652412,0.3953470643652412,0.0,0.0,0.0,0.0,0.0,1,1,0,0,0,0,0,Moderate,10.930205965478617,murder_risk
bongshal,sunday,evening,23.716838,90.405322,0.37893457552348797,0.0,0.37893457552348797,0.0,0.0,0.0,0.0,1,0,1,0,0,0,0,Moderate,10.68401863285232,rape_risk
bongshal,tuesday,evening,23.716838,90.405322,0.38411516357157144,0.0,0.0,0.38411516357157144,0.0,0.0,0.0,1,0,0,1,0,0,0,Moderate,10.76172745357357,kidnap_risk
boroghortola,sunday,morning,23.784506,90.403409,0.5718222175235941,0.0,0.0,0.0,0.5718222175235941,0.0,0.0,1,0,0,0,1,0,0,High,13.57733326285391,bodyfound_risk
botiaghata,sunday,night,22.7417,89.5167,0.39684401775685907,0.39684401775685907,0.0,0.0,0.0,0.0,0.0,1,1,0,0,0,0,0,Moderate,10.952660266352886,murder_risk
brahmanbaria sadar,friday,morning,23.9528,91.1167,0.11888921239518557,0.059444606197592786,0.0,0.0,0.059444606197592786,0.0,0.0,2,1,0,0,1,0,0,Very Low,6.783338185927784,murder_risk
brahmanbaria sadar,monday,evening,23.9528,91.1167,0.10606834026533303,0.0,0.0,0.10606834026533303,0.0,0.0,0.0,1,0,0,1,0,0,0,Very Low,6.591025103979995,kidnap_risk
brahmanbaria sadar,monday,morning,23.9528,91.1167,0.16719954170483264,0.04179988542620816,0.0,0.04179988542620816,0.08359977085241632,0.0,0.0,4,1,0,1,2,0,0,Very Low,7.50799312557249,bodyfound_risk
brahmanbaria sadar,saturday,morning,23.9528,91.1167,0.15607624590016478,0.10405083060010985,0.052025415300054924,0.0,0.0,0.0,0.0,3,2,1,0,0,0,0,Very Low,7.341143688502472,murder_risk
brahmanbaria sadar,saturday,night,23.9528,91.1167,0.12359903679720555,0.0,0.0,0.0,0.0,0.0,0.12359903679720555,2,0,0,0,0,0,2,Very Low,6.8539855519580835,assault_risk
brahmanbaria sadar,saturday,noon,23.9528,91.1167,0.10230683967091637,0.0,0.0,0.0,0.10230683967091637,0.0,0.0,1,0,0,0,1,0,0,Very Low,6.534602595063745,bodyfound_risk
brahmanbaria sadar,sunday,afternoon,23.9528,91.1167,0.1464503574808937,0.0,0.0,0.0,0.1464503574808937,0.0,0.0,3,0,0,0,3,0,0,Very Low,7.1967553622134055,bodyfound_risk
brahmanbaria sadar,sunday,morning,23.9528,91.1167,0.1058662901881647,0.0,0.0,0.0,0.0,0.0,0.1058662901881647,1,0,0,0,0,0,1,Very Low,6.58799435282247,assault_risk
brahmanbaria sadar,sunday,noon,23.9528,91.1167,0.10781882272261742,0.0,0.0,0.0,0.0,0.0,0.10781882272261742,1,0,0,0,0,0,1,Very Low,6.617282340839261,assault_risk
brahmanbaria sadar,thursday,morning,23.9528,91.1167,0.14733216188845777,0.04911072062948592,0.0,0.0,0.04911072062948592,0.04911072062948592,0.0,3,1,0,0,1,1,0,Very Low,7.2099824283268665,murder_risk
brahmanbaria sadar,thursday,night,23.9528,91.1167,0.08211412274454791,0.0,0.0,0.0,0.08211412274454791,0.0,0.0,1,0,0,0,1,0,0,Very Low,6.231711841168218,bodyfound_risk
brahmanbaria sadar,tuesday,morning,23.9528,91.1167,0.1579037218069625,0.1579037218069625,0.0,0.0,0.0,0.0,0.0,3,3,0,0,0,0,0,Very Low,7.368555827104437,murder_risk
brahmanbaria sadar,tuesday,night,23.9528,91.1167,0.0992431170356684,0.0,0.0,0.0,0.0,0.0,0.0992431170356684,1,0,0,0,0,0,1,Very Low,6.488646755535026,assault_risk
brahmanbaria sadar,wednesday,morning,23.9528,91.1167,0.24759319619897546,0.1061113697995609,0.07074091319970727,0.035370456599853634,0.0,0.035370456599853634,0.0,7,3,2,1,0,1,0,Low,8.713897942984632,murder_risk
brahmanbaria sadar,wednesday,night,23.9528,91.1167,0.07855546463159688,0.0,0.0,0.0,0.0,0.0,0.07855546463159688,1,0,0,0,0,0,1,Very Low,6.178331969473954,assault_risk
brahmanbaria sadar,wednesday,noon,23.9528,91.1167,0.07790802585351105,0.0,0.0,0.0,0.0,0.0,0.07790802585351105,1,0,0,0,0,0,1,Very Low,6.168620387802665,assault_risk
brahmanpara,saturday,night,23.6167,91.1083,0.4135445621907493,0.4135445621907493,0.0,0.0,0.0,0.0,0.0,2,2,0,0,0,0,0,Moderate,11.20316843286124,murder_risk
burichang,monday,evening,23.55,91.1264,0.32427600323707867,0.0,0.32427600323707867,0.0,0.0,0.0,0.0,4,0,4,0,0,0,0,Low,9.86414004855618,rape_risk
burichang,sunday,night,23.55,91.1264,0.14302271473131195,0.0,0.0,0.0,0.0,0.14302271473131195,0.0,1,0,0,0,0,1,0,Very Low,7.1453407209696795,robbery_risk
burichang,tuesday,night,23.55,91.1264,0.13747849923479558,0.0,0.0,0.0,0.0,0.13747849923479558,0.0,1,0,0,0,0,1,0,Very Low,7.062177488521934,robbery_risk
burichang,wednesday,morning,23.55,91.1264,0.1399735235839497,0.0,0.0,0.0,0.1399735235839497,0.0,0.0,1,0,0,0,1,0,0,Very Low,7.0996028537592455,bodyfound_risk
buriganga,wednesday,afternoon,23.784506,90.403409,0.5716169096954402,0.0,0.0,0.0,0.5716169096954402,0.0,0.0,1,0,0,0,1,0,0,High,13.574253645431604,bodyfound_risk
cantonment,monday,night,23.81039,90.406568,0.4096417673971276,0.4096417673971276,0.0,0.0,0.0,0.0,0.0,1,1,0,0,0,0,0,Moderate,11.144626510956915,murder_risk
cantonment,thursday,morning,23.81039,90.406568,0.4301478442458868,0.0,0.0,0.0,0.4301478442458868,0.0,0.0,1,0,0,0,1,0,0,Moderate,11.452217663688302,bodyfound_risk
chakaria,friday,night,21.7861,92.0778,0.230784417884137,0.0,0.17308831341310277,0.0,0.0,0.05769610447103425,0.0,4,0,3,0,0,1,0,Low,8.461766268262055,rape_risk
chakaria,monday,night,21.7861,92.07779999999998,0.20089754052033787,0.0,0.20089754052033787,0.0,0.0,0.0,0.0,3,0,3,0,0,0,0,Low,8.013463107805068,rape_risk
chakaria,monday,noon,21.7861,92.0778,0.1295981252329932,0.0,0.1295981252329932,0.0,0.0,0.0,0.0,1,0,1,0,0,0,0,Very Low,6.943971878494898,rape_risk
chakaria,saturday,morning,21.7861,92.0778,0.11207649620238383,0.0,0.0,0.0,0.0,0.0,0.11207649620238383,1,0,0,0,0,0,1,Very Low,6.681147443035758,assault_risk
chakaria,saturday,night,21.7861,92.0778,0.1659961523792891,0.0,0.1659961523792891,0.0,0.0,0.0,0.0,2,0,2,0,0,0,0,Very Low,7.489942285689336,rape_risk
chakaria,sunday,night,21.7861,92.0778,0.16931063351141135,0.0,0.16931063351141135,0.0,0.0,0.0,0.0,2,0,2,0,0,0,0,Very Low,7.539659502671171,rape_risk
chakaria,thursday,night,21.7861,92.0778,0.09609786830458669,0.0,0.09609786830458669,0.0,0.0,0.0,0.0,1,0,1,0,0,0,0,Very Low,6.441468024568801,rape_risk
chakaria,wednesday,afternoon,21.7861,92.0778,0.10923189902538342,0.0,0.0,0.0,0.0,0.0,0.10923189902538342,1,0,0,0,0,0,1,Very Low,6.638478485380752,assault_risk
chakaria,wednesday,night,21.7861,92.0778,0.14201647296073924,0.0,0.14201647296073924,0.0,0.0,0.0,0.0,1,0,1,0,0,0,0,Very Low,7.1302470944110885,rape_risk
chandanaish,sunday,morning,22.31667,91.81667,0.20042431824084123,0.0,0.0,0.0,0.20042431824084123,0.0,0.0,1,0,0,0,1,0,0,Low,8.006364773612619,bodyfound_risk
chandanaish,tuesday,morning,22.31667,91.81667,0.20285434083818293,0.0,0.0,0.0,0.20285434083818293,0.0,0.0,1,0,0,0,1,0,0,Low,8.042815112572743,bodyfound_risk
chandanaish,tuesday,night,22.31667,91.81667,0.2010873628782474,0.2010873628782474,0.0,0.0,0.0,0.0,0.0,1,1,0,0,0,0,0,Low,8.016310443173712,murder_risk
chandgaon,monday,morning,22.393836,91.865371,0.24877874854945986,0.0,0.0,0.0,0.24877874854945986,0.0,0.0,1,0,0,0,1,0,0,Low,8.731681228241898,bodyfound_risk
chandgaon,monday,night,22.393836,91.865371,0.2539869746457848,0.0,0.2539869746457848,0.0,0.0,0.0,0.0,1,0,1,0,0,0,0,Low,8.809804619686773,rape_risk
chandgaon,wednesday,noon,22.393836,91.865371,0.25525981714592283,0.0,0.0,0.0,0.0,0.0,0.25525981714592283,1,0,0,0,0,0,1,Low,8.828897257188842,assault_risk
chandina,friday,night,23.4833,91.0083,0.24765322866868444,0.24765322866868444,0.0,0.0,0.0,0.0,0.0,1,1,0,0,0,0,0,Low,8.714798430030267,murder_risk
chandina,sunday,morning,23.4833,91.0083,0.20583003621828233,0.0,0.0,0.0,0.20583003621828233,0.0,0.0,1,0,0,0,1,0,0,Low,8.087450543274235,bodyfound_risk
chandpur sadar,monday,morning,23.228401,90.645015,0.1370612726652029,0.0,0.0,0.1370612726652029,0.0,0.0,0.0,1,0,0,1,0,0,0,Very Low,7.055919089978044,kidnap_risk
chandpur sadar,monday,night,23.228401,90.645015,0.28433370213807996,0.07108342553451999,0.07108342553451999,0.07108342553451999,0.0,0.07108342553451999,0.0,4,1,1,1,0,1,0,Low,9.2650055320712,murder_risk
chandpur sadar,saturday,evening,23.228401,90.645015,0.1303492532083464,0.0,0.0,0.0,0.0,0.1303492532083464,0.0,1,0,0,0,0,1,0,Very Low,6.955238798125196,robbery_risk
chandpur sadar,thursday,night,23.228401,90.645015,0.14503066560195782,0.0,0.0,0.0,0.14503066560195782,0.0,0.0,1,0,0,0,1,0,0,Very Low,7.175459984029367,bodyfound_risk
chandpur sadar,tuesday,afternoon,23.228401,90.645015,0.13190777520446723,0.0,0.0,0.0,0.0,0.13190777520446723,0.0,1,0,0,0,0,1,0,Very Low,6.978616628067009,robbery_risk
chandpur sadar,tuesday,morning,23.228401,90.645015,0.12958691813716613,0.0,0.0,0.0,0.12958691813716613,0.0,0.0,1,0,0,0,1,0,0,Very Low,6.9438037720574926,bodyfound_risk
chankharpool,saturday,evening,23.731537,90.398707,0.579270349960167,0.0,0.0,0.0,0.0,0.0,0.579270349960167,1,0,0,0,0,0,1,High,13.689055249402506,assault_risk
chapainawabganj sadar,monday,evening,24.586659,88.275275,0.1298660531904552,0.0,0.1298660531904552,0.0,0.0,0.0,0.0,1,0,1,0,0,0,0,Very Low,6.947990797856828,rape_risk
chapainawabganj sadar,monday,night,24.586659,88.275275,0.14718908816013598,0.07359454408006799,0.0,0.0,0.07359454408006799,0.0,0.0,2,1,0,0,1,0,0,Very Low,7.20783632240204,murder_risk
chapainawabganj sadar,saturday,afternoon,24.586659,88.275275,0.12577626404423842,0.12577626404423842,0.0,0.0,0.0,0.0,0.0,1,1,0,0,0,0,0,Very Low,6.8866439606635765,murder_risk
chapainawabganj sadar,saturday,night,24.586659,88.27527500000001,0.2243401986552811,0.0,0.0,0.0,0.18695016554606758,0.037390033109213516,0.0,6,0,0,0,5,1,0,Low,8.365102979829217,bodyfound_risk
chapainawabganj sadar,sunday,evening,24.586659,88.27527500000001,0.17217851995777522,0.0,0.0,0.11478567997185014,0.05739283998592507,0.0,0.0,3,0,0,2,1,0,0,Very Low,7.582677799366628,kidnap_risk
chapainawabganj sadar,sunday,night,24.586659,88.275275,0.2246005648672935,0.1347603389203761,0.0,0.0,0.0898402259469174,0.0,0.0,5,3,0,0,2,0,0,Low,8.369008473009401,murder_risk
chapainawabganj sadar,sunday,noon,24.586659,88.275275,0.11720788523832618,0.0,0.0,0.0,0.0,0.0,0.11720788523832618,1,0,0,0,0,0,1,Very Low,6.758118278574893,assault_risk
chapainawabganj sadar,thursday,morning,24.586659,88.275275,0.1457368770732581,0.0,0.0,0.0,0.1457368770732581,0.0,0.0,2,0,0,0,2,0,0,Very Low,7.186053156098872,bodyfound_risk
chapainawabganj sadar,thursday,night,24.586659,88.275275,0.12568355459658856,0.12568355459658856,0.0,0.0,0.0,0.0,0.0,1,1,0,0,0,0,0,Very Low,6.885253318948829,murder_risk
chapainawabganj sadar,tuesday,evening,24.586659,88.275275,0.11974783902494077,0.0,0.0,0.11974783902494077,0.0,0.0,0.0,1,0,0,1,0,0,0,Very Low,6.796217585374111,kidnap_risk
chapainawabganj sadar,tuesday,morning,24.586659,88.275275,0.12721725765093006,0.0,0.0,0.0,0.12721725765093006,0.0,0.0,1,0,0,0,1,0,0,Very Low,6.908258864763951,bodyfound_risk
chapainawabganj sadar,tuesday,night,24.586659,88.275275,0.22901876098538304,0.13741125659122982,0.09160750439415322,0.0,0.0,0.0,0.0,5,3,2,0,0,0,0,Low,8.435281414780746,murder_risk
chapainawabganj sadar,wednesday,evening,24.586659,88.275275,0.12925800967220077,0.0,0.12925800967220077,0.0,0.0,0.0,0.0,1,0,1,0,0,0,0,Very Low,6.938870145083012,rape_risk
chapainawabganj sadar,wednesday,morning,24.586659,88.275275,0.13166181625678774,0.06583090812839387,0.0,0.0,0.0,0.0,0.06583090812839387,2,1,0,0,0,0,1,Very Low,6.974927243851816,murder_risk
chapainawabganj sadar,wednesday,night,24.586659,88.275275,0.12202563248604478,0.0,0.0,0.12202563248604478,0.0,0.0,0.0,1,0,0,1,0,0,0,Very Low,6.830384487290672,kidnap_risk
charbhadrasan,friday,night,23.591766,89.976222,0.22036675474646,0.11018337737323,0.11018337737323,0.0,0.0,0.0,0.0,2,1,1,0,0,0,0,Low,8.3055013211969,murder_risk
charbhadrasan,monday,night,23.591766,89.976222,0.14842449658214976,0.14842449658214976,0.0,0.0,0.0,0.0,0.0,1,1,0,0,0,0,0,Very Low,7.226367448732246,murder_risk
charbhadrasan,thursday,night,23.591766,89.976222,0.20049529231343582,0.0,0.0,0.0,0.0,0.20049529231343582,0.0,2,0,0,0,0,2,0,Low,8.007429384701538,robbery_risk
charbhadrasan,tuesday,night,23.591766,89.976222,0.15754346405675634,0.15754346405675634,0.0,0.0,0.0,0.0,0.0,1,1,0,0,0,0,0,Very Low,7.363151960851345,murder_risk
charfesson,monday,morning,22.1847,90.7625,0.15067747651326943,0.0,0.0,0.15067747651326943,0.0,0.0,0.0,1,0,0,1,0,0,0,Very Low,7.260162147699042,kidnap_risk
charfesson,saturday,morning,22.1847,90.7625,0.14295208155572475,0.0,0.0,0.0,0.0,0.14295208155572475,0.0,1,0,0,0,0,1,0,Very Low,7.144281223335872,robbery_risk
charfesson,saturday,night,22.1847,90.7625,0.12226703317949815,0.0,0.0,0.0,0.0,0.12226703317949815,0.0,1,0,0,0,0,1,0,Very Low,6.8340054976924725,robbery_risk
charfesson,sunday,night,22.1847,90.7625,0.19803236433558158,0.09901618216779079,0.0,0.0,0.0,0.09901618216779079,0.0,2,1,0,0,0,1,0,Very Low,7.970485465033724,murder_risk
charfesson,thursday,morning,22.1847,90.7625,0.14933202227061454,0.0,0.0,0.0,0.14933202227061454,0.0,0.0,1,0,0,0,1,0,0,Very Low,7.239980334059219,bodyfound_risk
charfesson,wednesday,night,22.1847,90.7625,0.14761694436291994,0.0,0.0,0.0,0.0,0.14761694436291994,0.0,1,0,0,0,0,1,0,Very Low,7.2142541654437995,robbery_risk
charghat,saturday,morning,24.2833,88.775,0.3074789109102728,0.0,0.0,0.1537394554551364,0.1537394554551364,0.0,0.0,2,0,0,1,1,0,0,Low,9.612183663654092,kidnap_risk
charghat,thursday,morning,24.2833,88.775,0.2029681496444199,0.0,0.0,0.0,0.2029681496444199,0.0,0.0,1,0,0,0,1,0,0,Low,8.044522244666299,bodyfound_risk
chatkhil,friday,night,23.05,90.9583,0.1683552728226168,0.0,0.0,0.0,0.0,0.1683552728226168,0.0,1,0,0,0,0,1,0,Very Low,7.525329092339252,robbery_risk
chatkhil,saturday,morning,23.05,90.9583,0.1714760870444189,0.0,0.0,0.0,0.1714760870444189,0.0,0.0,1,0,0,0,1,0,0,Very Low,7.572141305666284,bodyfound_risk
chatkhil,thursday,morning,23.05,90.9583,0.2621373441163983,0.0,0.0,0.0,0.2621373441163983,0.0,0.0,2,0,0,0,2,0,0,Low,8.932060161745975,bodyfound_risk
chatmohar,friday,morning,24.225,89.2917,0.1033688415457645,0.0,0.0,0.0,0.1033688415457645,0.0,0.0,1,0,0,0,1,0,0,Very Low,6.550532623186467,bodyfound_risk
chatmohar,friday,noon,24.225,89.2917,0.09872481054016471,0.0,0.0,0.0,0.0,0.0,0.09872481054016471,1,0,0,0,0,0,1,Very Low,6.48087215810247,assault_risk
chatmohar,monday,morning,24.225000000000005,89.2917,0.17195798769055187,0.05731932923018396,0.0,0.05731932923018396,0.0,0.0,0.05731932923018396,3,1,0,1,0,0,1,Very Low,7.5793698153582785,murder_risk
chatmohar,saturday,evening,24.225,89.2917,0.14268993016974812,0.0,0.07134496508487406,0.0,0.0,0.07134496508487406,0.0,2,0,1,0,0,1,0,Very Low,7.140348952546222,rape_risk
chatmohar,sunday,morning,24.225,89.2917,0.10185664335267366,0.0,0.0,0.0,0.10185664335267366,0.0,0.0,1,0,0,0,1,0,0,Very Low,6.527849650290105,bodyfound_risk
chatmohar,sunday,night,24.225,89.2917,0.10606559483638106,0.0,0.0,0.0,0.0,0.10606559483638106,0.0,1,0,0,0,0,1,0,Very Low,6.590983922545716,robbery_risk
chatmohar,tuesday,morning,24.225,89.2917,0.13935800795038294,0.06967900397519147,0.0,0.0,0.0,0.0,0.06967900397519147,2,1,0,0,0,0,1,Very Low,7.090370119255744,murder_risk
chatmohar,tuesday,night,24.225,89.2917,0.1357398672735513,0.0,0.0,0.06786993363677565,0.0,0.06786993363677565,0.0,2,0,0,1,0,1,0,Very Low,7.03609800910327,kidnap_risk
chatmohar,tuesday,noon,24.225,89.2917,0.10385266395273372,0.0,0.10385266395273372,0.0,0.0,0.0,0.0,1,0,1,0,0,0,0,Very Low,6.557789959291005,rape_risk
chatmohar,wednesday,morning,24.225,89.2917,0.1454247616152357,0.0,0.07271238080761785,0.07271238080761785,0.0,0.0,0.0,2,0,1,1,0,0,0,Very Low,7.181371424228535,rape_risk
chatmohar,wednesday,night,24.225000000000005,89.2917,0.1683219313376546,0.0,0.11221462089176973,0.0,0.0,0.056107310445884864,0.0,3,0,2,0,0,1,0,Very Low,7.524828970064819,rape_risk
chattogram city,friday,afternoon,22.359626,91.8301695,0.17770391962957077,0.08885195981478539,0.0,0.0,0.0,0.0,0.08885195981478539,2,1,0,0,0,0,1,Very Low,7.6655587944435615,murder_risk
chattogram city,friday,evening,22.359626,91.8301695,0.17635695535780455,0.0,0.17635695535780455,0.0,0.0,0.0,0.0,2,0,2,0,0,0,0,Very Low,7.645354330367068,rape_risk
chattogram city,friday,morning,22.359626,91.8301695,0.27577981261373846,0.06128440280305299,0.030642201401526493,0.0,0.18385320840915897,0.0,0.0,9,2,1,0,6,0,0,Low,9.136697189206078,bodyfound_risk
chattogram city,friday,night,22.359626,91.8301695,0.4169110821735291,0.2207176317389272,0.02452418130432524,0.04904836260865048,0.07357254391297573,0.02452418130432524,0.02452418130432524,17,9,1,2,3,1,1,Moderate,11.253666232602937,murder_risk
chattogram city,friday,noon,22.359626,91.8301695,0.19114520856505668,0.04778630214126417,0.0,0.0,0.1433589064237925,0.0,0.0,4,1,0,0,3,0,0,Very Low,7.86717812847585,bodyfound_risk
chattogram city,monday,afternoon,22.359626,91.8301695,0.15352743869374463,0.0,0.0,0.0,0.0,0.0,0.15352743869374463,1,0,0,0,0,0,1,Very Low,7.302911580406169,assault_risk
chattogram city,monday,morning,22.359626000000002,91.8301695,0.3035702783450003,0.02529752319541669,0.0,0.02529752319541669,0.2023801855633335,0.0,0.05059504639083338,12,1,0,1,8,0,2,Low,9.553554175175005,bodyfound_risk
chattogram city,monday,night,22.359626,91.8301695,0.4057806124720601,0.19095558233979298,0.023869447792474123,0.0,0.07160834337742238,0.09547779116989649,0.023869447792474123,17,8,1,0,3,4,1,Moderate,11.086709187080903,murder_risk
chattogram city,monday,noon,22.359626,91.8301695,0.2118415143831398,0.08473660575325592,0.0,0.0,0.04236830287662796,0.0,0.08473660575325592,5,2,0,0,1,0,2,Low,8.177622715747097,murder_risk
chattogram city,saturday,afternoon,22.359626,91.8301695,0.15943321277001526,0.0,0.0,0.0,0.15943321277001526,0.0,0.0,1,0,0,0,1,0,0,Very Low,7.3914981915502285,bodyfound_risk
chattogram city,saturday,evening,22.359626,91.8301695,0.17859391855801499,0.08929695927900749,0.0,0.0,0.0,0.0,0.08929695927900749,2,1,0,0,0,0,1,Very Low,7.678908778370225,murder_risk
chattogram city,saturday,morning,22.359626,91.8301695,0.2699329782575454,0.0,0.0,0.0,0.16195978695452726,0.026993297825754544,0.08097989347726363,10,0,0,0,6,1,3,Low,9.04899467386318,bodyfound_risk
chattogram city,saturday,night,22.359626,91.8301695,0.34344122114737236,0.15851133283724878,0.026418555472874798,0.0,0.10567422189149919,0.026418555472874798,0.026418555472874798,13,6,1,0,4,1,1,Low,10.151618317210584,murder_risk
chattogram city,saturday,noon,22.359626,91.8301695,0.15751350130513442,0.0,0.0,0.0,0.15751350130513442,0.0,0.0,1,0,0,0,1,0,0,Very Low,7.362702519577017,bodyfound_risk
chattogram city,sunday,afternoon,22.359626,91.8301695,0.20123322751084405,0.15092492063313304,0.0,0.0,0.0,0.0,0.05030830687771101,4,3,0,0,0,0,1,Low,8.01849841266266,murder_risk
chattogram city,sunday,evening,22.359626,91.8301695,0.15698839804770598,0.0,0.0,0.0,0.15698839804770598,0.0,0.0,1,0,0,0,1,0,0,Very Low,7.35482597071559,bodyfound_risk
chattogram city,sunday,morning,22.359626,91.8301695,0.2806710503209913,0.0,0.028067105032099134,0.05613421006419827,0.1684026301925948,0.028067105032099134,0.0,10,0,1,2,6,1,0,Low,9.21006575481487,bodyfound_risk
chattogram city,sunday,night,22.359626,91.8301695,0.453159817133175,0.16695361683853815,0.11925258345609868,0.07155155007365921,0.023850516691219736,0.07155155007365921,0.0,19,7,5,3,1,3,0,Moderate,11.797397256997625,murder_risk
chattogram city,sunday,noon,22.359626,91.8301695,0.20499584230887014,0.0,0.10249792115443507,0.0,0.0,0.0,0.10249792115443507,4,0,2,0,0,0,2,Low,8.074937634633052,rape_risk
chattogram city,thursday,morning,22.359626,91.8301695,0.2697326453589511,0.06743316133973777,0.0,0.033716580669868886,0.13486632267947554,0.033716580669868886,0.0,8,2,0,1,4,1,0,Low,9.045989680384267,bodyfound_risk
chattogram city,thursday,night,22.359626,91.8301695,0.31216654608247246,0.056757553833176815,0.0851363307497652,0.0,0.14189388458294203,0.0,0.028378776916588407,11,2,3,0,5,0,1,Low,9.682498191237087,bodyfound_risk
chattogram city,thursday,noon,22.359626,91.8301695,0.19901007047826633,0.0,0.04975251761956658,0.0,0.04975251761956658,0.0,0.09950503523913316,4,0,1,0,1,0,2,Very Low,7.985151057173995,assault_risk
chattogram city,tuesday,afternoon,22.359626,91.8301695,0.1401113465149582,0.1401113465149582,0.0,0.0,0.0,0.0,0.0,1,1,0,0,0,0,0,Very Low,7.101670197724373,murder_risk
chattogram city,tuesday,evening,22.359626,91.8301695,0.15938366482590796,0.0,0.15938366482590796,0.0,0.0,0.0,0.0,1,0,1,0,0,0,0,Very Low,7.390754972388619,rape_risk
chattogram city,tuesday,morning,22.359626,91.8301695,0.2786821361999824,0.02786821361999824,0.02786821361999824,0.02786821361999824,0.1393410680999912,0.0,0.05573642723999648,10,1,1,1,5,0,2,Low,9.180232042999735,bodyfound_risk
chattogram city,tuesday,night,22.359626,91.8301695,0.5049516148345229,0.20657111515957755,0.1377140767730517,0.02295234612884195,0.0918093845153678,0.02295234612884195,0.02295234612884195,22,9,6,1,4,1,1,High,12.574274222517843,murder_risk
chattogram city,tuesday,noon,22.359626,91.8301695,0.21524532055812723,0.0860981282232509,0.0,0.0,0.04304906411162545,0.0,0.0860981282232509,5,2,0,0,1,0,2,Low,8.228679808371908,murder_risk
chattogram city,wednesday,evening,22.359626,91.8301695,0.20170653071578556,0.0,0.10085326535789278,0.0,0.05042663267894639,0.05042663267894639,0.0,4,0,2,0,1,1,0,Low,8.025597960736784,rape_risk
chattogram city,wednesday,morning,22.359626,91.8301695,0.20988088472913352,0.0,0.0,0.08395235389165341,0.1259285308374801,0.0,0.0,5,0,0,2,3,0,0,Low,8.148213270937003,bodyfound_risk
chattogram city,wednesday,night,22.359626,91.8301695,0.37487828334346057,0.12495942778115351,0.07497565666869212,0.024991885556230706,0.12495942778115351,0.024991885556230706,0.0,15,5,3,1,5,1,0,Moderate,10.623174250151909,murder_risk
chattogram city,wednesday,noon,22.359626,91.8301695,0.18128693378202165,0.0,0.0,0.0,0.04532173344550541,0.0,0.13596520033651624,4,0,0,0,1,0,3,Very Low,7.719304006730325,assault_risk
chauddagram,friday,night,23.2167,91.3167,0.2088120795580266,0.2088120795580266,0.0,0.0,0.0,0.0,0.0,1,1,0,0,0,0,0,Low,8.1321811933704,murder_risk
chauddagram,saturday,morning,23.2167,91.3167,0.2104988783215363,0.0,0.0,0.0,0.2104988783215363,0.0,0.0,1,0,0,0,1,0,0,Low,8.157483174823044,bodyfound_risk
chauddagram,sunday,morning,23.2167,91.3167,0.20270127470143176,0.0,0.0,0.0,0.0,0.20270127470143176,0.0,1,0,0,0,0,1,0,Low,8.040519120521477,robbery_risk
chauhali,wednesday,morning,24.2111,89.7208,0.397867821712295,0.0,0.0,0.0,0.0,0.0,0.397867821712295,1,0,0,0,0,0,1,Moderate,10.968017325684425,assault_risk
chawkbazar,monday,morning,23.717677,90.394341,0.3203639848091441,0.0,0.0,0.0,0.0,0.3203639848091441,0.0,1,0,0,0,0,1,0,Low,9.805459772137162,robbery_risk
chawkbazar,thursday,afternoon,23.717677,90.394341,0.32885046024587233,0.0,0.0,0.0,0.32885046024587233,0.0,0.0,1,0,0,0,1,0,0,Low,9.932756903688084,bodyfound_risk
chawkbazar,thursday,morning,23.717677,90.394341,0.3285208154537002,0.0,0.0,0.0,0.3285208154537002,0.0,0.0,1,0,0,0,1,0,0,Low,9.927812231805504,bodyfound_risk
chawkbazar,tuesday,morning,23.717677,90.394341,0.39609141962533545,0.19804570981266773,0.0,0.0,0.19804570981266773,0.0,0.0,2,1,0,0,1,0,0,Moderate,10.941371294380032,murder_risk
chawkbazar,wednesday,afternoon,23.717677,90.394341,0.3279292670412625,0.0,0.0,0.0,0.0,0.0,0.3279292670412625,1,0,0,0,0,0,1,Low,9.918939005618938,assault_risk
chhagalnaiya,thursday,evening,23.0361,91.5194,0.1731255470570982,0.0,0.0,0.1731255470570982,0.0,0.0,0.0,1,0,0,1,0,0,0,Very Low,7.596883205856473,kidnap_risk
chhagalnaiya,thursday,morning,23.0361,91.5194,0.1783826725285696,0.0,0.0,0.0,0.1783826725285696,0.0,0.0,1,0,0,0,1,0,0,Very Low,7.675740087928544,bodyfound_risk
chhagalnaiya,wednesday,evening,23.0361,91.5194,0.17327830680981804,0.0,0.0,0.17327830680981804,0.0,0.0,0.0,1,0,0,1,0,0,0,Very Low,7.59917460214727,kidnap_risk
chhagalnaiya,wednesday,noon,23.0361,91.5194,0.17962941772377228,0.0,0.17962941772377228,0.0,0.0,0.0,0.0,1,0,1,0,0,0,0,Very Low,7.694441265856584,rape_risk
chhatak,friday,evening,25.0417,91.675,0.15950076813076852,0.0,0.0,0.15950076813076852,0.0,0.0,0.0,1,0,0,1,0,0,0,Very Low,7.392511521961528,kidnap_risk
chhatak,saturday,evening,25.0417,91.675,0.17011666805488923,0.0,0.0,0.17011666805488923,0.0,0.0,0.0,1,0,0,1,0,0,0,Very Low,7.551750020823338,kidnap_risk
chhatak,saturday,morning,25.0417,91.675,0.160986237348627,0.0,0.0,0.0,0.160986237348627,0.0,0.0,1,0,0,0,1,0,0,Very Low,7.4147935602294055,bodyfound_risk
chhatak,thursday,night,25.0417,91.675,0.15969815970247558,0.15969815970247558,0.0,0.0,0.0,0.0,0.0,1,1,0,0,0,0,0,Very Low,7.3954723955371335,murder_risk
chhatak,wednesday,evening,25.0417,91.675,0.1598577968974358,0.0,0.1598577968974358,0.0,0.0,0.0,0.0,1,0,1,0,0,0,0,Very Low,7.397866953461537,rape_risk
chilmari,wednesday,night,25.5667,89.6917,0.3966139454556861,0.3966139454556861,0.0,0.0,0.0,0.0,0.0,1,1,0,0,0,0,0,Moderate,10.949209181835291,murder_risk
chirirbandar,monday,afternoon,25.6625,88.7833,0.12949961956480033,0.12949961956480033,0.0,0.0,0.0,0.0,0.0,1,1,0,0,0,0,0,Very Low,6.942494293472005,murder_risk
chirirbandar,monday,morning,25.6625,88.7833,0.13223097495529357,0.0,0.0,0.0,0.13223097495529357,0.0,0.0,1,0,0,0,1,0,0,Very Low,6.983464624329404,bodyfound_risk
chirirbandar,saturday,night,25.6625,88.7833,0.17213942678065688,0.08606971339032844,0.08606971339032844,0.0,0.0,0.0,0.0,2,1,1,0,0,0,0,Very Low,7.582091401709853,murder_risk
chirirbandar,saturday,noon,25.6625,88.7833,0.12433893606353662,0.0,0.0,0.0,0.0,0.12433893606353662,0.0,1,0,0,0,0,1,0,Very Low,6.865084040953049,robbery_risk
chirirbandar,sunday,night,25.6625,88.7833,0.12912000389347106,0.0,0.0,0.0,0.0,0.0,0.12912000389347106,1,0,0,0,0,0,1,Very Low,6.936800058402066,assault_risk
chirirbandar,wednesday,morning,25.6625,88.7833,0.26446016787177223,0.13223008393588612,0.0,0.0,0.13223008393588612,0.0,0.0,4,2,0,0,2,0,0,Low,8.966902518076584,murder_risk
chirirbandar,wednesday,noon,25.6625,88.7833,0.12386707932313216,0.0,0.12386707932313216,0.0,0.0,0.0,0.0,1,0,1,0,0,0,0,Very Low,6.858006189846982,rape_risk
chitalmari,wednesday,morning,22.78472,89.86861,0.38645153566101975,0.0,0.0,0.0,0.0,0.38645153566101975,0.0,1,0,0,0,0,1,0,Moderate,10.796773034915297,robbery_risk
chittagong medical college,wednesday,evening,22.359626,91.8301695,0.44550475895858127,0.0,0.0,0.0,0.0,0.0,0.44550475895858127,1,0,0,0,0,0,1,Moderate,11.682571384378718,assault_risk
chittagong university,friday,morning,22.362823,91.7969625,0.15951508124329727,0.0,0.0,0.0,0.0,0.0,0.15951508124329727,1,0,0,0,0,0,1,Very Low,7.392726218649459,assault_risk
chittagong university,friday,night,22.362823,91.7969625,0.17847910851855697,0.0,0.0,0.0,0.08923955425927849,0.0,0.08923955425927849,2,0,0,0,1,0,1,Very Low,7.6771866277783545,bodyfound_risk
chittagong university,monday,night,22.362823000000002,91.7969625,0.1974184635320544,0.0,0.0,0.0,0.0,0.0,0.1974184635320544,3,0,0,0,0,0,3,Very Low,7.961276952980816,assault_risk
chittagong university,saturday,afternoon,22.362823,91.7969625,0.15755967464007248,0.0,0.0,0.0,0.0,0.0,0.15755967464007248,1,0,0,0,0,0,1,Very Low,7.363395119601087,assault_risk
chittagong university,saturday,evening,22.362823,91.7969625,0.17749429727173144,0.0,0.0,0.17749429727173144,0.0,0.0,0.0,2,0,0,2,0,0,0,Very Low,7.662414459075972,kidnap_risk
chittagong university,saturday,morning,22.362823,91.7969625,0.1439679417508693,0.0,0.0,0.0,0.1439679417508693,0.0,0.0,1,0,0,0,1,0,0,Very Low,7.1595191262630395,bodyfound_risk
chittagong university,saturday,night,22.362823,91.7969625,0.17646412391376612,0.0,0.0,0.0,0.08823206195688306,0.0,0.08823206195688306,2,0,0,0,1,0,1,Very Low,7.646961858706492,bodyfound_risk
chittagong university,saturday,noon,22.362823000000002,91.7969625,0.19108948059992698,0.0,0.0,0.0,0.0,0.0,0.19108948059992698,3,0,0,0,0,0,3,Very Low,7.866342208998905,assault_risk
chittagong university,sunday,night,22.362823,91.7969625,0.20569426822579906,0.0,0.0,0.0,0.0,0.0,0.20569426822579906,4,0,0,0,0,0,4,Low,8.085414023386985,assault_risk
chittagong university,sunday,noon,22.362823000000002,91.7969625,0.19860824004405567,0.0,0.0,0.0,0.0,0.0,0.19860824004405567,3,0,0,0,0,0,3,Very Low,7.979123600660834,assault_risk
chittagong university,thursday,morning,22.362823,91.7969625,0.1619714150960141,0.0,0.0,0.0,0.0,0.0,0.1619714150960141,1,0,0,0,0,0,1,Very Low,7.429571226440212,assault_risk
chittagong university,thursday,night,22.362823,91.7969625,0.2075316223285048,0.0,0.0,0.0518829055821262,0.0,0.0,0.1556487167463786,4,0,0,1,0,0,3,Low,8.112974334927571,assault_risk
chittagong university,thursday,noon,22.362823000000002,91.7969625,0.19279149738745968,0.0,0.0,0.0,0.0,0.0,0.19279149738745968,3,0,0,0,0,0,3,Very Low,7.891872460811895,assault_risk
chittagong university,tuesday,afternoon,22.362823000000002,91.7969625,0.17916751955530727,0.0,0.0,0.0,0.0,0.0,0.17916751955530727,3,0,0,0,0,0,3,Very Low,7.687512793329609,assault_risk
chittagong university,tuesday,morning,22.362823,91.7969625,0.1660983693373812,0.0,0.0,0.0,0.0,0.0,0.1660983693373812,1,0,0,0,0,0,1,Very Low,7.491475540060718,assault_risk
chittagong university,tuesday,night,22.362823,91.7969625,0.17826346093361856,0.0,0.0,0.08913173046680928,0.0,0.0,0.08913173046680928,2,0,0,1,0,0,1,Very Low,7.673951914004278,kidnap_risk
chittagong university,tuesday,noon,22.362823,91.7969625,0.16243647280537604,0.0,0.0,0.0,0.0,0.0,0.16243647280537604,1,0,0,0,0,0,1,Very Low,7.436547092080641,assault_risk
chittagong university,wednesday,afternoon,22.362823,91.7969625,0.1424428691392975,0.0,0.0,0.0,0.0,0.0,0.1424428691392975,1,0,0,0,0,0,1,Very Low,7.1366430370894625,assault_risk
chittagong university,wednesday,night,22.362823000000002,91.7969625,0.19425918867757686,0.0,0.0,0.0,0.06475306289252561,0.0,0.12950612578505122,3,0,0,0,1,0,2,Very Low,7.913887830163652,assault_risk
chittagong university,wednesday,noon,22.362823,91.7969625,0.1791636396245695,0.0,0.0,0.08958181981228475,0.0,0.0,0.08958181981228475,2,0,0,1,0,0,1,Very Low,7.687454594368543,kidnap_risk
chougachha,friday,morning,23.180315,89.1608575,0.11633010273649212,0.0,0.11633010273649212,0.0,0.0,0.0,0.0,1,0,1,0,0,0,0,Very Low,6.7449515410473815,rape_risk
chougachha,monday,evening,23.180315,89.1608575,0.12321690753681465,0.0,0.12321690753681465,0.0,0.0,0.0,0.0,1,0,1,0,0,0,0,Very Low,6.84825361305222,rape_risk
chougachha,monday,morning,23.180315,89.1608575,0.13441536634921225,0.0,0.0,0.0,0.0,0.06720768317460613,0.06720768317460613,2,0,0,0,0,1,1,Very Low,7.016230495238184,robbery_risk
chougachha,monday,night,23.180315,89.1608575,0.12289240945743667,0.12289240945743667,0.0,0.0,0.0,0.0,0.0,1,1,0,0,0,0,0,Very Low,6.84338614186155,murder_risk
chougachha,saturday,morning,23.180315,89.1608575,0.1103645657624912,0.0,0.1103645657624912,0.0,0.0,0.0,0.0,1,0,1,0,0,0,0,Very Low,6.655468486437368,rape_risk
chougachha,saturday,night,23.180315,89.1608575,0.1604014693769194,0.0802007346884597,0.0802007346884597,0.0,0.0,0.0,0.0,2,1,1,0,0,0,0,Very Low,7.4060220406537915,murder_risk
chougachha,sunday,morning,23.180315,89.1608575,0.15096011788909353,0.07548005894454676,0.07548005894454676,0.0,0.0,0.0,0.0,2,1,1,0,0,0,0,Very Low,7.264401768336403,murder_risk
chougachha,sunday,night,23.180315,89.1608575,0.14280129460095345,0.0,0.14280129460095345,0.0,0.0,0.0,0.0,2,0,2,0,0,0,0,Very Low,7.142019419014302,rape_risk
chougachha,thursday,morning,23.180315,89.1608575,0.13680754136539122,0.0,0.0,0.0,0.0,0.0,0.13680754136539122,2,0,0,0,0,0,2,Very Low,7.052113120480868,assault_risk
chougachha,thursday,night,23.180315,89.1608575,0.11685022138788413,0.0,0.0,0.0,0.0,0.0,0.11685022138788413,1,0,0,0,0,0,1,Very Low,6.752753320818262,assault_risk
chougachha,tuesday,morning,23.180315,89.1608575,0.12285525662198049,0.12285525662198049,0.0,0.0,0.0,0.0,0.0,1,1,0,0,0,0,0,Very Low,6.842828849329708,murder_risk
chougachha,wednesday,morning,23.180315,89.1608575,0.1432034315917537,0.07160171579587685,0.0,0.0,0.0,0.0,0.07160171579587685,2,1,0,0,0,0,1,Very Low,7.148051473876306,murder_risk
chuadanga sadar,saturday,evening,23.6417,88.8583,0.11316670272311277,0.0,0.0,0.0,0.0,0.0,0.11316670272311277,1,0,0,0,0,0,1,Very Low,6.697500540846692,assault_risk
chuadanga sadar,saturday,morning,23.6417,88.8583,0.12062802824519228,0.12062802824519228,0.0,0.0,0.0,0.0,0.0,1,1,0,0,0,0,0,Very Low,6.809420423677884,murder_risk
chuadanga sadar,saturday,night,23.6417,88.8583,0.22220200640103793,0.08888080256041518,0.0,0.0,0.0,0.13332120384062277,0.0,5,2,0,0,0,3,0,Low,8.33303009601557,robbery_risk
chuadanga sadar,sunday,morning,23.6417,88.8583,0.09942884639444026,0.0,0.0,0.0,0.0,0.0,0.09942884639444026,1,0,0,0,0,0,1,Very Low,6.491432695916604,assault_risk
chuadanga sadar,thursday,evening,23.6417,88.8583,0.12144186963374907,0.12144186963374907,0.0,0.0,0.0,0.0,0.0,1,1,0,0,0,0,0,Very Low,6.821628044506236,murder_risk
chuadanga sadar,thursday,morning,23.6417,88.8583,0.1108865449359655,0.0,0.0,0.1108865449359655,0.0,0.0,0.0,1,0,0,1,0,0,0,Very Low,6.6632981740394825,kidnap_risk
chuadanga sadar,thursday,night,23.6417,88.8583,0.17171922291618322,0.0,0.05723974097206107,0.0,0.0,0.11447948194412214,0.0,3,0,1,0,0,2,0,Very Low,7.575788343742748,robbery_risk
chuadanga sadar,tuesday,morning,23.6417,88.8583,0.17032688479923136,0.0,0.0,0.0,0.17032688479923136,0.0,0.0,3,0,0,0,3,0,0,Very Low,7.55490327198847,bodyfound_risk
chuadanga sadar,tuesday,night,23.6417,88.8583,0.09822876314085577,0.0,0.0,0.0,0.0,0.0,0.09822876314085577,1,0,0,0,0,0,1,Very Low,6.473431447112836,assault_risk
chuadanga sadar,wednesday,night,23.6417,88.8583,0.13651955171695834,0.0,0.0,0.0,0.0,0.13651955171695834,0.0,2,0,0,0,0,2,0,Very Low,7.047793275754375,robbery_risk
chunarughat,friday,night,24.2083,91.5222,0.12403776512775667,0.0,0.0,0.0,0.0,0.0,0.12403776512775667,1,0,0,0,0,0,1,Very Low,6.86056647691635,assault_risk
chunarughat,monday,morning,24.2083,91.5222,0.12052031265137464,0.0,0.12052031265137464,0.0,0.0,0.0,0.0,1,0,1,0,0,0,0,Very Low,6.80780468977062,rape_risk
chunarughat,monday,night,24.208299999999998,91.5222,0.26142680923693246,0.043571134872822076,0.1742845394912883,0.0,0.0,0.0,0.043571134872822076,6,1,4,0,0,0,1,Low,8.921402138553987,rape_risk
chunarughat,saturday,evening,24.2083,91.5222,0.11051988702329879,0.0,0.11051988702329879,0.0,0.0,0.0,0.0,1,0,1,0,0,0,0,Very Low,6.657798305349482,rape_risk
chunarughat,saturday,morning,24.2083,91.5222,0.15042036476507986,0.07521018238253993,0.07521018238253993,0.0,0.0,0.0,0.0,2,1,1,0,0,0,0,Very Low,7.256305471476198,murder_risk
chunarughat,thursday,morning,24.2083,91.5222,0.20553860683472894,0.051384651708682234,0.1541539551260467,0.0,0.0,0.0,0.0,4,1,3,0,0,0,0,Low,8.083079102520934,rape_risk
chunarughat,tuesday,night,24.2083,91.5222,0.1263635091590709,0.0,0.1263635091590709,0.0,0.0,0.0,0.0,1,0,1,0,0,0,0,Very Low,6.895452637386064,rape_risk
chunarughat,wednesday,afternoon,24.208299999999998,91.5222,0.1910578107719269,0.1910578107719269,0.0,0.0,0.0,0.0,0.0,3,3,0,0,0,0,0,Very Low,7.865867161578904,murder_risk
comilla sadar,monday,night,23.459349,91.18264,0.15142652142216556,0.15142652142216556,0.0,0.0,0.0,0.0,0.0,2,2,0,0,0,0,0,Very Low,7.271397821332483,murder_risk
comilla sadar,saturday,evening,23.459349,91.18264,0.13614524035469638,0.0,0.0,0.0,0.06807262017734819,0.06807262017734819,0.0,2,0,0,0,1,1,0,Very Low,7.042178605320446,bodyfound_risk
comilla sadar,saturday,morning,23.459349,91.18264,0.11364172535729707,0.0,0.0,0.11364172535729707,0.0,0.0,0.0,1,0,0,1,0,0,0,Very Low,6.7046258803594565,kidnap_risk
comilla sadar,saturday,night,23.459349,91.18264,0.1732257621044675,0.11548384140297832,0.0,0.0,0.0,0.0,0.05774192070148916,3,2,0,0,0,0,1,Very Low,7.598386431567013,murder_risk
comilla sadar,sunday,afternoon,23.459349,91.18264,0.11501616093472002,0.0,0.0,0.0,0.0,0.11501616093472002,0.0,1,0,0,0,0,1,0,Very Low,6.7252424140208005,robbery_risk
comilla sadar,sunday,night,23.459349,91.18264,0.1647099133361134,0.10980660889074226,0.0,0.0,0.05490330444537113,0.0,0.0,3,2,0,0,1,0,0,Very Low,7.470648700041701,murder_risk
comilla sadar,thursday,morning,23.459349,91.18264,0.08804793505933492,0.08804793505933492,0.0,0.0,0.0,0.0,0.0,1,1,0,0,0,0,0,Very Low,6.320719025890024,murder_risk
comilla sadar,thursday,night,23.459349,91.18264,0.14577111366838744,0.07288555683419372,0.0,0.0,0.07288555683419372,0.0,0.0,2,1,0,0,1,0,0,Very Low,7.186566705025811,murder_risk
comilla sadar,thursday,noon,23.459349,91.18264,0.10945384415284404,0.0,0.0,0.0,0.0,0.0,0.10945384415284404,1,0,0,0,0,0,1,Very Low,6.641807662292661,assault_risk
comilla sadar,tuesday,evening,23.459349,91.18264,0.1112660158699772,0.1112660158699772,0.0,0.0,0.0,0.0,0.0,1,1,0,0,0,0,0,Very Low,6.668990238049658,murder_risk
comilla sadar,tuesday,night,23.459349,91.18264,0.19719891662098096,0.09859945831049048,0.0,0.0,0.04929972915524524,0.0,0.04929972915524524,4,2,0,0,1,0,1,Very Low,7.957983749314714,murder_risk
comilla sadar,wednesday,morning,23.459349,91.18264,0.14303144483085375,0.07151572241542688,0.0,0.0,0.07151572241542688,0.0,0.0,2,1,0,0,1,0,0,Very Low,7.145471672462806,murder_risk
comilla sadar,wednesday,night,23.459349,91.18264,0.14584805222608493,0.0,0.07292402611304247,0.0,0.07292402611304247,0.0,0.0,2,0,1,0,1,0,0,Very Low,7.187720783391274,rape_risk
companiganj,monday,evening,25.0791,91.7542,0.12433591106032316,0.12433591106032316,0.0,0.0,0.0,0.0,0.0,1,1,0,0,0,0,0,Very Low,6.865038665904848,murder_risk
companiganj,sunday,morning,25.0791,91.7542,0.12712562632318045,0.12712562632318045,0.0,0.0,0.0,0.0,0.0,1,1,0,0,0,0,0,Very Low,6.906884394847706,murder_risk
companiganj,sunday,night,22.875,91.2833,0.1291371151250512,0.0,0.1291371151250512,0.0,0.0,0.0,0.0,1,0,1,0,0,0,0,Very Low,6.937056726875768,rape_risk
companiganj,thursday,night,25.0791,91.7542,0.16610419798541637,0.08305209899270818,0.0,0.0,0.0,0.08305209899270818,0.0,2,1,0,0,0,1,0,Very Low,7.491562969781246,murder_risk
companiganj,tuesday,night,23.784506,90.403409,0.3519719140992902,0.0,0.0,0.0,0.0,0.3519719140992902,0.0,2,0,0,0,0,2,0,Moderate,10.279578711489354,robbery_risk
companiganj,wednesday,night,25.0791,91.7542,0.16894236760615017,0.08447118380307508,0.0,0.0,0.0,0.08447118380307508,0.0,2,1,0,0,0,1,0,Very Low,7.534135514092252,murder_risk
coxsbazar sadar,friday,night,21.454718,92.010452,0.11902895964041231,0.11902895964041231,0.0,0.0,0.0,0.0,0.0,1,1,0,0,0,0,0,Very Low,6.785434394606185,murder_risk
coxsbazar sadar,monday,night,21.454718,92.010452,0.11996223398617412,0.11996223398617412,0.0,0.0,0.0,0.0,0.0,1,1,0,0,0,0,0,Very Low,6.799433509792612,murder_risk
coxsbazar sadar,saturday,morning,21.454718,92.010452,0.11606041333532974,0.0,0.0,0.0,0.11606041333532974,0.0,0.0,1,0,0,0,1,0,0,Very Low,6.740906200029946,bodyfound_risk
coxsbazar sadar,saturday,night,21.454718,92.010452,0.12286999742406263,0.12286999742406263,0.0,0.0,0.0,0.0,0.0,1,1,0,0,0,0,0,Very Low,6.84304996136094,murder_risk
coxsbazar sadar,saturday,noon,21.454718,92.010452,0.11687440472288996,0.0,0.0,0.0,0.11687440472288996,0.0,0.0,1,0,0,0,1,0,0,Very Low,6.753116070843349,bodyfound_risk
coxsbazar sadar,sunday,night,21.454718,92.010452,0.1280071623269983,0.0,0.0,0.06400358116349915,0.06400358116349915,0.0,0.0,2,0,0,1,1,0,0,Very Low,6.920107434904974,kidnap_risk
coxsbazar sadar,thursday,morning,21.454718,92.010452,0.20759021807454986,0.0,0.0,0.051897554518637465,0.10379510903727493,0.051897554518637465,0.0,4,0,0,1,2,1,0,Low,8.113853271118249,bodyfound_risk
coxsbazar sadar,thursday,night,21.454718,92.010452,0.08356057645490439,0.0,0.0,0.0,0.08356057645490439,0.0,0.0,1,0,0,0,1,0,0,Very Low,6.253408646823566,bodyfound_risk
coxsbazar sadar,tuesday,morning,21.454718,92.010452,0.11600138132413307,0.0,0.0,0.11600138132413307,0.0,0.0,0.0,1,0,0,1,0,0,0,Very Low,6.740020719861996,kidnap_risk
coxsbazar sadar,tuesday,noon,21.454718,92.010452,0.10454925970804602,0.0,0.0,0.0,0.0,0.0,0.10454925970804602,1,0,0,0,0,0,1,Very Low,6.5682388956206905,assault_risk
coxsbazar sadar,wednesday,evening,21.454718,92.010452,0.1142963380053327,0.1142963380053327,0.0,0.0,0.0,0.0,0.0,1,1,0,0,0,0,0,Very Low,6.71444507007999,murder_risk
coxsbazar sadar,wednesday,morning,21.454718,92.010452,0.2196329829337595,0.0,0.0,0.0878531931735038,0.0,0.0,0.1317797897602557,5,0,0,2,0,0,3,Low,8.294494744006393,assault_risk
daganbhuiyan,sunday,morning,22.9375,91.3042,0.15941813320989945,0.0,0.15941813320989945,0.0,0.0,0.0,0.0,1,0,1,0,0,0,0,Very Low,7.391271998148492,rape_risk
daganbhuiyan,thursday,night,22.9375,91.3042,0.23325560117038585,0.0,0.23325560117038585,0.0,0.0,0.0,0.0,2,0,2,0,0,0,0,Low,8.498834017555788,rape_risk
daganbhuiyan,tuesday,morning,22.9375,91.3042,0.15839344809381928,0.0,0.15839344809381928,0.0,0.0,0.0,0.0,1,0,1,0,0,0,0,Very Low,7.375901721407289,rape_risk
daganbhuiyan,tuesday,night,22.9375,91.3042,0.17099648409329896,0.17099648409329896,0.0,0.0,0.0,0.0,0.0,1,1,0,0,0,0,0,Very Low,7.564947261399484,murder_risk
dakkhin dania,sunday,noon,23.700508,90.451953,0.5773459633578991,0.0,0.0,0.0,0.5773459633578991,0.0,0.0,1,0,0,0,1,0,0,High,13.660189450368486,bodyfound_risk
dakkhinkhan,friday,night,23.865506,90.413772,0.28182703570120443,0.0,0.28182703570120443,0.0,0.0,0.0,0.0,1,0,1,0,0,0,0,Low,9.227405535518066,rape_risk
dakkhinkhan,monday,morning,23.865506,90.413772,0.3973945636333662,0.0,0.0,0.0,0.2649297090889108,0.0,0.1324648545444554,3,0,0,0,2,0,1,Moderate,10.960918454500494,bodyfound_risk
dakkhinkhan,monday,night,23.865506,90.413772,0.3048054284807375,0.0,0.0,0.0,0.0,0.0,0.3048054284807375,1,0,0,0,0,0,1,Low,9.572081427211064,assault_risk
dakkhinkhan,saturday,evening,23.865506,90.413772,0.3153670612330085,0.0,0.0,0.0,0.3153670612330085,0.0,0.0,1,0,0,0,1,0,0,Low,9.730505918495128,bodyfound_risk
dakkhinkhan,sunday,noon,23.865506,90.413772,0.31429483911766454,0.0,0.31429483911766454,0.0,0.0,0.0,0.0,1,0,1,0,0,0,0,Low,9.714422586764968,rape_risk
dakkhinkhan,tuesday,night,23.865506,90.413772,0.3610680095484158,0.1805340047742079,0.1805340047742079,0.0,0.0,0.0,0.0,2,1,1,0,0,0,0,Moderate,10.416020143226238,murder_risk
dakshinsurma,friday,afternoon,24.9,91.86667,0.14072769935158302,0.0,0.0,0.0,0.0,0.14072769935158302,0.0,1,0,0,0,0,1,0,Very Low,7.1109154902737455,robbery_risk
dakshinsurma,monday,night,24.9,91.86667,0.20974879675266989,0.0,0.10487439837633494,0.0,0.0,0.10487439837633494,0.0,2,0,1,0,0,1,0,Low,8.146231951290048,rape_risk
dakshinsurma,saturday,night,24.9,91.86667,0.13337654627754003,0.0,0.0,0.0,0.0,0.0,0.13337654627754003,1,0,0,0,0,0,1,Very Low,7.000648194163101,assault_risk
dakshinsurma,sunday,morning,24.9,91.86667,0.15564295572869902,0.0,0.0,0.0,0.15564295572869902,0.0,0.0,1,0,0,0,1,0,0,Very Low,7.334644335930485,bodyfound_risk
dakshinsurma,sunday,noon,24.9,91.86667,0.11332127354244693,0.0,0.0,0.0,0.0,0.11332127354244693,0.0,1,0,0,0,0,1,0,Very Low,6.699819103136704,robbery_risk
dakshinsurma,tuesday,night,24.9,91.86667,0.14352539395202085,0.14352539395202085,0.0,0.0,0.0,0.0,0.0,1,1,0,0,0,0,0,Very Low,7.152880909280313,murder_risk
dampara,friday,afternoon,22.31667,91.81667,0.46481539539975436,0.0,0.0,0.0,0.46481539539975436,0.0,0.0,1,0,0,0,1,0,0,Moderate,11.972230930996314,bodyfound_risk
damudya,wednesday,morning,23.1333,90.4333,0.4049252063050916,0.0,0.0,0.0,0.4049252063050916,0.0,0.0,1,0,0,0,1,0,0,Moderate,11.073878094576374,bodyfound_risk
damurhuda,friday,night,23.6167,88.7833,0.14516487909292183,0.07258243954646092,0.0,0.0,0.0,0.07258243954646092,0.0,2,1,0,0,0,1,0,Very Low,7.1774731863938275,murder_risk
damurhuda,monday,morning,23.6167,88.7833,0.12989962097741048,0.0,0.0,0.0,0.12989962097741048,0.0,0.0,1,0,0,0,1,0,0,Very Low,6.948494314661158,bodyfound_risk
damurhuda,saturday,night,23.6167,88.7833,0.1565074976140528,0.0,0.0,0.0,0.0,0.0782537488070264,0.0782537488070264,2,0,0,0,0,1,1,Very Low,7.347612464210792,robbery_risk
damurhuda,sunday,morning,23.6167,88.7833,0.14045759487355292,0.0,0.0,0.14045759487355292,0.0,0.0,0.0,1,0,0,1,0,0,0,Very Low,7.106863923103294,kidnap_risk
damurhuda,sunday,night,23.6167,88.7833,0.11669370508361251,0.0,0.0,0.0,0.0,0.0,0.11669370508361251,1,0,0,0,0,0,1,Very Low,6.750405576254188,assault_risk
damurhuda,sunday,noon,23.6167,88.7833,0.1250973949025224,0.0,0.0,0.0,0.1250973949025224,0.0,0.0,1,0,0,0,1,0,0,Very Low,6.876460923537836,bodyfound_risk
damurhuda,thursday,night,23.6167,88.7833,0.12483809770554972,0.12483809770554972,0.0,0.0,0.0,0.0,0.0,1,1,0,0,0,0,0,Very Low,6.8725714655832455,murder_risk
damurhuda,wednesday,morning,23.6167,88.7833,0.12001340939991206,0.0,0.0,0.0,0.12001340939991206,0.0,0.0,1,0,0,0,1,0,0,Very Low,6.800201140998681,bodyfound_risk
darus salam,monday,noon,23.785337,90.342439,0.3222659041511622,0.0,0.0,0.0,0.3222659041511622,0.0,0.0,1,0,0,0,1,0,0,Low,9.833988562267432,bodyfound_risk
darus salam,saturday,noon,23.785337,90.342439,0.3253933845830276,0.0,0.0,0.0,0.3253933845830276,0.0,0.0,1,0,0,0,1,0,0,Low,9.880900768745413,bodyfound_risk
darus salam,sunday,night,23.785337,90.342439,0.3262938174593406,0.0,0.3262938174593406,0.0,0.0,0.0,0.0,1,0,1,0,0,0,0,Low,9.894407261890109,rape_risk
darus salam,thursday,night,23.785337,90.342439,0.3222589045951656,0.3222589045951656,0.0,0.0,0.0,0.0,0.0,1,1,0,0,0,0,0,Low,9.833883568927483,murder_risk
darus salam,tuesday,night,23.785337,90.342439,0.330100465383581,0.330100465383581,0.0,0.0,0.0,0.0,0.0,1,1,0,0,0,0,0,Low,9.951506980753715,murder_risk
darus salam,wednesday,morning,23.785337,90.342439,0.32800602364963505,0.0,0.0,0.0,0.32800602364963505,0.0,0.0,1,0,0,0,1,0,0,Low,9.920090354744525,bodyfound_risk
darussalam,monday,night,23.728907,90.417137,0.5743089136662521,0.0,0.0,0.0,0.0,0.0,0.5743089136662521,1,0,0,0,0,0,1,High,13.614633704993782,assault_risk
dashmina,monday,night,22.2833,90.5903,0.23821862364285726,0.0,0.11910931182142863,0.0,0.0,0.0,0.11910931182142863,4,0,2,0,0,0,2,Low,8.573279354642859,rape_risk
dashmina,saturday,night,22.2833,90.5903,0.1587484784373776,0.0,0.0,0.0793742392186888,0.0,0.0,0.0793742392186888,2,0,0,1,0,0,1,Very Low,7.381227176560664,kidnap_risk
dashmina,tuesday,evening,22.2833,90.5903,0.11612176333174468,0.0,0.11612176333174468,0.0,0.0,0.0,0.0,1,0,1,0,0,0,0,Very Low,6.74182644997617,rape_risk
dashmina,tuesday,night,22.2833,90.5903,0.2522693938539471,0.0,0.2522693938539471,0.0,0.0,0.0,0.0,4,0,4,0,0,0,0,Low,8.784040907809207,rape_risk
dashmina,wednesday,night,22.2833,90.5903,0.13261424082371753,0.13261424082371753,0.0,0.0,0.0,0.0,0.0,1,1,0,0,0,0,0,Very Low,6.989213612355763,murder_risk
daudkandi,friday,morning,23.5333,90.7167,0.1537377945688116,0.0,0.1537377945688116,0.0,0.0,0.0,0.0,1,0,1,0,0,0,0,Very Low,7.306066918532174,rape_risk
daudkandi,monday,morning,23.5333,90.7167,0.16342983427658733,0.16342983427658733,0.0,0.0,0.0,0.0,0.0,1,1,0,0,0,0,0,Very Low,7.451447514148811,murder_risk
daudkandi,sunday,night,23.5333,90.7167,0.1587739813993565,0.0,0.0,0.0,0.1587739813993565,0.0,0.0,1,0,0,0,1,0,0,Very Low,7.3816097209903475,bodyfound_risk
daudkandi,tuesday,night,23.5333,90.7167,0.15544940082316136,0.0,0.0,0.0,0.15544940082316136,0.0,0.0,1,0,0,0,1,0,0,Very Low,7.33174101234742,bodyfound_risk
daudkandi,wednesday,night,23.5333,90.7167,0.1630700862559893,0.0,0.0,0.0,0.0,0.1630700862559893,0.0,1,0,0,0,0,1,0,Very Low,7.446051293839839,robbery_risk
daulatpur,friday,night,24.0014,88.875,0.15877507672091912,0.15877507672091912,0.0,0.0,0.0,0.0,0.0,1,1,0,0,0,0,0,Very Low,7.381626150813787,murder_risk
daulatpur,sunday,morning,24.0014,88.875,0.1438459832719201,0.0,0.0,0.0,0.1438459832719201,0.0,0.0,1,0,0,0,1,0,0,Very Low,7.157689749078802,bodyfound_risk
daulatpur,sunday,night,24.0014,88.875,0.14605093767561195,0.14605093767561195,0.0,0.0,0.0,0.0,0.0,1,1,0,0,0,0,0,Very Low,7.190764065134179,murder_risk
daulatpur,tuesday,morning,24.0014,88.875,0.15927047539728043,0.0,0.0,0.0,0.15927047539728043,0.0,0.0,1,0,0,0,1,0,0,Very Low,7.389057130959206,bodyfound_risk
daulatpur,tuesday,night,24.0014,88.875,0.19200348903742676,0.09600174451871338,0.0,0.0,0.0,0.09600174451871338,0.0,2,1,0,0,0,1,0,Very Low,7.880052335561402,murder_risk
daulatpur,wednesday,afternoon,24.0014,88.875,0.12164701176422338,0.0,0.0,0.0,0.0,0.0,0.12164701176422338,1,0,0,0,0,0,1,Very Low,6.82470517646335,assault_risk
daulatpur,wednesday,evening,24.0014,88.875,0.15173344400652877,0.0,0.0,0.15173344400652877,0.0,0.0,0.0,1,0,0,1,0,0,0,Very Low,7.276001660097932,kidnap_risk
daulatpur,wednesday,night,24.0014,88.875,0.15263217025091155,0.15263217025091155,0.0,0.0,0.0,0.0,0.0,1,1,0,0,0,0,0,Very Low,7.289482553763673,murder_risk
dayaganj,friday,morning,23.70861461,90.42250425,0.5693226594544367,0.0,0.0,0.0,0.0,0.5693226594544367,0.0,1,0,0,0,0,1,0,High,13.53983989181655,robbery_risk
debahata,sunday,evening,22.5667,88.9667,0.3967517610502369,0.0,0.0,0.0,0.3967517610502369,0.0,0.0,1,0,0,0,1,0,0,Moderate,10.951276415753554,bodyfound_risk
debhata,sunday,evening,22.5667,88.9667,0.3967517610502369,0.0,0.0,0.0,0.3967517610502369,0.0,0.0,1,0,0,0,1,0,0,Moderate,10.951276415753554,bodyfound_risk
debidwar,friday,night,23.6,90.9917,0.16631623220820288,0.16631623220820288,0.0,0.0,0.0,0.0,0.0,1,1,0,0,0,0,0,Very Low,7.4947434831230435,murder_risk
debidwar,monday,morning,23.6,90.9917,0.2357636474002039,0.0,0.0,0.0,0.2357636474002039,0.0,0.0,2,0,0,0,2,0,0,Low,8.536454711003058,bodyfound_risk
debidwar,monday,night,23.6,90.9917,0.17875184646674633,0.17875184646674633,0.0,0.0,0.0,0.0,0.0,1,1,0,0,0,0,0,Very Low,7.681277697001195,murder_risk
debidwar,saturday,morning,23.6,90.9917,0.17494185657573602,0.0,0.0,0.0,0.17494185657573602,0.0,0.0,1,0,0,0,1,0,0,Very Low,7.62412784863604,bodyfound_risk
debiganj,monday,evening,26.158752,88.718945,0.17774249053853602,0.0,0.08887124526926801,0.0,0.08887124526926801,0.0,0.0,2,0,1,0,1,0,0,Very Low,7.666137358078041,rape_risk
debiganj,monday,morning,26.158752,88.718945,0.1359114960756003,0.0,0.0,0.1359114960756003,0.0,0.0,0.0,1,0,0,1,0,0,0,Very Low,7.038672441134004,kidnap_risk
debiganj,monday,night,26.158752,88.718945,0.13762214914400162,0.0,0.13762214914400162,0.0,0.0,0.0,0.0,1,0,1,0,0,0,0,Very Low,7.064332237160024,rape_risk
debiganj,saturday,noon,26.158752,88.718945,0.13382091567943644,0.13382091567943644,0.0,0.0,0.0,0.0,0.0,1,1,0,0,0,0,0,Very Low,7.007313735191547,murder_risk
debiganj,thursday,morning,26.158752,88.718945,0.1408621326237027,0.0,0.0,0.1408621326237027,0.0,0.0,0.0,1,0,0,1,0,0,0,Very Low,7.112931989355541,kidnap_risk
debiganj,tuesday,evening,26.158752,88.718945,0.13369254490544522,0.13369254490544522,0.0,0.0,0.0,0.0,0.0,1,1,0,0,0,0,0,Very Low,7.005388173581679,murder_risk
debiganj,tuesday,night,26.158752,88.718945,0.14904395106474666,0.0,0.14904395106474666,0.0,0.0,0.0,0.0,1,0,1,0,0,0,0,Very Low,7.2356592659712,rape_risk
debiganj,wednesday,morning,26.158752,88.718945,0.15677400555075138,0.0,0.07838700277537569,0.0,0.07838700277537569,0.0,0.0,2,0,1,0,1,0,0,Very Low,7.351610083261271,rape_risk
delduar,friday,morning,24.1417,89.9667,0.16366574762770264,0.0,0.0,0.0,0.16366574762770264,0.0,0.0,2,0,0,0,2,0,0,Very Low,7.454986214415539,bodyfound_risk
delduar,monday,night,24.1417,89.9667,0.1341778399910057,0.0,0.1341778399910057,0.0,0.0,0.0,0.0,1,0,1,0,0,0,0,Very Low,7.012667599865085,rape_risk
delduar,saturday,morning,24.1417,89.9667,0.16543465647328498,0.0,0.0,0.08271732823664249,0.08271732823664249,0.0,0.0,2,0,0,1,1,0,0,Very Low,7.481519847099275,kidnap_risk
delduar,sunday,morning,24.1417,89.9667,0.12478337122656147,0.0,0.0,0.0,0.12478337122656147,0.0,0.0,1,0,0,0,1,0,0,Very Low,6.871750568398422,bodyfound_risk
delduar,tuesday,night,24.1417,89.9667,0.16415414007945273,0.08207707003972636,0.0,0.0,0.0,0.08207707003972636,0.0,2,1,0,0,0,1,0,Very Low,7.462312101191791,murder_risk
delduar,wednesday,night,24.1417,89.9667,0.1611114879374735,0.08055574396873676,0.0,0.0,0.0,0.08055574396873676,0.0,2,1,0,0,0,1,0,Very Low,7.416672319062103,murder_risk
demra,friday,night,23.721686,90.497766,0.3411807571173322,0.0,0.0,0.0,0.3411807571173322,0.0,0.0,2,0,0,0,2,0,0,Low,10.117711356759983,bodyfound_risk
demra,friday,noon,23.721686,90.497766,0.29870033719900346,0.0,0.0,0.0,0.0,0.29870033719900346,0.0,1,0,0,0,0,1,0,Low,9.480505057985052,robbery_risk
demra,monday,noon,23.721686,90.497766,0.3037821263991651,0.0,0.0,0.0,0.3037821263991651,0.0,0.0,1,0,0,0,1,0,0,Low,9.556731895987475,bodyfound_risk
demra,saturday,afternoon,23.721686,90.497766,0.30311912828673243,0.0,0.0,0.0,0.30311912828673243,0.0,0.0,1,0,0,0,1,0,0,Low,9.546786924300987,bodyfound_risk
demra,saturday,night,23.721686,90.497766,0.2929579678158473,0.0,0.0,0.0,0.0,0.0,0.2929579678158473,1,0,0,0,0,0,1,Low,9.39436951723771,assault_risk
demra,sunday,night,23.721686,90.497766,0.3014940728889026,0.0,0.0,0.0,0.0,0.3014940728889026,0.0,1,0,0,0,0,1,0,Low,9.522411093333538,robbery_risk
demra,thursday,night,23.721685999999995,90.497766,0.3799085760406381,0.25327238402709207,0.0,0.0,0.0,0.12663619201354603,0.0,3,2,0,0,0,1,0,Moderate,10.698628640609572,murder_risk
demra,tuesday,night,23.721686,90.497766,0.29537418878953564,0.0,0.0,0.0,0.0,0.0,0.29537418878953564,1,0,0,0,0,0,1,Low,9.430612831843035,assault_risk
demra,wednesday,night,23.721686,90.497766,0.30179688820731326,0.0,0.0,0.30179688820731326,0.0,0.0,0.0,1,0,0,1,0,0,0,Low,9.526953323109698,kidnap_risk
derai,monday,night,24.7833,91.35,0.21331395983812768,0.21331395983812768,0.0,0.0,0.0,0.0,0.0,1,1,0,0,0,0,0,Low,8.199709397571915,murder_risk
derai,saturday,night,24.7833,91.35,0.19708297724273305,0.19708297724273305,0.0,0.0,0.0,0.0,0.0,1,1,0,0,0,0,0,Very Low,7.956244658640996,murder_risk
derai,thursday,morning,24.7833,91.35,0.19497069936409306,0.19497069936409306,0.0,0.0,0.0,0.0,0.0,1,1,0,0,0,0,0,Very Low,7.9245604904613955,murder_risk
dewangonj,friday,morning,25.1417,89.7833,0.11937990096186761,0.0,0.0,0.0,0.11937990096186761,0.0,0.0,1,0,0,0,1,0,0,Very Low,6.790698514428014,bodyfound_risk
dewangonj,friday,night,25.1417,89.7833,0.12272929490115218,0.12272929490115218,0.0,0.0,0.0,0.0,0.0,1,1,0,0,0,0,0,Very Low,6.840939423517282,murder_risk
dewangonj,saturday,night,25.1417,89.7833,0.1803749833440893,0.0,0.0,0.06012499444802977,0.0,0.12024998889605953,0.0,3,0,0,1,0,2,0,Very Low,7.7056247501613395,robbery_risk
dewangonj,saturday,noon,25.1417,89.7833,0.11833636007082901,0.0,0.0,0.0,0.11833636007082901,0.0,0.0,1,0,0,0,1,0,0,Very Low,6.775045401062435,bodyfound_risk
dewangonj,sunday,evening,25.1417,89.7833,0.1170650925527777,0.0,0.1170650925527777,0.0,0.0,0.0,0.0,1,0,1,0,0,0,0,Very Low,6.755976388291666,rape_risk
dewangonj,sunday,morning,25.1417,89.7833,0.11104156176465493,0.0,0.0,0.0,0.0,0.0,0.11104156176465493,1,0,0,0,0,0,1,Very Low,6.665623426469824,assault_risk
dewangonj,tuesday,afternoon,25.1417,89.7833,0.12162554500749287,0.0,0.0,0.0,0.12162554500749287,0.0,0.0,1,0,0,0,1,0,0,Very Low,6.824383175112393,bodyfound_risk
dewangonj,wednesday,morning,25.1417,89.7833,0.12335685520976229,0.0,0.0,0.0,0.12335685520976229,0.0,0.0,1,0,0,0,1,0,0,Very Low,6.850352828146434,bodyfound_risk
dewangonj,wednesday,night,25.1417,89.7833,0.18984241855595155,0.18984241855595155,0.0,0.0,0.0,0.0,0.0,3,3,0,0,0,0,0,Very Low,7.847636278339273,murder_risk
dewangonj,wednesday,noon,25.1417,89.7833,0.07951869249246543,0.0,0.0,0.0,0.07951869249246543,0.0,0.0,1,0,0,0,1,0,0,Very Low,6.192780387386982,bodyfound_risk
dhaka,friday,night,23.794413,90.413735,0.3110544066432165,0.0,0.0,0.0,0.0,0.3110544066432165,0.0,1,0,0,0,0,1,0,Low,9.665816099648247,robbery_risk
dhaka,monday,afternoon,23.794413,90.413735,0.312576344505353,0.0,0.312576344505353,0.0,0.0,0.0,0.0,1,0,1,0,0,0,0,Low,9.688645167580294,rape_risk
dhaka,saturday,night,23.794413,90.413735,0.3118921288233208,0.0,0.0,0.3118921288233208,0.0,0.0,0.0,1,0,0,1,0,0,0,Low,9.678381932349811,kidnap_risk
dhaka,sunday,morning,23.794413,90.413735,0.2925959692905622,0.0,0.0,0.0,0.0,0.0,0.2925959692905622,1,0,0,0,0,0,1,Low,9.388939539358432,assault_risk
dhaka,sunday,night,23.794413,90.413735,0.35194599137238414,0.0,0.35194599137238414,0.0,0.0,0.0,0.0,2,0,2,0,0,0,0,Moderate,10.279189870585762,rape_risk
dhaka,thursday,morning,23.794413,90.413735,0.3145390389046349,0.0,0.0,0.3145390389046349,0.0,0.0,0.0,1,0,0,1,0,0,0,Low,9.718085583569524,kidnap_risk
dhaka,tuesday,noon,23.794413,90.413735,0.30872557155504954,0.0,0.0,0.0,0.0,0.0,0.30872557155504954,1,0,0,0,0,0,1,Low,9.630883573325743,assault_risk
dhaka,wednesday,morning,23.794413,90.413735,0.3224836902122128,0.0,0.0,0.3224836902122128,0.0,0.0,0.0,1,0,0,1,0,0,0,Low,9.837255353183192,kidnap_risk
dhaka,wednesday,night,23.794413,90.413735,0.30777897522872266,0.0,0.30777897522872266,0.0,0.0,0.0,0.0,1,0,1,0,0,0,0,Low,9.61668462843084,rape_risk
dhaka commerce college,thursday,night,23.806587,90.3524285,0.5691434177355978,0.0,0.0,0.0,0.0,0.0,0.5691434177355978,1,0,0,0,0,0,1,High,13.537151266033968,assault_risk
dhaka medical college,sunday,night,23.7257475,90.3975835,0.4269404772451405,0.0,0.0,0.0,0.0,0.0,0.4269404772451405,1,0,0,0,0,0,1,Moderate,11.404107158677107,assault_risk
dhaka medical college,thursday,night,23.7257475,90.3975835,0.4304420732667338,0.0,0.4304420732667338,0.0,0.0,0.0,0.0,1,0,1,0,0,0,0,Moderate,11.456631099001006,rape_risk
dhaka university,friday,evening,23.881433,90.2683015,0.29196431666433265,0.0,0.0,0.0,0.0,0.0,0.29196431666433265,1,0,0,0,0,0,1,Low,9.37946474996499,assault_risk
dhaka university,friday,morning,23.881433,90.2683015,0.2929752609827084,0.2929752609827084,0.0,0.0,0.0,0.0,0.0,1,1,0,0,0,0,0,Low,9.394628914740625,murder_risk
dhaka university,friday,night,23.881433,90.2683015,0.3705496905245442,0.0,0.0,0.0,0.07410993810490883,0.0,0.2964397524196353,5,0,0,0,1,0,4,Moderate,10.558245357868163,assault_risk
dhaka university,monday,morning,23.881433,90.2683015,0.2846606141309866,0.0,0.0,0.0,0.0,0.0,0.2846606141309866,1,0,0,0,0,0,1,Low,9.269909211964798,assault_risk
dhaka university,monday,noon,23.881433,90.2683015,0.28815338731756923,0.0,0.0,0.0,0.0,0.0,0.28815338731756923,1,0,0,0,0,0,1,Low,9.322300809763538,assault_risk
dhaka university,saturday,afternoon,23.881433,90.2683015,0.282938421127949,0.0,0.0,0.0,0.282938421127949,0.0,0.0,1,0,0,0,1,0,0,Low,9.244076316919234,bodyfound_risk
dhaka university,saturday,night,23.881433,90.2683015,0.32345332219078465,0.0,0.0,0.0,0.0,0.0,0.32345332219078465,3,0,0,0,0,0,3,Low,9.851799832861769,assault_risk
dhaka university,sunday,evening,23.881433,90.2683015,0.28528444265137864,0.0,0.0,0.0,0.28528444265137864,0.0,0.0,1,0,0,0,1,0,0,Low,9.279266639770679,bodyfound_risk
dhaka university,sunday,noon,23.881433,90.2683015,0.30639618971993443,0.0,0.0,0.0,0.0,0.0,0.30639618971993443,2,0,0,0,0,0,2,Low,9.595942845799016,assault_risk
dhaka university,thursday,evening,23.881433,90.2683015,0.2848105124226994,0.0,0.0,0.0,0.0,0.0,0.2848105124226994,1,0,0,0,0,0,1,Low,9.272157686340492,assault_risk
dhaka university,tuesday,night,23.881433,90.2683015,0.3244217454154854,0.0,0.0,0.0,0.0,0.0,0.3244217454154854,3,0,0,0,0,0,3,Low,9.866326181232282,assault_risk
dhaka university,tuesday,noon,23.881433,90.2683015,0.2896202313532349,0.0,0.0,0.0,0.0,0.0,0.2896202313532349,1,0,0,0,0,0,1,Low,9.344303470298524,assault_risk
dhaka university,wednesday,night,23.881433,90.2683015,0.32724470062614275,0.0,0.0,0.0,0.0,0.0,0.32724470062614275,3,0,0,0,0,0,3,Low,9.908670509392142,assault_risk
dhaka university,wednesday,noon,23.881433,90.2683015,0.29138621354683564,0.0,0.0,0.0,0.0,0.0,0.29138621354683564,1,0,0,0,0,0,1,Low,9.370793203202535,assault_risk
dhakeshwari,tuesday,night,23.728907,90.417137,0.5738417045307064,0.0,0.0,0.0,0.0,0.5738417045307064,0.0,1,0,0,0,0,1,0,High,13.607625567960596,robbery_risk
dhalpur,saturday,night,23.715966,90.434561,0.5693382062459986,0.0,0.0,0.0,0.0,0.5693382062459986,0.0,1,0,0,0,0,1,0,High,13.54007309368998,robbery_risk
dhamrai,friday,morning,23.90833,90.21667,0.12963860398873892,0.12963860398873892,0.0,0.0,0.0,0.0,0.0,1,1,0,0,0,0,0,Very Low,6.944579059831083,murder_risk
dhamrai,friday,night,23.90833,90.21667,0.13930253676759913,0.0,0.06965126838379956,0.0,0.0,0.0,0.06965126838379956,2,0,1,0,0,0,1,Very Low,7.089538051513987,rape_risk
dhamrai,monday,evening,23.90833,90.21667,0.1301414745044731,0.0,0.1301414745044731,0.0,0.0,0.0,0.0,1,0,1,0,0,0,0,Very Low,6.952122117567097,rape_risk
dhamrai,monday,night,23.908329999999996,90.21666999999998,0.16218564858718704,0.054061882862395674,0.0,0.054061882862395674,0.0,0.0,0.054061882862395674,3,1,0,1,0,0,1,Very Low,7.432784728807805,murder_risk
dhamrai,monday,noon,23.90833,90.21667,0.14238818857134897,0.0,0.14238818857134897,0.0,0.0,0.0,0.0,2,0,2,0,0,0,0,Very Low,7.135822828570234,rape_risk
dhamrai,saturday,morning,23.90833,90.21667,0.125631844690275,0.0,0.0,0.0,0.125631844690275,0.0,0.0,1,0,0,0,1,0,0,Very Low,6.884477670354125,bodyfound_risk
dhamrai,saturday,night,23.90833,90.21667,0.1344491841783095,0.0,0.1344491841783095,0.0,0.0,0.0,0.0,2,0,2,0,0,0,0,Very Low,7.0167377626746426,rape_risk
dhamrai,sunday,night,23.90833,90.21667,0.2313416676685478,0.046268333533709564,0.18507333413483826,0.0,0.0,0.0,0.0,5,1,4,0,0,0,0,Low,8.470125015028216,rape_risk
dhamrai,sunday,noon,23.90833,90.21667,0.129233628222238,0.0,0.0,0.0,0.0,0.0,0.129233628222238,2,0,0,0,0,0,2,Very Low,6.93850442333357,assault_risk
dhamrai,thursday,morning,23.90833,90.21667,0.1088766925867526,0.0,0.0,0.1088766925867526,0.0,0.0,0.0,1,0,0,1,0,0,0,Very Low,6.633150388801289,kidnap_risk
dhamrai,thursday,night,23.90833,90.21667,0.1407682767731631,0.0,0.1407682767731631,0.0,0.0,0.0,0.0,2,0,2,0,0,0,0,Very Low,7.111524151597447,rape_risk
dhamrai,thursday,noon,23.90833,90.21667,0.09464174578318155,0.0,0.0,0.0,0.09464174578318155,0.0,0.0,1,0,0,0,1,0,0,Very Low,6.419626186747723,bodyfound_risk
dhamrai,tuesday,night,23.908329999999996,90.21666999999998,0.157330089441507,0.0,0.104886726294338,0.0,0.0,0.0,0.052443363147169,3,0,2,0,0,0,1,Very Low,7.359951341622605,rape_risk
dhamrai,wednesday,morning,23.90833,90.21667,0.14912128712141343,0.14912128712141343,0.0,0.0,0.0,0.0,0.0,2,2,0,0,0,0,0,Very Low,7.236819306821202,murder_risk
dhamrai,wednesday,night,23.90833,90.21667,0.11248918803204357,0.11248918803204357,0.0,0.0,0.0,0.0,0.0,1,1,0,0,0,0,0,Very Low,6.6873378204806535,murder_risk
dhanbari,friday,morning,24.689813,89.950603,0.23956526067553088,0.0,0.23956526067553088,0.0,0.0,0.0,0.0,1,0,1,0,0,0,0,Low,8.593478910132964,rape_risk
dhanbari,saturday,night,24.689813,89.950603,0.2531192330985101,0.0,0.2531192330985101,0.0,0.0,0.0,0.0,1,0,1,0,0,0,0,Low,8.796788496477651,rape_risk
dhanmondi,friday,night,23.744806,90.373922,0.3125616816610236,0.1562808408305118,0.0,0.0,0.0,0.1562808408305118,0.0,2,1,0,0,0,1,0,Low,9.688425224915354,murder_risk
dhanmondi,monday,morning,23.744806,90.373922,0.29043313959469796,0.0,0.0,0.0,0.29043313959469796,0.0,0.0,1,0,0,0,1,0,0,Low,9.35649709392047,bodyfound_risk
dhanmondi,monday,night,23.744806,90.373922,0.28603753872224746,0.0,0.0,0.0,0.0,0.28603753872224746,0.0,1,0,0,0,0,1,0,Low,9.290563080833712,robbery_risk
dhanmondi,saturday,evening,23.744806,90.373922,0.2859682967172735,0.0,0.0,0.0,0.0,0.2859682967172735,0.0,1,0,0,0,0,1,0,Low,9.289524450759103,robbery_risk
dhanmondi,saturday,morning,23.744806,90.373922,0.2920448743153606,0.0,0.0,0.0,0.2920448743153606,0.0,0.0,1,0,0,0,1,0,0,Low,9.38067311473041,bodyfound_risk
dhanmondi,saturday,night,23.744806,90.373922,0.29720476499863785,0.0,0.0,0.29720476499863785,0.0,0.0,0.0,1,0,0,1,0,0,0,Low,9.458071474979569,kidnap_risk
dhanmondi,saturday,noon,23.744806,90.373922,0.28960298869755396,0.0,0.0,0.0,0.0,0.0,0.28960298869755396,1,0,0,0,0,0,1,Low,9.344044830463309,assault_risk
dhanmondi,sunday,night,23.744806,90.373922,0.37696752309562914,0.09424188077390729,0.0,0.09424188077390729,0.0,0.18848376154781457,0.0,4,1,0,1,0,2,0,Moderate,10.654512846434436,robbery_risk
dhanmondi,sunday,noon,23.744806,90.373922,0.3107512114833791,0.0,0.15537560574168954,0.0,0.0,0.15537560574168954,0.0,2,0,1,0,0,1,0,Low,9.661268172250686,rape_risk
dhanmondi,thursday,night,23.744806,90.373922,0.29438416493359454,0.0,0.0,0.0,0.29438416493359454,0.0,0.0,1,0,0,0,1,0,0,Low,9.415762474003918,bodyfound_risk
dhanmondi,tuesday,night,23.744806,90.373922,0.3134656847877637,0.0,0.0,0.0,0.0,0.15673284239388185,0.15673284239388185,2,0,0,0,0,1,1,Low,9.701985271816456,robbery_risk
dhanmondi,tuesday,noon,23.744806,90.373922,0.295334064931392,0.0,0.0,0.0,0.0,0.0,0.295334064931392,1,0,0,0,0,0,1,Low,9.43001097397088,assault_risk
dharmapasha,friday,afternoon,24.9,91.0167,0.1303484926639028,0.0,0.0,0.0,0.0,0.0,0.1303484926639028,1,0,0,0,0,0,1,Very Low,6.955227389958543,assault_risk
dharmapasha,saturday,morning,24.9,91.0167,0.1663462791387936,0.0831731395693968,0.0,0.0831731395693968,0.0,0.0,0.0,2,1,0,1,0,0,0,Very Low,7.495194187081903,murder_risk
dharmapasha,sunday,night,24.9,91.0167,0.19813370728800328,0.0,0.19813370728800328,0.0,0.0,0.0,0.0,2,0,2,0,0,0,0,Very Low,7.97200560932005,rape_risk
dharmapasha,thursday,afternoon,24.9,91.0167,0.12037503349950393,0.0,0.0,0.0,0.0,0.0,0.12037503349950393,1,0,0,0,0,0,1,Very Low,6.805625502492559,assault_risk
dharmapasha,tuesday,afternoon,24.9,91.0167,0.13490852225862116,0.0,0.0,0.0,0.0,0.0,0.13490852225862116,1,0,0,0,0,0,1,Very Low,7.023627833879317,assault_risk
dholaikhal,sunday,night,23.712453,90.414168,0.5630789164435032,0.0,0.0,0.0,0.0,0.0,0.5630789164435032,1,0,0,0,0,0,1,High,13.446183746652547,assault_risk
dholaipar,monday,noon,23.784506,90.403409,0.568732382946284,0.0,0.0,0.0,0.0,0.0,0.568732382946284,1,0,0,0,0,0,1,High,13.530985744194261,assault_risk
dhunot,friday,evening,24.6833,89.5375,0.10760970052610921,0.0,0.0,0.10760970052610921,0.0,0.0,0.0,1,0,0,1,0,0,0,Very Low,6.614145507891639,kidnap_risk
dhunot,friday,morning,24.6833,89.5375,0.09554742720603543,0.0,0.0,0.0,0.0,0.0,0.09554742720603543,1,0,0,0,0,0,1,Very Low,6.433211408090531,assault_risk
dhunot,friday,night,24.6833,89.5375,0.11764032718438716,0.0,0.0,0.0,0.11764032718438716,0.0,0.0,2,0,0,0,2,0,0,Very Low,6.764604907765808,bodyfound_risk
dhunot,friday,noon,24.6833,89.5375,0.11205745947080563,0.0,0.11205745947080563,0.0,0.0,0.0,0.0,1,0,1,0,0,0,0,Very Low,6.680861892062085,rape_risk
dhunot,monday,night,24.6833,89.53749999999998,0.21369873746400642,0.0,0.0,0.07123291248800213,0.07123291248800213,0.0,0.07123291248800213,6,0,0,2,2,0,2,Low,8.205481061960096,kidnap_risk
dhunot,saturday,evening,24.6833,89.5375,0.12090033052296348,0.0,0.0,0.12090033052296348,0.0,0.0,0.0,1,0,0,1,0,0,0,Very Low,6.813504957844453,kidnap_risk
dhunot,saturday,night,24.6833,89.5375,0.11135110162352073,0.0,0.11135110162352073,0.0,0.0,0.0,0.0,1,0,1,0,0,0,0,Very Low,6.670266524352811,rape_risk
dhunot,sunday,evening,24.6833,89.5375,0.1178094776830521,0.1178094776830521,0.0,0.0,0.0,0.0,0.0,1,1,0,0,0,0,0,Very Low,6.767142165245781,murder_risk
dhunot,sunday,night,24.6833,89.53749999999998,0.15043050451755385,0.0,0.050143501505851285,0.050143501505851285,0.0,0.0,0.050143501505851285,3,0,1,1,0,0,1,Very Low,7.256457567763308,rape_risk
dhunot,thursday,evening,24.6833,89.5375,0.11064870940857702,0.0,0.0,0.0,0.11064870940857702,0.0,0.0,1,0,0,0,1,0,0,Very Low,6.659730641128656,bodyfound_risk
dhunot,thursday,night,24.6833,89.5375,0.13980961921350865,0.06990480960675433,0.0,0.06990480960675433,0.0,0.0,0.0,2,1,0,1,0,0,0,Very Low,7.09714428820263,murder_risk
dhunot,tuesday,afternoon,24.6833,89.5375,0.12313393559305741,0.0,0.0,0.0,0.12313393559305741,0.0,0.0,1,0,0,0,1,0,0,Very Low,6.847009033895861,bodyfound_risk
dhunot,tuesday,morning,24.6833,89.5375,0.1026637130614995,0.0,0.0,0.0,0.1026637130614995,0.0,0.0,1,0,0,0,1,0,0,Very Low,6.539955695922492,bodyfound_risk
dhunot,tuesday,night,24.6833,89.5375,0.13599267465019754,0.06799633732509877,0.0,0.06799633732509877,0.0,0.0,0.0,2,1,0,1,0,0,0,Very Low,7.039890119752963,murder_risk
dhunot,wednesday,night,24.6833,89.5375,0.13683526104254468,0.0,0.0,0.13683526104254468,0.0,0.0,0.0,2,0,0,2,0,0,0,Very Low,7.05252891563817,kidnap_risk
dhunot,wednesday,noon,24.6833,89.5375,0.10504257924357163,0.0,0.0,0.0,0.10504257924357163,0.0,0.0,1,0,0,0,1,0,0,Very Low,6.575638688653575,bodyfound_risk
dighinala,friday,night,23.2583,92.0583,0.12083591503862659,0.12083591503862659,0.0,0.0,0.0,0.0,0.0,1,1,0,0,0,0,0,Very Low,6.812538725579399,murder_risk
dighinala,monday,night,23.2583,92.0583,0.11454573140163918,0.0,0.11454573140163918,0.0,0.0,0.0,0.0,1,0,1,0,0,0,0,Very Low,6.718185971024588,rape_risk
dighinala,monday,noon,23.2583,92.0583,0.11173190138460413,0.11173190138460413,0.0,0.0,0.0,0.0,0.0,1,1,0,0,0,0,0,Very Low,6.675978520769062,murder_risk
dighinala,saturday,noon,23.2583,92.0583,0.2532395578326399,0.12661977891631995,0.12661977891631995,0.0,0.0,0.0,0.0,4,2,2,0,0,0,0,Low,8.798593367489598,murder_risk
dighinala,thursday,noon,23.2583,92.0583,0.09058172224271507,0.0,0.0,0.0,0.0,0.0,0.09058172224271507,1,0,0,0,0,0,1,Very Low,6.358725833640726,assault_risk
dighinala,wednesday,evening,23.2583,92.0583,0.1516067053095289,0.0,0.1516067053095289,0.0,0.0,0.0,0.0,2,0,2,0,0,0,0,Very Low,7.274100579642933,rape_risk
dighinala,wednesday,morning,23.2583,92.0583,0.1163356064230108,0.1163356064230108,0.0,0.0,0.0,0.0,0.0,1,1,0,0,0,0,0,Very Low,6.745034096345162,murder_risk
digholia,friday,night,22.9083,89.5333,0.3091996744829729,0.3091996744829729,0.0,0.0,0.0,0.0,0.0,2,2,0,0,0,0,0,Low,9.637995117244593,murder_risk
digholia,sunday,morning,22.9083,89.5333,0.19445030045380815,0.0,0.0,0.0,0.19445030045380815,0.0,0.0,1,0,0,0,1,0,0,Very Low,7.916754506807122,bodyfound_risk
dimla,friday,afternoon,26.1278,88.925,0.13086919967399502,0.0,0.0,0.0,0.0,0.0,0.13086919967399502,1,0,0,0,0,0,1,Very Low,6.963037995109925,assault_risk
dimla,friday,night,26.1278,88.925,0.12334666757297406,0.0,0.0,0.12334666757297406,0.0,0.0,0.0,1,0,0,1,0,0,0,Very Low,6.850200013594611,kidnap_risk
dimla,monday,morning,26.1278,88.925,0.11965109242117909,0.0,0.0,0.0,0.0,0.0,0.11965109242117909,1,0,0,0,0,0,1,Very Low,6.794766386317686,assault_risk
dimla,monday,night,26.1278,88.925,0.12251410411281716,0.0,0.12251410411281716,0.0,0.0,0.0,0.0,1,0,1,0,0,0,0,Very Low,6.837711561692258,rape_risk
dimla,saturday,night,26.1278,88.925,0.1557018171489456,0.0,0.1557018171489456,0.0,0.0,0.0,0.0,2,0,2,0,0,0,0,Very Low,7.335527257234184,rape_risk
dimla,sunday,morning,26.1278,88.925,0.1193744469127424,0.0,0.0,0.0,0.0,0.0,0.1193744469127424,1,0,0,0,0,0,1,Very Low,6.790616703691136,assault_risk
dimla,sunday,night,26.1278,88.925,0.1152741968228915,0.0,0.0,0.0,0.0,0.1152741968228915,0.0,1,0,0,0,0,1,0,Very Low,6.729112952343373,robbery_risk
dimla,tuesday,morning,26.127799999999997,88.925,0.16727555578710823,0.0,0.0,0.0,0.0,0.0,0.16727555578710823,3,0,0,0,0,0,3,Very Low,7.509133336806624,assault_risk
dimla,tuesday,night,26.1278,88.925,0.1510481232150393,0.1510481232150393,0.0,0.0,0.0,0.0,0.0,2,2,0,0,0,0,0,Very Low,7.265721848225589,murder_risk
dimla,wednesday,morning,26.1278,88.925,0.14628911607522807,0.0,0.0,0.07314455803761404,0.0,0.0,0.07314455803761404,2,0,0,1,0,0,1,Very Low,7.194336741128421,kidnap_risk
dimla,wednesday,night,26.1278,88.925,0.12132404676558117,0.0,0.12132404676558117,0.0,0.0,0.0,0.0,1,0,1,0,0,0,0,Very Low,6.819860701483718,rape_risk
dinajpur,thursday,morning,25.6333,88.65,0.40520212924267074,0.0,0.0,0.0,0.40520212924267074,0.0,0.0,1,0,0,0,1,0,0,Moderate,11.078031938640061,bodyfound_risk
dinajpur sadar,friday,evening,25.6333,88.65,0.12277168464017878,0.0,0.0,0.0,0.0,0.0,0.12277168464017878,1,0,0,0,0,0,1,Very Low,6.841575269602682,assault_risk
dinajpur sadar,friday,night,25.6333,88.65,0.11829484904429922,0.0,0.0,0.0,0.0,0.0,0.11829484904429922,1,0,0,0,0,0,1,Very Low,6.774422735664489,assault_risk
dinajpur sadar,monday,evening,25.6333,88.65,0.11398363872106292,0.0,0.0,0.0,0.0,0.0,0.11398363872106292,1,0,0,0,0,0,1,Very Low,6.709754580815944,assault_risk
dinajpur sadar,monday,morning,25.6333,88.65,0.1159816931345571,0.0,0.0,0.0,0.0,0.0,0.1159816931345571,1,0,0,0,0,0,1,Very Low,6.739725397018356,assault_risk
dinajpur sadar,monday,night,25.6333,88.65,0.1971559299791868,0.0492889824947967,0.0985779649895934,0.0,0.0492889824947967,0.0,0.0,4,1,2,0,1,0,0,Very Low,7.957338949687802,rape_risk
dinajpur sadar,saturday,night,25.6333,88.65,0.13453224278441336,0.0,0.06726612139220668,0.0,0.06726612139220668,0.0,0.0,2,0,1,0,1,0,0,Very Low,7.0179836417662,rape_risk
dinajpur sadar,sunday,evening,25.6333,88.65,0.10604663116350001,0.0,0.0,0.0,0.0,0.0,0.10604663116350001,1,0,0,0,0,0,1,Very Low,6.590699467452501,assault_risk
dinajpur sadar,sunday,night,25.6333,88.65,0.27790773332251917,0.07940220952071976,0.03970110476035988,0.07940220952071976,0.07940220952071976,0.0,0.0,7,2,1,2,2,0,0,Low,9.168615999837787,murder_risk
dinajpur sadar,thursday,evening,25.6333,88.65,0.11612055543248853,0.0,0.0,0.11612055543248853,0.0,0.0,0.0,1,0,0,1,0,0,0,Very Low,6.741808331487328,kidnap_risk
dinajpur sadar,thursday,night,25.633300000000002,88.65000000000002,0.16219538224895835,0.0,0.0,0.0,0.1081302548326389,0.05406512741631945,0.0,3,0,0,0,2,1,0,Very Low,7.432930733734375,bodyfound_risk
dinajpur sadar,tuesday,morning,25.633300000000002,88.65000000000002,0.17539177859302013,0.0,0.0,0.0,0.11692785239534675,0.0,0.05846392619767338,3,0,0,0,2,0,1,Very Low,7.6308766788953015,bodyfound_risk
dinajpur sadar,tuesday,night,25.6333,88.65,0.11985205951712599,0.0,0.0,0.11985205951712599,0.0,0.0,0.0,1,0,0,1,0,0,0,Very Low,6.79778089275689,kidnap_risk
dinajpur sadar,wednesday,morning,25.6333,88.65,0.1296402904893406,0.0,0.0,0.0,0.0,0.0,0.1296402904893406,1,0,0,0,0,0,1,Very Low,6.944604357340109,assault_risk
dogair noorbag,wednesday,night,23.71134962,90.38383434,0.5751661864143323,0.0,0.0,0.0,0.5751661864143323,0.0,0.0,1,0,0,0,1,0,0,High,13.627492796214984,bodyfound_risk
dohar,friday,night,23.5958,90.1222,0.2539289736640586,0.0,0.0,0.0,0.0,0.2539289736640586,0.0,1,0,0,0,0,1,0,Low,8.808934604960879,robbery_risk
dohar,wednesday,night,23.5958,90.1222,0.24725119381579636,0.0,0.0,0.0,0.24725119381579636,0.0,0.0,1,0,0,0,1,0,0,Low,8.708767907236945,bodyfound_risk
domar,friday,night,26.1,88.8361,0.14581830938823367,0.0,0.0,0.14581830938823367,0.0,0.0,0.0,1,0,0,1,0,0,0,Very Low,7.187274640823505,kidnap_risk
domar,monday,night,23.5958,90.1222,0.20110657924839692,0.10055328962419846,0.10055328962419846,0.0,0.0,0.0,0.0,2,1,1,0,0,0,0,Low,8.016598688725953,murder_risk
domar,monday,noon,26.1,88.8361,0.1385239958268118,0.0,0.0,0.0,0.0,0.0,0.1385239958268118,1,0,0,0,0,0,1,Very Low,7.077859937402177,assault_risk
domar,sunday,night,26.1,88.8361,0.145780873903914,0.0,0.145780873903914,0.0,0.0,0.0,0.0,1,0,1,0,0,0,0,Very Low,7.18671310855871,rape_risk
domar,thursday,morning,26.1,88.8361,0.19342551426025442,0.0,0.0,0.09671275713012721,0.09671275713012721,0.0,0.0,2,0,0,1,1,0,0,Very Low,7.901382713903816,kidnap_risk
donia,wednesday,evening,23.700508,90.451953,0.5827378349857777,0.5827378349857777,0.0,0.0,0.0,0.0,0.0,1,1,0,0,0,0,0,High,13.741067524786665,murder_risk
doulatkhan,friday,afternoon,22.6069,90.7358,0.4009054506804212,0.0,0.0,0.0,0.0,0.4009054506804212,0.0,1,0,0,0,0,1,0,Moderate,11.013581760206318,robbery_risk
doulatpur,sunday,night,23.9611,89.8417,0.20222551389297358,0.0,0.0,0.0,0.0,0.20222551389297358,0.0,1,0,0,0,0,1,0,Low,8.033382708394605,robbery_risk
doulatpur,tuesday,morning,23.9611,89.8417,0.1941662617076375,0.0,0.0,0.0,0.1941662617076375,0.0,0.0,1,0,0,0,1,0,0,Very Low,7.912493925614562,bodyfound_risk
doulatpur,wednesday,morning,23.9611,89.8417,0.20204907182501813,0.0,0.0,0.0,0.0,0.0,0.20204907182501813,1,0,0,0,0,0,1,Low,8.030736077375272,assault_risk
dowarabazar,thursday,night,25.05,91.5667,0.41202472227285386,0.0,0.20601236113642693,0.0,0.0,0.20601236113642693,0.0,2,0,1,0,0,1,0,Moderate,11.180370834092809,rape_risk
dumki,friday,night,22.442809,90.414608,0.16265655882093288,0.0,0.16265655882093288,0.0,0.0,0.0,0.0,1,0,1,0,0,0,0,Very Low,7.439848382313993,rape_risk
dumki,saturday,morning,22.442809,90.414608,0.16019997359769356,0.0,0.0,0.0,0.0,0.0,0.16019997359769356,1,0,0,0,0,0,1,Very Low,7.402999603965403,assault_risk
dumki,thursday,morning,22.442809,90.414608,0.18045395841873846,0.0,0.0,0.0,0.18045395841873846,0.0,0.0,1,0,0,0,1,0,0,Very Low,7.706809376281077,bodyfound_risk
dumki,wednesday,night,22.442809,90.414608,0.1661224621284173,0.1661224621284173,0.0,0.0,0.0,0.0,0.0,1,1,0,0,0,0,0,Very Low,7.49183693192626,murder_risk
dumuria,friday,morning,22.8083,89.425,0.1429074648503873,0.0,0.0,0.0,0.1429074648503873,0.0,0.0,1,0,0,0,1,0,0,Very Low,7.14361197275581,bodyfound_risk
dumuria,saturday,morning,22.8083,89.425,0.18820266590052315,0.0,0.0,0.0,0.18820266590052315,0.0,0.0,2,0,0,0,2,0,0,Very Low,7.823039988507848,bodyfound_risk
dumuria,saturday,night,22.8083,89.425,0.13651841437284773,0.0,0.0,0.0,0.0,0.13651841437284773,0.0,1,0,0,0,0,1,0,Very Low,7.047776215592716,robbery_risk
dumuria,sunday,morning,22.8083,89.425,0.13621027657999457,0.0,0.0,0.0,0.13621027657999457,0.0,0.0,1,0,0,0,1,0,0,Very Low,7.0431541486999185,bodyfound_risk
dumuria,thursday,morning,22.8083,89.425,0.19172978228931686,0.0,0.0,0.0,0.19172978228931686,0.0,0.0,2,0,0,0,2,0,0,Very Low,7.8759467343397525,bodyfound_risk
dupchanchia,friday,morning,24.875,89.17,0.15499615468863207,0.0,0.0,0.0,0.15499615468863207,0.0,0.0,1,0,0,0,1,0,0,Very Low,7.32494232032948,bodyfound_risk
dupchanchia,sunday,morning,24.875,89.17,0.13569981721976604,0.0,0.0,0.0,0.13569981721976604,0.0,0.0,1,0,0,0,1,0,0,Very Low,7.035497258296491,bodyfound_risk
dupchanchia,thursday,morning,24.875,89.17,0.19508502704596992,0.0,0.0,0.0,0.19508502704596992,0.0,0.0,2,0,0,0,2,0,0,Very Low,7.926275405689548,bodyfound_risk
dupchanchia,thursday,night,24.875,89.17,0.13813816352013586,0.0,0.0,0.0,0.0,0.13813816352013586,0.0,1,0,0,0,0,1,0,Very Low,7.072072452802038,robbery_risk
dupchanchia,tuesday,morning,24.875,89.17,0.14194197566430025,0.0,0.14194197566430025,0.0,0.0,0.0,0.0,1,0,1,0,0,0,0,Very Low,7.129129634964504,rape_risk
dupchanchia,wednesday,morning,24.875,89.17,0.10693075557241602,0.0,0.0,0.0,0.10693075557241602,0.0,0.0,1,0,0,0,1,0,0,Very Low,6.60396133358624,bodyfound_risk
durgapur,friday,evening,24.4556,88.7667,0.13758834337073061,0.0,0.0,0.0,0.0,0.0,0.13758834337073061,1,0,0,0,0,0,1,Very Low,7.063825150560959,assault_risk
durgapur,friday,morning,24.4556,88.7667,0.1254418177901908,0.0,0.0,0.0,0.1254418177901908,0.0,0.0,1,0,0,0,1,0,0,Very Low,6.881627266852862,bodyfound_risk
durgapur,friday,night,25.09,90.7,0.13241727828199645,0.13241727828199645,0.0,0.0,0.0,0.0,0.0,1,1,0,0,0,0,0,Very Low,6.9862591742299465,murder_risk
durgapur,friday,noon,25.09,90.7,0.12599235756461286,0.0,0.12599235756461286,0.0,0.0,0.0,0.0,1,0,1,0,0,0,0,Very Low,6.889885363469193,rape_risk
durgapur,saturday,noon,25.09,90.7,0.13327917583155668,0.0,0.0,0.0,0.13327917583155668,0.0,0.0,1,0,0,0,1,0,0,Very Low,6.99918763747335,bodyfound_risk
durgapur,thursday,afternoon,24.4556,88.7667,0.12406694164916583,0.0,0.0,0.0,0.12406694164916583,0.0,0.0,1,0,0,0,1,0,0,Very Low,6.861004124737487,bodyfound_risk
durgapur,thursday,morning,24.4556,88.7667,0.12256538268325727,0.0,0.0,0.0,0.0,0.0,0.12256538268325727,1,0,0,0,0,0,1,Very Low,6.838480740248859,assault_risk
durgapur,thursday,noon,25.09,90.7,0.1650684251521226,0.0,0.0,0.0,0.1650684251521226,0.0,0.0,2,0,0,0,2,0,0,Very Low,7.476026377281839,bodyfound_risk
durgapur,wednesday,night,25.09,90.7,0.13217498624847177,0.13217498624847177,0.0,0.0,0.0,0.0,0.0,1,1,0,0,0,0,0,Very Low,6.9826247937270765,murder_risk
eastern plaza market,thursday,night,23.743883,90.392304,0.5696004583998161,0.0,0.0,0.0,0.0,0.5696004583998161,0.0,1,0,0,0,0,1,0,High,13.544006875997242,robbery_risk
eden mohila college,sunday,morning,23.784506,90.403409,0.5712679005820386,0.0,0.0,0.0,0.0,0.0,0.5712679005820386,1,0,0,0,0,0,1,High,13.56901850873058,assault_risk
elephant road,wednesday,night,23.738268,90.380707,0.5933919665122148,0.0,0.2966959832561074,0.0,0.0,0.2966959832561074,0.0,2,0,1,0,0,1,0,High,13.900879497683222,rape_risk
eskaton,saturday,night,23.746693,90.394921,0.4910642938514288,0.0,0.0,0.0,0.4910642938514288,0.0,0.0,2,0,0,0,2,0,0,Moderate,12.365964407771433,bodyfound_risk
eskaton,tuesday,noon,23.746693,90.394921,0.37747585045665494,0.0,0.0,0.0,0.0,0.0,0.37747585045665494,1,0,0,0,0,0,1,Moderate,10.662137756849823,assault_risk
fakirapool,thursday,night,23.784506,90.403409,0.5757250821018541,0.0,0.0,0.0,0.5757250821018541,0.0,0.0,1,0,0,0,1,0,0,High,13.635876231527812,bodyfound_risk
fakirhat,thursday,evening,22.76889,89.70139,0.39715317030453645,0.0,0.39715317030453645,0.0,0.0,0.0,0.0,1,0,1,0,0,0,0,Moderate,10.957297554568047,rape_risk
faridgonj,friday,morning,23.125,90.7486,0.12184464493222014,0.0,0.0,0.0,0.12184464493222014,0.0,0.0,1,0,0,0,1,0,0,Very Low,6.827669673983302,bodyfound_risk
faridgonj,friday,night,23.125,90.7486,0.22741280282737675,0.15160853521825116,0.07580426760912558,0.0,0.0,0.0,0.0,3,2,1,0,0,0,0,Low,8.41119204241065,murder_risk
faridgonj,sunday,night,23.125,90.7486,0.11414130348337828,0.0,0.11414130348337828,0.0,0.0,0.0,0.0,1,0,1,0,0,0,0,Very Low,6.712119552250674,rape_risk
faridgonj,tuesday,afternoon,23.125,90.7486,0.12863479791715288,0.0,0.0,0.0,0.0,0.0,0.12863479791715288,1,0,0,0,0,0,1,Very Low,6.929521968757293,assault_risk
faridgonj,tuesday,night,23.125,90.7486,0.12873654410387908,0.0,0.0,0.0,0.0,0.0,0.12873654410387908,1,0,0,0,0,0,1,Very Low,6.931048161558186,assault_risk
faridgonj,tuesday,noon,23.125,90.7486,0.12360668432944993,0.0,0.0,0.0,0.12360668432944993,0.0,0.0,1,0,0,0,1,0,0,Very Low,6.854100264941749,bodyfound_risk
faridgonj,wednesday,morning,23.125,90.7486,0.13699838588337626,0.0,0.13699838588337626,0.0,0.0,0.0,0.0,1,0,1,0,0,0,0,Very Low,7.054975788250644,rape_risk
faridgonj,wednesday,night,23.125,90.7486,0.150445267325534,0.150445267325534,0.0,0.0,0.0,0.0,0.0,1,1,0,0,0,0,0,Very Low,7.25667900988301,murder_risk
faridpur,saturday,evening,24.1583,89.4528,0.16161548183678745,0.0,0.0,0.0,0.16161548183678745,0.0,0.0,1,0,0,0,1,0,0,Very Low,7.424232227551812,bodyfound_risk
faridpur,thursday,night,24.1583,89.4528,0.27613519814306203,0.27613519814306203,0.0,0.0,0.0,0.0,0.0,2,2,0,0,0,0,0,Low,9.14202797214593,murder_risk
faridpur,tuesday,morning,24.1583,89.4528,0.1665101861720421,0.0,0.0,0.0,0.1665101861720421,0.0,0.0,1,0,0,0,1,0,0,Very Low,7.497652792580632,bodyfound_risk
faridpur sadar,friday,morning,23.605717,89.841728,0.1505390105083802,0.0,0.0,0.1505390105083802,0.0,0.0,0.0,2,0,0,2,0,0,0,Very Low,7.258085157625703,kidnap_risk
faridpur sadar,monday,afternoon,23.605717,89.841728,0.12218601734532258,0.12218601734532258,0.0,0.0,0.0,0.0,0.0,1,1,0,0,0,0,0,Very Low,6.832790260179839,murder_risk
faridpur sadar,monday,morning,23.605717,89.841728,0.16240309374849562,0.0,0.0,0.0,0.16240309374849562,0.0,0.0,3,0,0,0,3,0,0,Very Low,7.436046406227435,bodyfound_risk
faridpur sadar,monday,night,23.605717,89.841728,0.11836012832864981,0.0,0.0,0.0,0.0,0.11836012832864981,0.0,1,0,0,0,0,1,0,Very Low,6.7754019249297475,robbery_risk
faridpur sadar,saturday,morning,23.605717,89.841728,0.12638140440294532,0.12638140440294532,0.0,0.0,0.0,0.0,0.0,1,1,0,0,0,0,0,Very Low,6.89572106604418,murder_risk
faridpur sadar,saturday,night,23.605717,89.841728,0.14582987641084244,0.07291493820542122,0.07291493820542122,0.0,0.0,0.0,0.0,2,1,1,0,0,0,0,Very Low,7.1874481461626365,murder_risk
faridpur sadar,sunday,morning,23.605717,89.841728,0.12411490810429235,0.0,0.062057454052146174,0.0,0.0,0.0,0.062057454052146174,2,0,1,0,0,0,1,Very Low,6.861723621564385,rape_risk
faridpur sadar,sunday,night,23.605717,89.841728,0.16451709266720185,0.05483903088906728,0.05483903088906728,0.0,0.05483903088906728,0.0,0.0,3,1,1,0,1,0,0,Very Low,7.467756390008027,murder_risk
faridpur sadar,sunday,noon,23.605717,89.841728,0.12063821306903272,0.0,0.12063821306903272,0.0,0.0,0.0,0.0,1,0,1,0,0,0,0,Very Low,6.80957319603549,rape_risk
faridpur sadar,thursday,evening,23.605717,89.841728,0.11490203251742596,0.0,0.11490203251742596,0.0,0.0,0.0,0.0,1,0,1,0,0,0,0,Very Low,6.72353048776139,rape_risk
faridpur sadar,thursday,morning,23.605717,89.841728,0.13020071960824164,0.0,0.0,0.0,0.13020071960824164,0.0,0.0,2,0,0,0,2,0,0,Very Low,6.9530107941236245,bodyfound_risk
faridpur sadar,thursday,night,23.605717,89.841728,0.12434148236901055,0.12434148236901055,0.0,0.0,0.0,0.0,0.0,1,1,0,0,0,0,0,Very Low,6.865122235535158,murder_risk
faridpur sadar,tuesday,morning,23.605717,89.841728,0.12228155311408072,0.0,0.12228155311408072,0.0,0.0,0.0,0.0,1,0,1,0,0,0,0,Very Low,6.834223296711211,rape_risk
faridpur sadar,wednesday,afternoon,23.605717,89.841728,0.12697834538778008,0.12697834538778008,0.0,0.0,0.0,0.0,0.0,1,1,0,0,0,0,0,Very Low,6.904675180816701,murder_risk
faridpur sadar,wednesday,morning,23.605717,89.841728,0.27066379894341736,0.03383297486792717,0.03383297486792717,0.0,0.16916487433963584,0.03383297486792717,0.0,8,1,1,0,5,1,0,Low,9.05995698415126,bodyfound_risk
faridpur sadar,wednesday,night,23.605717,89.841728,0.16861693130365543,0.0,0.16861693130365543,0.0,0.0,0.0,0.0,3,0,3,0,0,0,0,Very Low,7.529253969554832,rape_risk
farmgate,friday,night,23.760305,90.389484,0.35472067795944684,0.0,0.0,0.0,0.0,0.35472067795944684,0.0,1,0,0,0,0,1,0,Moderate,10.320810169391702,robbery_risk
farmgate,monday,morning,23.760305,90.389484,0.3415578788118062,0.0,0.0,0.0,0.3415578788118062,0.0,0.0,1,0,0,0,1,0,0,Low,10.123368182177092,bodyfound_risk
farmgate,monday,noon,23.760305,90.389484,0.35750651837637837,0.0,0.0,0.0,0.35750651837637837,0.0,0.0,1,0,0,0,1,0,0,Moderate,10.362597775645675,bodyfound_risk
farmgate,saturday,night,23.760305,90.389484,0.35208969083342695,0.0,0.0,0.0,0.0,0.35208969083342695,0.0,1,0,0,0,0,1,0,Moderate,10.281345362501405,robbery_risk
fatikchhari,friday,afternoon,22.31667,91.81667,0.11266895756258015,0.0,0.0,0.0,0.11266895756258015,0.0,0.0,1,0,0,0,1,0,0,Very Low,6.690034363438702,bodyfound_risk
fatikchhari,friday,morning,22.31667,91.81667,0.17003328107310178,0.0,0.0,0.11335552071540118,0.05667776035770059,0.0,0.0,3,0,0,2,1,0,0,Very Low,7.550499216096527,kidnap_risk
fatikchhari,monday,morning,22.31667,91.81667,0.0880569297456954,0.0,0.0,0.0880569297456954,0.0,0.0,0.0,1,0,0,1,0,0,0,Very Low,6.320853946185431,kidnap_risk
fatikchhari,monday,night,22.31667,91.81667,0.12185605638874153,0.0,0.0,0.0,0.12185605638874153,0.0,0.0,1,0,0,0,1,0,0,Very Low,6.827840845831123,bodyfound_risk
fatikchhari,saturday,morning,22.31667,91.81667,0.21775494277600257,0.0,0.043550988555200516,0.08710197711040103,0.08710197711040103,0.0,0.0,5,0,1,2,2,0,0,Low,8.26632414164004,kidnap_risk
fatikchhari,sunday,morning,22.31667,91.81667,0.09441507014549146,0.0,0.0,0.0,0.09441507014549146,0.0,0.0,1,0,0,0,1,0,0,Very Low,6.416226052182372,bodyfound_risk
fatikchhari,sunday,night,22.31667,91.81667,0.18509924049618426,0.12339949366412284,0.06169974683206142,0.0,0.0,0.0,0.0,3,2,1,0,0,0,0,Very Low,7.776488607442763,murder_risk
fatikchhari,thursday,afternoon,22.31667,91.81667,0.10851713180452907,0.0,0.0,0.0,0.10851713180452907,0.0,0.0,1,0,0,0,1,0,0,Very Low,6.627756977067936,bodyfound_risk
fatikchhari,tuesday,morning,22.31667,91.81667,0.15992554079498236,0.0,0.0,0.05330851359832745,0.1066170271966549,0.0,0.0,3,0,0,1,2,0,0,Very Low,7.398883111924736,bodyfound_risk
fatikchhari,tuesday,night,22.31667,91.81667,0.08114901698672927,0.0,0.0,0.0,0.0,0.0,0.08114901698672927,1,0,0,0,0,0,1,Very Low,6.217235254800939,assault_risk
fatikchhari,wednesday,morning,22.31667,91.81667,0.12853237799264258,0.0,0.0,0.0,0.0,0.0,0.12853237799264258,1,0,0,0,0,0,1,Very Low,6.9279856698896385,assault_risk
fatikchhari,wednesday,night,22.31667,91.81667,0.14708241144474207,0.07354120572237104,0.0,0.0,0.07354120572237104,0.0,0.0,2,1,0,0,1,0,0,Very Low,7.206236171671131,murder_risk
fenchuganj,friday,afternoon,24.7083,91.9403,0.1931158380883803,0.0,0.0,0.0,0.1931158380883803,0.0,0.0,1,0,0,0,1,0,0,Very Low,7.896737571325705,bodyfound_risk
fenchuganj,thursday,noon,24.7083,91.9403,0.20963019830544913,0.20963019830544913,0.0,0.0,0.0,0.0,0.0,1,1,0,0,0,0,0,Low,8.144452974581737,murder_risk
fenchuganj,wednesday,evening,24.7083,91.9403,0.19626624351397726,0.19626624351397726,0.0,0.0,0.0,0.0,0.0,1,1,0,0,0,0,0,Very Low,7.943993652709659,murder_risk
feni sadar,friday,afternoon,23.0167,91.3917,0.13232183547607201,0.0,0.0,0.0,0.0,0.0,0.13232183547607201,1,0,0,0,0,0,1,Very Low,6.984827532141081,assault_risk
feni sadar,friday,morning,23.0167,91.3917,0.1549695835135105,0.0,0.0,0.0,0.07748479175675525,0.0,0.07748479175675525,2,0,0,0,1,0,1,Very Low,7.324543752702658,bodyfound_risk
feni sadar,friday,night,23.0167,91.3917,0.18523823233936745,0.0,0.0,0.0,0.0,0.12349215489291163,0.06174607744645581,3,0,0,0,0,2,1,Very Low,7.7785734850905115,robbery_risk
feni sadar,monday,morning,23.0167,91.3917,0.16104345815009663,0.0,0.0,0.0,0.16104345815009663,0.0,0.0,2,0,0,0,2,0,0,Very Low,7.415651872251449,bodyfound_risk
feni sadar,monday,night,23.0167,91.3917,0.1399408607046057,0.1399408607046057,0.0,0.0,0.0,0.0,0.0,1,1,0,0,0,0,0,Very Low,7.099112910569086,murder_risk
feni sadar,saturday,night,23.0167,91.3917,0.12472246149884608,0.0,0.0,0.0,0.0,0.12472246149884608,0.0,1,0,0,0,0,1,0,Very Low,6.870836922482692,robbery_risk
feni sadar,sunday,morning,23.0167,91.3917,0.16209319202897388,0.0,0.0,0.08104659601448694,0.08104659601448694,0.0,0.0,2,0,0,1,1,0,0,Very Low,7.431397880434608,kidnap_risk
feni sadar,tuesday,night,23.0167,91.3917,0.12510268850663644,0.0,0.0,0.0,0.0,0.12510268850663644,0.0,1,0,0,0,0,1,0,Very Low,6.876540327599547,robbery_risk
feni sadar,tuesday,noon,23.0167,91.3917,0.12550538698573363,0.0,0.0,0.0,0.0,0.12550538698573363,0.0,1,0,0,0,0,1,0,Very Low,6.882580804786004,robbery_risk
feni sadar,wednesday,morning,23.0167,91.3917,0.12601485726631895,0.0,0.0,0.0,0.0,0.0,0.12601485726631895,1,0,0,0,0,0,1,Very Low,6.890222858994784,assault_risk
fulbari,friday,night,25.51667,88.88333,0.14491884380658715,0.0,0.07245942190329357,0.0,0.0,0.07245942190329357,0.0,2,0,1,0,0,1,0,Very Low,7.1737826570988075,rape_risk
fulbari,monday,morning,25.51667,88.88333,0.10570911454633589,0.0,0.0,0.0,0.10570911454633589,0.0,0.0,1,0,0,0,1,0,0,Very Low,6.585636718195039,bodyfound_risk
fulbari,monday,noon,25.51667,88.88333,0.11407339922993522,0.0,0.0,0.0,0.11407339922993522,0.0,0.0,1,0,0,0,1,0,0,Very Low,6.7111009884490285,bodyfound_risk
fulbari,saturday,night,25.51667,88.88333,0.12280762478417573,0.0,0.0,0.0,0.12280762478417573,0.0,0.0,1,0,0,0,1,0,0,Very Low,6.842114371762635,bodyfound_risk
fulbari,sunday,morning,25.51667,88.88333,0.13177400046256868,0.0,0.0,0.0,0.13177400046256868,0.0,0.0,1,0,0,0,1,0,0,Very Low,6.976610006938531,bodyfound_risk
fulbari,thursday,night,25.51667,88.88333,0.1150996977023106,0.0,0.0,0.0,0.0,0.0,0.1150996977023106,1,0,0,0,0,0,1,Very Low,6.726495465534659,assault_risk
fulbari,tuesday,morning,25.51667,88.88333,0.11347991796201615,0.0,0.0,0.0,0.0,0.11347991796201615,0.0,1,0,0,0,0,1,0,Very Low,6.702198769430242,robbery_risk
fulbari,tuesday,night,25.51667,88.88333,0.17611229638380815,0.05870409879460271,0.0,0.0,0.0,0.0,0.11740819758920543,3,1,0,0,0,0,2,Very Low,7.6416844457571225,assault_risk
fulbari,wednesday,evening,25.51667,88.88333,0.12711632066729434,0.0,0.12711632066729434,0.0,0.0,0.0,0.0,1,0,1,0,0,0,0,Very Low,6.906744810009415,rape_risk
fulbari,wednesday,morning,25.51667,88.88333,0.1430812274859804,0.0,0.0,0.0,0.0715406137429902,0.0,0.0715406137429902,2,0,0,0,1,0,1,Very Low,7.146218412289706,bodyfound_risk
fulbari,wednesday,night,25.51667,88.88333,0.09875229764182164,0.0,0.0,0.0,0.09875229764182164,0.0,0.0,1,0,0,0,1,0,0,Very Low,6.481284464627325,bodyfound_risk
fulbaria,friday,evening,24.6333,90.2667,0.2672443130710314,0.0,0.0,0.0,0.0,0.2672443130710314,0.0,1,0,0,0,0,1,0,Low,9.008664696065471,robbery_risk
fulbaria,friday,morning,24.6333,90.2667,0.14874437227572884,0.07437218613786442,0.0,0.0,0.07437218613786442,0.0,0.0,2,1,0,0,1,0,0,Very Low,7.231165584135933,murder_risk
fulbaria,monday,morning,24.6333,90.2667,0.10883506588464066,0.0,0.0,0.0,0.10883506588464066,0.0,0.0,1,0,0,0,1,0,0,Very Low,6.6325259882696095,bodyfound_risk
fulbaria,monday,noon,24.6333,90.2667,0.14112357343866638,0.0,0.07056178671933319,0.07056178671933319,0.0,0.0,0.0,2,0,1,1,0,0,0,Very Low,7.1168536015799955,rape_risk
fulbaria,saturday,night,24.633300000000002,90.2667,0.18282001830495512,0.18282001830495512,0.0,0.0,0.0,0.0,0.0,3,3,0,0,0,0,0,Very Low,7.742300274574326,murder_risk
fulbaria,sunday,morning,24.6333,90.2667,0.20164425336806713,0.05041106334201678,0.0,0.0,0.15123319002605035,0.0,0.0,4,1,0,0,3,0,0,Low,8.024663800521008,bodyfound_risk
fulbaria,sunday,night,24.6333,90.2667,0.11969516382770592,0.11969516382770592,0.0,0.0,0.0,0.0,0.0,1,1,0,0,0,0,0,Very Low,6.795427457415589,murder_risk
fulbaria,thursday,morning,24.6333,90.2667,0.12376005491648831,0.0,0.12376005491648831,0.0,0.0,0.0,0.0,1,0,1,0,0,0,0,Very Low,6.856400823747324,rape_risk
fulbaria,tuesday,morning,24.6333,90.2667,0.22522229199396793,0.09008891679758718,0.04504445839879359,0.04504445839879359,0.04504445839879359,0.0,0.0,5,2,1,1,1,0,0,Low,8.378334379909518,murder_risk
fulbaria,wednesday,evening,24.6333,90.2667,0.11413005736754604,0.0,0.0,0.0,0.0,0.0,0.11413005736754604,1,0,0,0,0,0,1,Very Low,6.71195086051319,assault_risk
fulbaria,wednesday,morning,24.6333,90.2667,0.13598667052781876,0.0,0.0,0.06799333526390938,0.06799333526390938,0.0,0.0,2,0,0,1,1,0,0,Very Low,7.039800057917281,kidnap_risk
fulbaria,wednesday,night,24.6333,90.2667,0.11271485417975292,0.0,0.0,0.0,0.0,0.0,0.11271485417975292,1,0,0,0,0,0,1,Very Low,6.690722812696293,assault_risk
fultola,friday,night,22.81667,89.55,0.20334069664476767,0.20334069664476767,0.0,0.0,0.0,0.0,0.0,1,1,0,0,0,0,0,Low,8.050110449671514,murder_risk
fultola,monday,night,22.81667,89.55,0.20342178552738865,0.20342178552738865,0.0,0.0,0.0,0.0,0.0,1,1,0,0,0,0,0,Low,8.05132678291083,murder_risk
fultola,thursday,night,22.81667,89.55,0.21275823368512542,0.21275823368512542,0.0,0.0,0.0,0.0,0.0,1,1,0,0,0,0,0,Low,8.191373505276882,murder_risk
fultola,wednesday,morning,22.81667,89.55,0.19361616659254213,0.0,0.0,0.0,0.19361616659254213,0.0,0.0,1,0,0,0,1,0,0,Very Low,7.904242498888133,bodyfound_risk
gabtali,saturday,night,24.875,89.45,0.15260120801942684,0.15260120801942684,0.0,0.0,0.0,0.0,0.0,1,1,0,0,0,0,0,Very Low,7.289018120291402,murder_risk
gabtali,sunday,morning,24.875,89.45,0.1274411878901384,0.0,0.0,0.0,0.0,0.0,0.1274411878901384,1,0,0,0,0,0,1,Very Low,6.911617818352076,assault_risk
gabtali,thursday,morning,24.875,89.45,0.17461542434355354,0.0,0.0,0.08730771217177677,0.0,0.0,0.08730771217177677,2,0,0,1,0,0,1,Very Low,7.619231365153303,kidnap_risk
gabtali,tuesday,morning,24.875,89.45,0.17498232735156116,0.0,0.0,0.0,0.08749116367578058,0.0,0.08749116367578058,2,0,0,0,1,0,1,Very Low,7.624734910273418,bodyfound_risk
gabtali,wednesday,morning,24.875,89.45,0.12995677538986908,0.0,0.0,0.0,0.0,0.0,0.12995677538986908,1,0,0,0,0,0,1,Very Low,6.949351630848036,assault_risk
gabtali,wednesday,night,24.875,89.45,0.12952103648177576,0.0,0.0,0.0,0.0,0.12952103648177576,0.0,1,0,0,0,0,1,0,Very Low,6.942815547226637,robbery_risk
gabtoli,friday,night,23.78241147,90.33740957,0.35452203706115354,0.35452203706115354,0.0,0.0,0.0,0.0,0.0,1,1,0,0,0,0,0,Moderate,10.317830555917304,murder_risk
gabtoli,monday,noon,23.78241147,90.33740957,0.4222407715689635,0.0,0.0,0.0,0.4222407715689635,0.0,0.0,2,0,0,0,2,0,0,Moderate,11.333611573534451,bodyfound_risk
gabtoli,saturday,night,23.78241147,90.33740957,0.32690729730602586,0.0,0.0,0.0,0.0,0.0,0.32690729730602586,1,0,0,0,0,0,1,Low,9.903609459590388,assault_risk
gabtoli,saturday,noon,23.78241147,90.33740957,0.3331144240498415,0.0,0.0,0.0,0.3331144240498415,0.0,0.0,1,0,0,0,1,0,0,Low,9.996716360747623,bodyfound_risk
gafargaon,monday,evening,24.4167,90.55,0.14558773190750418,0.07279386595375209,0.07279386595375209,0.0,0.0,0.0,0.0,2,1,1,0,0,0,0,Very Low,7.183815978612563,murder_risk
gafargaon,monday,morning,24.4167,90.55,0.11676930553107616,0.11676930553107616,0.0,0.0,0.0,0.0,0.0,1,1,0,0,0,0,0,Very Low,6.751539582966142,murder_risk
gafargaon,monday,noon,24.4167,90.55,0.1252677037125295,0.0,0.0,0.0,0.0,0.0,0.1252677037125295,1,0,0,0,0,0,1,Very Low,6.879015555687943,assault_risk
gafargaon,saturday,night,24.4167,90.55,0.1256077391342787,0.1256077391342787,0.0,0.0,0.0,0.0,0.0,1,1,0,0,0,0,0,Very Low,6.88411608701418,murder_risk
gafargaon,sunday,morning,24.4167,90.55,0.14791882351679006,0.07395941175839503,0.0,0.07395941175839503,0.0,0.0,0.0,2,1,0,1,0,0,0,Very Low,7.218782352751851,murder_risk
gafargaon,sunday,night,24.4167,90.55,0.12055629753935164,0.0,0.12055629753935164,0.0,0.0,0.0,0.0,1,0,1,0,0,0,0,Very Low,6.8083444630902745,rape_risk
gafargaon,sunday,noon,24.4167,90.55,0.12197464293973981,0.0,0.12197464293973981,0.0,0.0,0.0,0.0,1,0,1,0,0,0,0,Very Low,6.829619644096097,rape_risk
gafargaon,thursday,morning,24.4167,90.55,0.11529911381417124,0.0,0.0,0.11529911381417124,0.0,0.0,0.0,1,0,0,1,0,0,0,Very Low,6.729486707212569,kidnap_risk
gafargaon,thursday,night,24.4167,90.55,0.2794845997374654,0.11977911417319946,0.11977911417319946,0.0,0.0,0.0,0.03992637139106649,7,3,3,0,0,0,1,Low,9.192268996061982,murder_risk
gafargaon,thursday,noon,24.4167,90.55,0.11393100892872635,0.0,0.0,0.0,0.0,0.0,0.11393100892872635,1,0,0,0,0,0,1,Very Low,6.708965133930895,assault_risk
gafargaon,tuesday,evening,24.4167,90.55,0.13483083723789227,0.0,0.13483083723789227,0.0,0.0,0.0,0.0,1,0,1,0,0,0,0,Very Low,7.0224625585683835,rape_risk
gafargaon,tuesday,morning,24.416700000000002,90.55,0.16971802272106784,0.0,0.0,0.1131453484807119,0.05657267424035595,0.0,0.0,3,0,0,2,1,0,0,Very Low,7.545770340816018,kidnap_risk
gafargaon,tuesday,night,24.4167,90.55,0.13626471714663976,0.13626471714663976,0.0,0.0,0.0,0.0,0.0,1,1,0,0,0,0,0,Very Low,7.043970757199597,murder_risk
gafargaon,wednesday,afternoon,24.4167,90.55,0.15700732997687505,0.15700732997687505,0.0,0.0,0.0,0.0,0.0,2,2,0,0,0,0,0,Very Low,7.355109949653126,murder_risk
gafargaon,wednesday,night,24.4167,90.55,0.12094942864641334,0.12094942864641334,0.0,0.0,0.0,0.0,0.0,1,1,0,0,0,0,0,Very Low,6.8142414296961995,murder_risk
gaibandha sadar,friday,morning,25.333317,89.520761,0.13209515973763974,0.0,0.0,0.13209515973763974,0.0,0.0,0.0,1,0,0,1,0,0,0,Very Low,6.981427396064596,kidnap_risk
gaibandha sadar,friday,night,25.333317,89.520761,0.16800639941937853,0.0,0.16800639941937853,0.0,0.0,0.0,0.0,2,0,2,0,0,0,0,Very Low,7.5200959912906775,rape_risk
gaibandha sadar,monday,morning,25.333317,89.520761,0.11917554182673991,0.0,0.0,0.0,0.0,0.0,0.11917554182673991,1,0,0,0,0,0,1,Very Low,6.787633127401099,assault_risk
gaibandha sadar,monday,night,25.333317,89.520761,0.16329464380783765,0.08164732190391882,0.0,0.0,0.0,0.08164732190391882,0.0,2,1,0,0,0,1,0,Very Low,7.449419657117565,murder_risk
gaibandha sadar,thursday,night,25.333317000000005,89.520761,0.18591035168806677,0.0,0.12394023445871118,0.0,0.06197011722935559,0.0,0.0,3,0,2,0,1,0,0,Very Low,7.788655275321002,rape_risk
gaibandha sadar,tuesday,morning,25.333317,89.520761,0.15744859405307352,0.0,0.0,0.0,0.07872429702653676,0.0,0.07872429702653676,2,0,0,0,1,0,1,Very Low,7.361728910796103,bodyfound_risk
gaibandha sadar,tuesday,night,25.333317,89.520761,0.1455927045863454,0.0,0.1455927045863454,0.0,0.0,0.0,0.0,2,0,2,0,0,0,0,Very Low,7.1838905687951815,rape_risk
gaibandha sadar,wednesday,night,25.333317,89.520761,0.15692664648642818,0.0,0.07846332324321409,0.0,0.0,0.0,0.07846332324321409,2,0,1,0,0,0,1,Very Low,7.353899697296423,rape_risk
gajaria,friday,morning,23.5417,90.6083,0.18845951363208627,0.0,0.0,0.0,0.0,0.18845951363208627,0.0,1,0,0,0,0,1,0,Very Low,7.826892704481294,robbery_risk
gajaria,friday,night,23.5417,90.6083,0.1731844075017643,0.0,0.0,0.0,0.0,0.1731844075017643,0.0,1,0,0,0,0,1,0,Very Low,7.597766112526465,robbery_risk
gajaria,sunday,morning,23.5417,90.6083,0.1971149379121925,0.0,0.0,0.0,0.1971149379121925,0.0,0.0,1,0,0,0,1,0,0,Very Low,7.956724068682888,bodyfound_risk
galachipa,friday,evening,22.1639,90.4306,0.12942995478699043,0.0,0.0,0.0,0.0,0.0,0.12942995478699043,1,0,0,0,0,0,1,Very Low,6.941449321804857,assault_risk
galachipa,friday,night,22.1639,90.4306,0.13177820910312088,0.0,0.0,0.0,0.0,0.13177820910312088,0.0,1,0,0,0,0,1,0,Very Low,6.976673136546813,robbery_risk
galachipa,monday,night,22.1639,90.4306,0.12132201500458292,0.0,0.0,0.0,0.0,0.0,0.12132201500458292,1,0,0,0,0,0,1,Very Low,6.819830225068744,assault_risk
galachipa,saturday,morning,22.1639,90.4306,0.12995813470337483,0.0,0.0,0.0,0.12995813470337483,0.0,0.0,1,0,0,0,1,0,0,Very Low,6.949372020550623,bodyfound_risk
galachipa,saturday,night,22.1639,90.4306,0.12415948837311713,0.0,0.0,0.0,0.0,0.0,0.12415948837311713,1,0,0,0,0,0,1,Very Low,6.8623923255967565,assault_risk
galachipa,sunday,morning,22.21482333333333,90.89262333333333,0.2389585380066955,0.0,0.0,0.07965284600223183,0.07965284600223183,0.0,0.07965284600223183,3,0,0,1,1,0,1,Low,8.584378070100433,kidnap_risk
galachipa,thursday,morning,22.1639,90.4306,0.15820593062781277,0.0,0.0,0.07910296531390638,0.07910296531390638,0.0,0.0,2,0,0,1,1,0,0,Very Low,7.373088959417192,kidnap_risk
galachipa,tuesday,morning,22.1639,90.4306,0.12953706921456432,0.0,0.0,0.0,0.12953706921456432,0.0,0.0,1,0,0,0,1,0,0,Very Low,6.943056038218465,bodyfound_risk
galachipa,tuesday,night,22.1639,90.43059999999998,0.198055839331315,0.198055839331315,0.0,0.0,0.0,0.0,0.0,3,3,0,0,0,0,0,Very Low,7.970837589969725,murder_risk
galachipa,wednesday,night,22.1639,90.43059999999998,0.19879468978329806,0.0,0.13252979318886537,0.0,0.0,0.06626489659443269,0.0,3,0,2,0,0,1,0,Very Low,7.981920346749471,rape_risk
galachipa,wednesday,noon,22.1639,90.4306,0.13642417563086712,0.0,0.0,0.0,0.13642417563086712,0.0,0.0,1,0,0,0,1,0,0,Very Low,7.046362634463007,bodyfound_risk
gandaria,monday,night,23.707042,90.423069,0.5751337714121674,0.0,0.0,0.0,0.0,0.0,0.5751337714121674,1,0,0,0,0,0,1,High,13.62700657118251,assault_risk
gangachara,friday,morning,25.85,89.2167,0.1354310390841002,0.1354310390841002,0.0,0.0,0.0,0.0,0.0,1,1,0,0,0,0,0,Very Low,7.031465586261503,murder_risk
gangachara,monday,morning,25.85,89.2167,0.15281577183744505,0.0,0.0,0.15281577183744505,0.0,0.0,0.0,1,0,0,1,0,0,0,Very Low,7.292236577561676,kidnap_risk
gangachara,monday,night,25.85,89.2167,0.13647838041771457,0.0,0.13647838041771457,0.0,0.0,0.0,0.0,1,0,1,0,0,0,0,Very Low,7.047175706265719,rape_risk
gangachara,saturday,night,25.85,89.2167,0.13711928642627985,0.13711928642627985,0.0,0.0,0.0,0.0,0.0,1,1,0,0,0,0,0,Very Low,7.056789296394198,murder_risk
gangachara,thursday,night,25.85,89.2167,0.1889962466627647,0.0,0.1889962466627647,0.0,0.0,0.0,0.0,2,0,2,0,0,0,0,Very Low,7.834943699941471,rape_risk
gangachara,tuesday,morning,25.85,89.2167,0.17890848214316013,0.0,0.0,0.08945424107158007,0.08945424107158007,0.0,0.0,2,0,0,1,1,0,0,Very Low,7.683627232147402,kidnap_risk
gangni,monday,morning,23.81667,88.755,0.12159625825980805,0.0,0.0,0.0,0.0,0.0,0.12159625825980805,1,0,0,0,0,0,1,Very Low,6.823943873897121,assault_risk
gangni,monday,night,23.81667,88.755,0.15637229398604036,0.0,0.0,0.0,0.0,0.07818614699302018,0.07818614699302018,2,0,0,0,0,1,1,Very Low,7.345584409790606,robbery_risk
gangni,monday,noon,23.81667,88.755,0.12473987313519527,0.0,0.0,0.0,0.0,0.0,0.12473987313519527,1,0,0,0,0,0,1,Very Low,6.871098097027929,assault_risk
gangni,saturday,afternoon,23.81667,88.755,0.1336900132772751,0.1336900132772751,0.0,0.0,0.0,0.0,0.0,1,1,0,0,0,0,0,Very Low,7.0053501991591265,murder_risk
gangni,saturday,noon,23.81667,88.755,0.13769973893478676,0.13769973893478676,0.0,0.0,0.0,0.0,0.0,1,1,0,0,0,0,0,Very Low,7.0654960840218015,murder_risk
gangni,sunday,noon,23.81667,88.755,0.12489354184001232,0.0,0.0,0.0,0.0,0.0,0.12489354184001232,1,0,0,0,0,0,1,Very Low,6.873403127600184,assault_risk
gangni,thursday,morning,23.81667,88.755,0.17739535658539352,0.08869767829269676,0.0,0.08869767829269676,0.0,0.0,0.0,2,1,0,1,0,0,0,Very Low,7.660930348780903,murder_risk
gangni,wednesday,night,23.81667,88.755,0.13421848801287184,0.0,0.13421848801287184,0.0,0.0,0.0,0.0,1,0,1,0,0,0,0,Very Low,7.013277320193078,rape_risk
gangni,wednesday,noon,23.81667,88.755,0.18424412509439708,0.0,0.0,0.18424412509439708,0.0,0.0,0.0,2,0,0,2,0,0,0,Very Low,7.763661876415956,kidnap_risk
gausia,friday,afternoon,23.728907,90.417137,0.5718914659112944,0.0,0.0,0.0,0.0,0.0,0.5718914659112944,1,0,0,0,0,0,1,High,13.578371988669415,assault_risk
gazipur,friday,night,23.98889,90.375,0.30078557849550513,0.0,0.0,0.0,0.0,0.30078557849550513,0.0,1,0,0,0,0,1,0,Low,9.511783677432577,robbery_risk
gazipur,monday,morning,23.98889,90.375,0.3087388666254825,0.0,0.0,0.0,0.0,0.3087388666254825,0.0,1,0,0,0,0,1,0,Low,9.631082999382237,robbery_risk
gazipur,monday,night,23.98889,90.375,0.3758723141256069,0.0,0.0,0.0,0.12529077137520228,0.25058154275040456,0.0,3,0,0,0,1,2,0,Moderate,10.638084711884105,robbery_risk
gazipur,sunday,evening,23.98889,90.375,0.1646479839199173,0.0,0.0,0.1646479839199173,0.0,0.0,0.0,1,0,0,1,0,0,0,Very Low,7.469719758798759,kidnap_risk
gazipur,sunday,noon,23.98889,90.375,0.313248101160172,0.0,0.0,0.0,0.0,0.313248101160172,0.0,1,0,0,0,0,1,0,Low,9.69872151740258,robbery_risk
gazipur,thursday,night,23.98889,90.375,0.3148721863733517,0.0,0.0,0.0,0.0,0.3148721863733517,0.0,1,0,0,0,0,1,0,Low,9.723082795600275,robbery_risk
gazipur,tuesday,night,23.98889,90.375,0.3338783686987858,0.0,0.0,0.0,0.0,0.3338783686987858,0.0,2,0,0,0,0,2,0,Low,10.008175530481786,robbery_risk
gazipur,tuesday,noon,23.98889,90.375,0.3107107300913768,0.0,0.0,0.0,0.0,0.3107107300913768,0.0,1,0,0,0,0,1,0,Low,9.660660951370652,robbery_risk
gazipur sadar,friday,evening,23.996158,90.419726,0.1580362913208644,0.0,0.0,0.0,0.1580362913208644,0.0,0.0,2,0,0,0,2,0,0,Very Low,7.370544369812967,bodyfound_risk
gazipur sadar,friday,morning,23.996157999999998,90.41972600000001,0.16808687595827726,0.0,0.0,0.0,0.0,0.05602895865275909,0.11205791730551817,3,0,0,0,0,1,2,Very Low,7.521303139374159,assault_risk
gazipur sadar,friday,night,23.996158,90.419726,0.1870640438347142,0.0,0.04676601095867855,0.04676601095867855,0.0935320219173571,0.0,0.0,4,0,1,1,2,0,0,Very Low,7.805960657520713,bodyfound_risk
gazipur sadar,monday,morning,23.996157999999998,90.41972600000001,0.17517196133212853,0.11678130755475236,0.0,0.0,0.0,0.05839065377737618,0.0,3,2,0,0,0,1,0,Very Low,7.627579419981928,murder_risk
gazipur sadar,monday,night,23.996158,90.419726,0.2034071299048807,0.10170356495244035,0.0,0.05085178247622017,0.0,0.0,0.05085178247622017,4,2,0,1,0,0,1,Low,8.05110694857321,murder_risk
gazipur sadar,monday,noon,23.996158,90.419726,0.16580503514464207,0.08290251757232103,0.0,0.0,0.08290251757232103,0.0,0.0,2,1,0,0,1,0,0,Very Low,7.487075527169631,murder_risk
gazipur sadar,saturday,afternoon,23.996158,90.419726,0.1565440921890189,0.0,0.0,0.0,0.1565440921890189,0.0,0.0,1,0,0,0,1,0,0,Very Low,7.348161382835284,bodyfound_risk
gazipur sadar,saturday,evening,23.996157999999998,90.41972600000001,0.17797503993134595,0.0,0.0,0.05932501331044865,0.05932501331044865,0.05932501331044865,0.0,3,0,0,1,1,1,0,Very Low,7.669625598970189,kidnap_risk
gazipur sadar,saturday,morning,23.996158,90.419726,0.15116245268668327,0.0,0.0,0.0,0.15116245268668327,0.0,0.0,2,0,0,0,2,0,0,Very Low,7.267436790300249,bodyfound_risk
gazipur sadar,saturday,night,23.996158,90.419726,0.2611890881037303,0.11193818061588441,0.11193818061588441,0.0,0.0,0.03731272687196147,0.0,7,3,3,0,0,1,0,Low,8.917836321555955,murder_risk
gazipur sadar,saturday,noon,23.996158,90.419726,0.1423240667587129,0.0,0.0,0.0,0.1423240667587129,0.0,0.0,1,0,0,0,1,0,0,Very Low,7.134861001380694,bodyfound_risk
gazipur sadar,sunday,morning,23.996158,90.419726,0.19329180358105252,0.0,0.0,0.0,0.19329180358105252,0.0,0.0,4,0,0,0,4,0,0,Very Low,7.899377053715788,bodyfound_risk
gazipur sadar,sunday,night,23.996157999999998,90.41972600000001,0.24009858893883473,0.040016431489805784,0.08003286297961157,0.040016431489805784,0.040016431489805784,0.040016431489805784,0.0,6,1,2,1,1,1,0,Low,8.60147883408252,rape_risk
gazipur sadar,sunday,noon,23.996158,90.419726,0.13715620224422778,0.0,0.0,0.0,0.0,0.13715620224422778,0.0,1,0,0,0,0,1,0,Very Low,7.057343033663416,robbery_risk
gazipur sadar,thursday,afternoon,23.996158,90.419726,0.13577414152518077,0.0,0.0,0.0,0.0,0.13577414152518077,0.0,1,0,0,0,0,1,0,Very Low,7.036612122877711,robbery_risk
gazipur sadar,thursday,evening,23.996158,90.419726,0.1558541824098965,0.0,0.0,0.07792709120494826,0.07792709120494826,0.0,0.0,2,0,0,1,1,0,0,Very Low,7.3378127361484475,kidnap_risk
gazipur sadar,thursday,night,23.996157999999998,90.41972600000001,0.19047705086589817,0.06349235028863272,0.06349235028863272,0.0,0.0,0.06349235028863272,0.0,3,1,1,0,0,1,0,Very Low,7.857155762988473,murder_risk
gazipur sadar,tuesday,evening,23.996158,90.419726,0.151956848871407,0.151956848871407,0.0,0.0,0.0,0.0,0.0,1,1,0,0,0,0,0,Very Low,7.279352733071105,murder_risk
gazipur sadar,tuesday,morning,23.996158,90.419726,0.1927270618149835,0.048181765453745876,0.0,0.0,0.14454529636123764,0.0,0.0,4,1,0,0,3,0,0,Very Low,7.890905927224752,bodyfound_risk
gazipur sadar,tuesday,night,23.996157999999998,90.41972600000001,0.3247004363612709,0.08117510909031772,0.0,0.054116739393545145,0.08117510909031772,0.054116739393545145,0.054116739393545145,12,3,0,2,3,2,2,Low,9.870506545419063,murder_risk
gazipur sadar,wednesday,evening,23.996157999999998,90.41972600000001,0.18968059188299333,0.0,0.0,0.06322686396099778,0.12645372792199555,0.0,0.0,3,0,0,1,2,0,0,Very Low,7.8452088782449,bodyfound_risk
gazipur sadar,wednesday,night,23.996158,90.419726,0.28178236427993014,0.09392745475997671,0.0313091515866589,0.0,0.09392745475997671,0.0,0.0626183031733178,9,3,1,0,3,0,2,Low,9.226735464198953,murder_risk
gazipur sadar,wednesday,noon,23.996158,90.419726,0.1459467000124477,0.0,0.0,0.0,0.0,0.0,0.1459467000124477,1,0,0,0,0,0,1,Very Low,7.189200500186716,assault_risk
ghatail,friday,morning,24.46667,89.96667,0.13091820095517526,0.0,0.0,0.13091820095517526,0.0,0.0,0.0,1,0,0,1,0,0,0,Very Low,6.963773014327629,kidnap_risk
ghatail,monday,morning,24.46667,89.96667,0.10333295550861508,0.0,0.0,0.0,0.0,0.0,0.10333295550861508,1,0,0,0,0,0,1,Very Low,6.549994332629226,assault_risk
ghatail,monday,night,24.46667,89.96667,0.15232155744574466,0.0,0.0,0.0,0.0,0.0,0.15232155744574466,2,0,0,0,0,0,2,Very Low,7.28482336168617,assault_risk
ghatail,saturday,afternoon,24.46667,89.96667,0.14759689572509876,0.14759689572509876,0.0,0.0,0.0,0.0,0.0,1,1,0,0,0,0,0,Very Low,7.213953435876482,murder_risk
ghatail,saturday,evening,24.46667,89.96667,0.12527716899090352,0.12527716899090352,0.0,0.0,0.0,0.0,0.0,1,1,0,0,0,0,0,Very Low,6.879157534863553,murder_risk
ghatail,sunday,night,24.46667,89.96667,0.13560344558879053,0.0,0.13560344558879053,0.0,0.0,0.0,0.0,1,0,1,0,0,0,0,Very Low,7.0340516838318585,rape_risk
ghatail,thursday,evening,24.46667,89.96667,0.13225803851684537,0.0,0.13225803851684537,0.0,0.0,0.0,0.0,1,0,1,0,0,0,0,Very Low,6.983870577752681,rape_risk
ghatail,thursday,morning,24.46667,89.96667,0.1612135082047561,0.0,0.0,0.08060675410237805,0.08060675410237805,0.0,0.0,2,0,0,1,1,0,0,Very Low,7.418202623071341,kidnap_risk
ghatail,thursday,night,24.46667,89.96667,0.12397445770183202,0.0,0.0,0.0,0.0,0.0,0.12397445770183202,1,0,0,0,0,0,1,Very Low,6.85961686552748,assault_risk
ghatail,tuesday,morning,24.46667,89.96667,0.13370698585431764,0.0,0.13370698585431764,0.0,0.0,0.0,0.0,1,0,1,0,0,0,0,Very Low,7.0056047878147645,rape_risk
ghatail,tuesday,noon,24.46667,89.96667,0.1292497979981868,0.0,0.0,0.0,0.1292497979981868,0.0,0.0,1,0,0,0,1,0,0,Very Low,6.938746969972803,bodyfound_risk
ghatail,wednesday,evening,24.46667,89.96667,0.1280882470226214,0.1280882470226214,0.0,0.0,0.0,0.0,0.0,1,1,0,0,0,0,0,Very Low,6.92132370533932,murder_risk
ghoraghat,friday,evening,25.2458,89.2167,0.11775979241386794,0.0,0.0,0.0,0.11775979241386794,0.0,0.0,1,0,0,0,1,0,0,Very Low,6.766396886208019,bodyfound_risk
ghoraghat,friday,night,25.2458,89.2167,0.15599336482040987,0.15599336482040987,0.0,0.0,0.0,0.0,0.0,2,2,0,0,0,0,0,Very Low,7.339900472306148,murder_risk
ghoraghat,monday,morning,25.2458,89.2167,0.11995664822801577,0.0,0.0,0.11995664822801577,0.0,0.0,0.0,1,0,0,1,0,0,0,Very Low,6.799349723420237,kidnap_risk
ghoraghat,monday,night,25.2458,89.2167,0.13864690072570723,0.13864690072570723,0.0,0.0,0.0,0.0,0.0,1,1,0,0,0,0,0,Very Low,7.079703510885608,murder_risk
ghoraghat,saturday,evening,25.2458,89.2167,0.11262503870006604,0.0,0.0,0.11262503870006604,0.0,0.0,0.0,1,0,0,1,0,0,0,Very Low,6.6893755805009905,kidnap_risk
ghoraghat,saturday,morning,25.2458,89.2167,0.11824106665978687,0.0,0.0,0.11824106665978687,0.0,0.0,0.0,1,0,0,1,0,0,0,Very Low,6.773615999896803,kidnap_risk
ghoraghat,thursday,night,25.2458,89.2167,0.12441757543709234,0.0,0.12441757543709234,0.0,0.0,0.0,0.0,1,0,1,0,0,0,0,Very Low,6.866263631556385,rape_risk
ghoraghat,tuesday,evening,25.2458,89.2167,0.19251032479946695,0.0,0.0,0.12834021653297795,0.06417010826648897,0.0,0.0,3,0,0,2,1,0,0,Very Low,7.887654871992004,kidnap_risk
ghoraghat,wednesday,morning,25.2458,89.2167,0.11655514335084675,0.0,0.0,0.0,0.11655514335084675,0.0,0.0,1,0,0,0,1,0,0,Very Low,6.748327150262702,bodyfound_risk
gior,friday,night,23.8875,89.8375,0.11962316257269305,0.0,0.0,0.0,0.0,0.0,0.11962316257269305,1,0,0,0,0,0,1,Very Low,6.794347438590396,assault_risk
gior,monday,night,23.8875,89.8375,0.08216544912283238,0.0,0.0,0.0,0.0,0.0,0.08216544912283238,1,0,0,0,0,0,1,Very Low,6.232481736842486,assault_risk
gior,saturday,night,23.8875,89.8375,0.11842619566376333,0.0,0.0,0.0,0.0,0.11842619566376333,0.0,1,0,0,0,0,1,0,Very Low,6.77639293495645,robbery_risk
gior,sunday,night,23.8875,89.8375,0.14224903969455127,0.0,0.0,0.0,0.0,0.0,0.14224903969455127,2,0,0,0,0,0,2,Very Low,7.133735595418269,assault_risk
gior,sunday,noon,23.8875,89.8375,0.11744929724437672,0.0,0.0,0.0,0.11744929724437672,0.0,0.0,1,0,0,0,1,0,0,Very Low,6.761739458665651,bodyfound_risk
gior,thursday,morning,23.8875,89.8375,0.1302842856118253,0.0,0.0,0.0,0.1302842856118253,0.0,0.0,1,0,0,0,1,0,0,Very Low,6.95426428417738,bodyfound_risk
gior,thursday,noon,23.8875,89.8375,0.11214480504836047,0.0,0.0,0.0,0.11214480504836047,0.0,0.0,1,0,0,0,1,0,0,Very Low,6.682172075725407,bodyfound_risk
gior,tuesday,night,23.8875,89.8375,0.11870626171272189,0.0,0.0,0.0,0.0,0.0,0.11870626171272189,1,0,0,0,0,0,1,Very Low,6.7805939256908285,assault_risk
gior,wednesday,night,23.8875,89.8375,0.14934756869001115,0.0,0.07467378434500557,0.0,0.0,0.07467378434500557,0.0,2,0,1,0,0,1,0,Very Low,7.240213530350167,rape_risk
goalanda,sunday,evening,22.638229,88.415531,0.196008935316645,0.0,0.196008935316645,0.0,0.0,0.0,0.0,1,0,1,0,0,0,0,Very Low,7.940134029749675,rape_risk
goalanda,thursday,night,22.638229,88.415531,0.1920293474741192,0.1920293474741192,0.0,0.0,0.0,0.0,0.0,1,1,0,0,0,0,0,Very Low,7.880440212111788,murder_risk
goalanda,tuesday,night,22.638229,88.415531,0.18490533183780386,0.0,0.0,0.0,0.18490533183780386,0.0,0.0,1,0,0,0,1,0,0,Very Low,7.773579977567058,bodyfound_risk
gobindaganj,friday,evening,25.1333,89.3917,0.11687343342140541,0.0,0.0,0.11687343342140541,0.0,0.0,0.0,1,0,0,1,0,0,0,Very Low,6.753101501321082,kidnap_risk
gobindaganj,friday,morning,25.1333,89.3917,0.11685768193702804,0.0,0.0,0.11685768193702804,0.0,0.0,0.0,1,0,0,1,0,0,0,Very Low,6.752865229055421,kidnap_risk
gobindaganj,friday,night,25.1333,89.3917,0.22091314303703247,0.13254788582221946,0.0,0.0,0.0,0.044182628607406495,0.044182628607406495,5,3,0,0,0,1,1,Low,8.313697145555487,murder_risk
gobindaganj,monday,morning,25.1333,89.3917,0.12092333712469934,0.0,0.0,0.0,0.12092333712469934,0.0,0.0,1,0,0,0,1,0,0,Very Low,6.81385005687049,bodyfound_risk
gobindaganj,monday,night,25.133300000000002,89.3917,0.17796550070900696,0.05932183356966898,0.05932183356966898,0.0,0.05932183356966898,0.0,0.0,3,1,1,0,1,0,0,Very Low,7.669482510635104,murder_risk
gobindaganj,saturday,afternoon,25.1333,89.3917,0.11450168406912638,0.0,0.0,0.0,0.0,0.0,0.11450168406912638,1,0,0,0,0,0,1,Very Low,6.717525261036895,assault_risk
gobindaganj,saturday,morning,25.1333,89.3917,0.11587396363427817,0.0,0.0,0.0,0.11587396363427817,0.0,0.0,1,0,0,0,1,0,0,Very Low,6.738109454514173,bodyfound_risk
gobindaganj,saturday,night,25.1333,89.3917,0.12672788239972982,0.12672788239972982,0.0,0.0,0.0,0.0,0.0,1,1,0,0,0,0,0,Very Low,6.900918235995947,murder_risk
gobindaganj,sunday,evening,25.1333,89.3917,0.13636924450475008,0.13636924450475008,0.0,0.0,0.0,0.0,0.0,1,1,0,0,0,0,0,Very Low,7.045538667571251,murder_risk
gobindaganj,sunday,night,25.133300000000002,89.3917,0.1617918360978522,0.0539306120326174,0.0,0.0,0.0539306120326174,0.0,0.0539306120326174,3,1,0,0,1,0,1,Very Low,7.426877541467783,murder_risk
gobindaganj,thursday,night,25.1333,89.3917,0.12441278143537496,0.12441278143537496,0.0,0.0,0.0,0.0,0.0,1,1,0,0,0,0,0,Very Low,6.866191721530624,murder_risk
gobindaganj,tuesday,night,25.1333,89.3917,0.1408720247916366,0.0704360123958183,0.0704360123958183,0.0,0.0,0.0,0.0,2,1,1,0,0,0,0,Very Low,7.113080371874549,murder_risk
gobindaganj,wednesday,morning,25.1333,89.3917,0.12409048552953769,0.0,0.0,0.0,0.12409048552953769,0.0,0.0,1,0,0,0,1,0,0,Very Low,6.861357282943065,bodyfound_risk
gobindaganj,wednesday,night,25.1333,89.3917,0.11094863356740839,0.0,0.0,0.11094863356740839,0.0,0.0,0.0,1,0,0,1,0,0,0,Very Low,6.664229503511126,kidnap_risk
godagari,sunday,night,24.4667,88.3306,0.15652992289232814,0.15652992289232814,0.0,0.0,0.0,0.0,0.0,1,1,0,0,0,0,0,Very Low,7.347948843384922,murder_risk
godagari,tuesday,morning,24.4667,88.3306,0.16066113539487978,0.16066113539487978,0.0,0.0,0.0,0.0,0.0,1,1,0,0,0,0,0,Very Low,7.4099170309231965,murder_risk
godagari,wednesday,morning,24.4667,88.3306,0.15506580462028097,0.0,0.15506580462028097,0.0,0.0,0.0,0.0,1,0,1,0,0,0,0,Very Low,7.325987069304214,rape_risk
godagari,wednesday,night,24.4667,88.3306,0.23916049492075617,0.0,0.23916049492075617,0.0,0.0,0.0,0.0,2,0,2,0,0,0,0,Low,8.587407423811342,rape_risk
golapganj,friday,morning,24.8583,92.0208,0.14606864229340039,0.0,0.0,0.14606864229340039,0.0,0.0,0.0,1,0,0,1,0,0,0,Very Low,7.191029634401006,kidnap_risk
golapganj,saturday,morning,24.8583,92.0208,0.23199951987281375,0.0,0.07733317329093792,0.0,0.0,0.0,0.15466634658187584,3,0,1,0,0,0,2,Low,8.479992798092207,assault_risk
golapganj,thursday,morning,24.8583,92.0208,0.1278151763222492,0.0,0.0,0.1278151763222492,0.0,0.0,0.0,1,0,0,1,0,0,0,Very Low,6.917227644833738,kidnap_risk
golapganj,thursday,night,24.8583,92.0208,0.1456067875899395,0.1456067875899395,0.0,0.0,0.0,0.0,0.0,1,1,0,0,0,0,0,Very Low,7.184101813849093,murder_risk
golapganj,wednesday,morning,24.8583,92.0208,0.14112515525291602,0.0,0.0,0.14112515525291602,0.0,0.0,0.0,1,0,0,1,0,0,0,Very Low,7.11687732879374,kidnap_risk
golapganj,wednesday,night,24.8583,92.0208,0.14274837303792093,0.14274837303792093,0.0,0.0,0.0,0.0,0.0,1,1,0,0,0,0,0,Very Low,7.141225595568814,murder_risk
gomostapur,friday,afternoon,24.775,88.2833,0.13073166343894113,0.0,0.0,0.0,0.13073166343894113,0.0,0.0,1,0,0,0,1,0,0,Very Low,6.960974951584117,bodyfound_risk
gomostapur,friday,morning,24.774999999999995,88.2833,0.21667999410081218,0.07222666470027073,0.0,0.0,0.14445332940054145,0.0,0.0,3,1,0,0,2,0,0,Low,8.250199911512183,bodyfound_risk
gomostapur,monday,morning,24.775,88.2833,0.14382133888705892,0.0,0.0,0.0,0.14382133888705892,0.0,0.0,2,0,0,0,2,0,0,Very Low,7.157320083305883,bodyfound_risk
gomostapur,sunday,morning,24.775,88.2833,0.1329266043909666,0.1329266043909666,0.0,0.0,0.0,0.0,0.0,1,1,0,0,0,0,0,Very Low,6.993899065864499,murder_risk
gomostapur,thursday,morning,24.775,88.2833,0.1306833110774912,0.0,0.0,0.0,0.1306833110774912,0.0,0.0,1,0,0,0,1,0,0,Very Low,6.960249666162368,bodyfound_risk
gomostapur,wednesday,morning,24.775,88.2833,0.1327845294491645,0.0,0.0,0.0,0.1327845294491645,0.0,0.0,1,0,0,0,1,0,0,Very Low,6.991767941737468,bodyfound_risk
gomostapur,wednesday,night,24.775,88.2833,0.1429913067042481,0.1429913067042481,0.0,0.0,0.0,0.0,0.0,1,1,0,0,0,0,0,Very Low,7.144869600563721,murder_risk
gopalganj,saturday,night,23.00836,89.82419,0.4093360581748065,0.0,0.0,0.0,0.0,0.0,0.4093360581748065,1,0,0,0,0,0,1,Moderate,11.140040872622098,assault_risk
gopalganj sadar,friday,morning,23.0167,89.8333,0.18168469995251563,0.0,0.0,0.18168469995251563,0.0,0.0,0.0,1,0,0,1,0,0,0,Very Low,7.725270499287735,kidnap_risk
gopalganj sadar,monday,morning,23.0167,89.8333,0.17294633372128598,0.0,0.0,0.0,0.17294633372128598,0.0,0.0,1,0,0,0,1,0,0,Very Low,7.59419500581929,bodyfound_risk
gopalganj sadar,sunday,night,23.0167,89.8333,0.1743183521118578,0.0,0.0,0.0,0.0,0.0,0.1743183521118578,1,0,0,0,0,0,1,Very Low,7.614775281677867,assault_risk
gopalganj sadar,tuesday,night,23.0167,89.8333,0.17665831275280133,0.17665831275280133,0.0,0.0,0.0,0.0,0.0,1,1,0,0,0,0,0,Very Low,7.64987469129202,murder_risk
gopalpur,monday,morning,24.5583,89.9167,0.1407371188343997,0.0,0.0,0.1407371188343997,0.0,0.0,0.0,1,0,0,1,0,0,0,Very Low,7.111056782515996,kidnap_risk
gopalpur,monday,night,24.5583,89.9167,0.1503280319941025,0.0,0.0,0.1503280319941025,0.0,0.0,0.0,1,0,0,1,0,0,0,Very Low,7.254920479911537,kidnap_risk
gopalpur,saturday,morning,24.5583,89.9167,0.17526985913415444,0.0,0.0,0.0,0.08763492956707722,0.0,0.08763492956707722,2,0,0,0,1,0,1,Very Low,7.629047887012316,bodyfound_risk
gopalpur,saturday,night,24.5583,89.9167,0.1377697161213638,0.1377697161213638,0.0,0.0,0.0,0.0,0.0,1,1,0,0,0,0,0,Very Low,7.066545741820457,murder_risk
gopalpur,sunday,morning,24.5583,89.9167,0.1316680557853912,0.0,0.0,0.1316680557853912,0.0,0.0,0.0,1,0,0,1,0,0,0,Very Low,6.9750208367808675,kidnap_risk
gopalpur,tuesday,morning,24.5583,89.9167,0.14686579481332523,0.0,0.0,0.0,0.14686579481332523,0.0,0.0,1,0,0,0,1,0,0,Very Low,7.202986922199878,bodyfound_risk
gopalpur,tuesday,night,24.5583,89.9167,0.13699217547291007,0.0,0.0,0.0,0.13699217547291007,0.0,0.0,1,0,0,0,1,0,0,Very Low,7.054882632093651,bodyfound_risk
goran,monday,night,23.784506,90.403409,0.3277871745358173,0.0,0.0,0.0,0.3277871745358173,0.0,0.0,1,0,0,0,1,0,0,Low,9.916807618037259,bodyfound_risk
goran,saturday,afternoon,23.784506,90.403409,0.31063304062328334,0.0,0.0,0.0,0.0,0.0,0.31063304062328334,1,0,0,0,0,0,1,Low,9.65949560934925,assault_risk
goran,sunday,night,23.784506,90.403409,0.37122532141889375,0.0,0.0,0.0,0.0,0.18561266070944688,0.18561266070944688,2,0,0,0,0,1,1,Moderate,10.568379821283406,robbery_risk
goran,thursday,night,23.784506,90.403409,0.3326961108543438,0.0,0.0,0.0,0.3326961108543438,0.0,0.0,1,0,0,0,1,0,0,Low,9.990441662815158,bodyfound_risk
goran,tuesday,night,23.784506,90.403409,0.32558083496548895,0.0,0.0,0.0,0.32558083496548895,0.0,0.0,1,0,0,0,1,0,0,Low,9.883712524482334,bodyfound_risk
gosairhat,friday,night,23.07667,90.43167,0.3923890345755363,0.0,0.3923890345755363,0.0,0.0,0.0,0.0,1,0,1,0,0,0,0,Moderate,10.885835518633044,rape_risk
gouriakhali beach,monday,noon,22.59508,91.62622,0.38946583104836907,0.0,0.0,0.38946583104836907,0.0,0.0,0.0,1,0,0,1,0,0,0,Moderate,10.841987465725536,kidnap_risk
gouripur,friday,night,24.75833,90.575,0.20521829329245833,0.0,0.05130457332311458,0.10260914664622917,0.0,0.0,0.05130457332311458,4,0,1,2,0,0,1,Low,8.078274399386874,kidnap_risk
gouripur,monday,afternoon,24.75833,90.575,0.11043063549115878,0.0,0.0,0.0,0.0,0.0,0.11043063549115878,1,0,0,0,0,0,1,Very Low,6.656459532367382,assault_risk
gouripur,monday,night,24.75833,90.575,0.11790590018759946,0.0,0.0,0.0,0.0,0.0,0.11790590018759946,1,0,0,0,0,0,1,Very Low,6.768588502813992,assault_risk
gouripur,monday,noon,24.75833,90.575,0.11277406099930955,0.0,0.11277406099930955,0.0,0.0,0.0,0.0,1,0,1,0,0,0,0,Very Low,6.691610914989643,rape_risk
gouripur,saturday,afternoon,24.75833,90.575,0.11124819995181262,0.0,0.0,0.0,0.0,0.0,0.11124819995181262,1,0,0,0,0,0,1,Very Low,6.66872299927719,assault_risk
gouripur,thursday,morning,24.75833,90.575,0.12342803401523127,0.0,0.0,0.0,0.0,0.0,0.12342803401523127,2,0,0,0,0,0,2,Very Low,6.851420510228469,assault_risk
gouripur,thursday,night,24.75833,90.575,0.12348944108910523,0.12348944108910523,0.0,0.0,0.0,0.0,0.0,1,1,0,0,0,0,0,Very Low,6.852341616336578,murder_risk
gouripur,thursday,noon,24.75833,90.575,0.11682330970337426,0.0,0.0,0.0,0.0,0.0,0.11682330970337426,1,0,0,0,0,0,1,Very Low,6.7523496455506145,assault_risk
gouripur,tuesday,evening,24.75833,90.575,0.11751111075234717,0.0,0.11751111075234717,0.0,0.0,0.0,0.0,1,0,1,0,0,0,0,Very Low,6.762666661285207,rape_risk
gouripur,tuesday,night,24.75833,90.575,0.11209992611049409,0.0,0.11209992611049409,0.0,0.0,0.0,0.0,1,0,1,0,0,0,0,Very Low,6.681498891657411,rape_risk
gouripur,wednesday,morning,24.75833,90.575,0.10497461635492988,0.0,0.0,0.0,0.0,0.0,0.10497461635492988,1,0,0,0,0,0,1,Very Low,6.574619245323948,assault_risk
gouripur,wednesday,night,24.75833,90.575,0.16599115526813954,0.0,0.05533038508937985,0.0,0.0,0.0,0.1106607701787597,3,0,1,0,0,0,2,Very Low,7.489867329022093,assault_risk
gournadi,monday,afternoon,22.9736,90.2306,0.12869749998646557,0.0,0.0,0.0,0.0,0.0,0.12869749998646557,1,0,0,0,0,0,1,Very Low,6.930462499796984,assault_risk
gournadi,monday,night,22.9736,90.2306,0.21750246389703054,0.0,0.0,0.14500164259802034,0.07250082129901017,0.0,0.0,3,0,0,2,1,0,0,Low,8.262536958455458,kidnap_risk
gournadi,saturday,night,22.9736,90.2306,0.13272157195830847,0.13272157195830847,0.0,0.0,0.0,0.0,0.0,1,1,0,0,0,0,0,Very Low,6.990823579374627,murder_risk
gournadi,saturday,noon,22.9736,90.2306,0.1270714720087972,0.0,0.0,0.0,0.0,0.0,0.1270714720087972,1,0,0,0,0,0,1,Very Low,6.906072080131958,assault_risk
gournadi,sunday,night,22.9736,90.2306,0.13043194084205084,0.0,0.0,0.0,0.0,0.0,0.13043194084205084,1,0,0,0,0,0,1,Very Low,6.956479112630762,assault_risk
gournadi,thursday,night,22.9736,90.2306,0.1303297815033425,0.0,0.1303297815033425,0.0,0.0,0.0,0.0,1,0,1,0,0,0,0,Very Low,6.954946722550138,rape_risk
gournadi,tuesday,night,22.9736,90.2306,0.12368831860424075,0.0,0.0,0.0,0.0,0.0,0.12368831860424075,1,0,0,0,0,0,1,Very Low,6.855324779063611,assault_risk
gournadi,wednesday,night,22.9736,90.2306,0.1428929433485554,0.0,0.1428929433485554,0.0,0.0,0.0,0.0,1,0,1,0,0,0,0,Very Low,7.143394150228331,rape_risk
gowainghat,monday,evening,25.1028,91.8917,0.13624756308270924,0.0,0.0,0.13624756308270924,0.0,0.0,0.0,1,0,0,1,0,0,0,Very Low,7.0437134462406386,kidnap_risk
gowainghat,monday,morning,25.1028,91.8917,0.13472991476627874,0.0,0.0,0.0,0.13472991476627874,0.0,0.0,1,0,0,0,1,0,0,Very Low,7.020948721494181,bodyfound_risk
gowainghat,saturday,afternoon,25.1028,91.8917,0.13376083045693019,0.0,0.0,0.0,0.13376083045693019,0.0,0.0,1,0,0,0,1,0,0,Very Low,7.006412456853953,bodyfound_risk
gowainghat,saturday,evening,25.1028,91.8917,0.12347347250965957,0.0,0.0,0.12347347250965957,0.0,0.0,0.0,1,0,0,1,0,0,0,Very Low,6.8521020876448935,kidnap_risk
gowainghat,tuesday,evening,25.1028,91.8917,0.17032155963536866,0.0,0.0,0.17032155963536866,0.0,0.0,0.0,2,0,0,2,0,0,0,Very Low,7.55482339453053,kidnap_risk
gowainghat,tuesday,morning,25.1028,91.8917,0.1291416856107292,0.0,0.0,0.1291416856107292,0.0,0.0,0.0,1,0,0,1,0,0,0,Very Low,6.937125284160938,kidnap_risk
gowainghat,wednesday,afternoon,25.1028,91.8917,0.14436914164054182,0.0,0.0,0.0,0.14436914164054182,0.0,0.0,1,0,0,0,1,0,0,Very Low,7.165537124608127,bodyfound_risk
gowainghat,wednesday,morning,25.1028,91.8917,0.14150246072282574,0.14150246072282574,0.0,0.0,0.0,0.0,0.0,1,1,0,0,0,0,0,Very Low,7.122536910842387,murder_risk
gowainghat,wednesday,night,25.1028,91.8917,0.12630886593233798,0.0,0.0,0.0,0.0,0.0,0.12630886593233798,1,0,0,0,0,0,1,Very Low,6.8946329889850695,assault_risk
green road,friday,night,23.749054,90.386405,0.3567505329937278,0.0,0.3567505329937278,0.0,0.0,0.0,0.0,1,0,1,0,0,0,0,Moderate,10.351257994905916,rape_risk
green road,monday,night,23.749054,90.386405,0.34484828514888816,0.0,0.0,0.0,0.0,0.34484828514888816,0.0,1,0,0,0,0,1,0,Low,10.172724277233321,robbery_risk
green road,saturday,evening,23.749054,90.386405,0.3541901556142938,0.0,0.0,0.0,0.0,0.0,0.3541901556142938,1,0,0,0,0,0,1,Moderate,10.312852334214407,assault_risk
green road,saturday,morning,23.749054,90.386405,0.35017302062171224,0.0,0.0,0.0,0.0,0.0,0.35017302062171224,1,0,0,0,0,0,1,Moderate,10.252595309325685,assault_risk
gulistan,monday,night,23.72483,90.410781,0.5818393094518691,0.0,0.5818393094518691,0.0,0.0,0.0,0.0,1,0,1,0,0,0,0,High,13.727589641778037,rape_risk
gulshan,friday,morning,23.7917,90.4167,0.31578649529122893,0.0,0.0,0.15789324764561447,0.15789324764561447,0.0,0.0,2,0,0,1,1,0,0,Low,9.736797429368433,kidnap_risk
gulshan,friday,night,23.7917,90.4167,0.3074798990933335,0.0,0.0,0.0,0.15373994954666675,0.0,0.15373994954666675,2,0,0,0,1,0,1,Low,9.612198486400002,bodyfound_risk
gulshan,monday,night,23.7917,90.4167,0.3106614463025699,0.0,0.0,0.3106614463025699,0.0,0.0,0.0,2,0,0,2,0,0,0,Low,9.65992169453855,kidnap_risk
gulshan,saturday,morning,23.791700000000002,90.4167,0.35885098256155856,0.11961699418718619,0.0,0.0,0.23923398837437237,0.0,0.0,3,1,0,0,2,0,0,Moderate,10.38276473842338,bodyfound_risk
gulshan,saturday,night,23.7917,90.4167,0.30356978975038973,0.0,0.0,0.0,0.0,0.30356978975038973,0.0,1,0,0,0,0,1,0,Low,9.553546846255845,robbery_risk
gulshan,sunday,evening,23.7917,90.4167,0.26050873130972285,0.0,0.0,0.26050873130972285,0.0,0.0,0.0,1,0,0,1,0,0,0,Low,8.907630969645844,kidnap_risk
gulshan,sunday,morning,23.7917,90.4167,0.24812735434951796,0.0,0.0,0.0,0.24812735434951796,0.0,0.0,1,0,0,0,1,0,0,Low,8.72191031524277,bodyfound_risk
gulshan,sunday,noon,23.7917,90.4167,0.2822290700226017,0.0,0.0,0.0,0.0,0.0,0.2822290700226017,1,0,0,0,0,0,1,Low,9.233436050339026,assault_risk
gulshan,thursday,morning,23.7917,90.4167,0.28716308608015695,0.0,0.0,0.0,0.0,0.0,0.28716308608015695,1,0,0,0,0,0,1,Low,9.307446291202353,assault_risk
gulshan,thursday,night,23.7917,90.4167,0.30308364222388223,0.0,0.0,0.0,0.30308364222388223,0.0,0.0,1,0,0,0,1,0,0,Low,9.546254633358235,bodyfound_risk
gulshan,tuesday,morning,23.7917,90.4167,0.2903173777664689,0.0,0.0,0.2903173777664689,0.0,0.0,0.0,1,0,0,1,0,0,0,Low,9.354760666497032,kidnap_risk
gulshan,tuesday,night,23.7917,90.4167,0.2886073515402954,0.0,0.0,0.0,0.0,0.2886073515402954,0.0,1,0,0,0,0,1,0,Low,9.32911027310443,robbery_risk
gulshan,wednesday,night,23.7917,90.4167,0.3278047747814339,0.0,0.16390238739071694,0.0,0.0,0.16390238739071694,0.0,2,0,1,0,0,1,0,Low,9.917071621721508,rape_risk
gulshan,wednesday,noon,23.7917,90.4167,0.3209093028945956,0.0,0.0,0.0,0.3209093028945956,0.0,0.0,2,0,0,0,2,0,0,Low,9.813639543418933,bodyfound_risk
gurudaspur,monday,night,24.3667,89.25,0.20201936546999244,0.20201936546999244,0.0,0.0,0.0,0.0,0.0,1,1,0,0,0,0,0,Low,8.030290482049887,murder_risk
gurudaspur,tuesday,afternoon,24.3667,89.25,0.19226036348832629,0.0,0.0,0.0,0.19226036348832629,0.0,0.0,1,0,0,0,1,0,0,Very Low,7.883905452324894,bodyfound_risk
gurudaspur,wednesday,afternoon,24.3667,89.25,0.19472473376548838,0.0,0.0,0.19472473376548838,0.0,0.0,0.0,1,0,0,1,0,0,0,Very Low,7.920871006482326,kidnap_risk
habiganj sadar,friday,night,24.375,91.4167,0.11754584057634626,0.05877292028817313,0.0,0.0,0.0,0.0,0.05877292028817313,2,1,0,0,0,0,1,Very Low,6.763187608645194,murder_risk
habiganj sadar,monday,night,24.375,91.4167,0.14008333232570896,0.0,0.046694444108569655,0.0,0.046694444108569655,0.0,0.046694444108569655,3,0,1,0,1,0,1,Very Low,7.1012499848856345,rape_risk
habiganj sadar,saturday,morning,24.375,91.4167,0.10305489680499352,0.0,0.0,0.0,0.0,0.0,0.10305489680499352,1,0,0,0,0,0,1,Very Low,6.545823452074902,assault_risk
habiganj sadar,saturday,night,24.375,91.4167,0.1185718709143274,0.0,0.0,0.0,0.0592859354571637,0.0,0.0592859354571637,2,0,0,0,1,0,1,Very Low,6.778578063714911,bodyfound_risk
habiganj sadar,sunday,night,24.375,91.4167,0.10166861605964181,0.0,0.0,0.0,0.0,0.0,0.10166861605964181,1,0,0,0,0,0,1,Very Low,6.525029240894627,assault_risk
habiganj sadar,thursday,night,24.375,91.4167,0.18058154453180275,0.03611630890636055,0.0,0.0,0.0,0.0,0.1444652356254422,5,1,0,0,0,0,4,Very Low,7.708723167977041,assault_risk
habiganj sadar,tuesday,morning,24.375,91.4167,0.12825155104398206,0.0,0.0,0.12825155104398206,0.0,0.0,0.0,2,0,0,2,0,0,0,Very Low,6.923773265659731,kidnap_risk
habiganj sadar,tuesday,night,24.375,91.4167,0.17713551899889443,0.03542710379977889,0.0,0.0,0.0,0.0,0.14170841519911556,5,1,0,0,0,0,4,Very Low,7.657032784983416,assault_risk
habiganj sadar,wednesday,afternoon,24.375,91.4167,0.10299114124041578,0.0,0.0,0.0,0.10299114124041578,0.0,0.0,1,0,0,0,1,0,0,Very Low,6.544867118606237,bodyfound_risk
habiganj sadar,wednesday,evening,24.375,91.4167,0.08739677189211997,0.0,0.08739677189211997,0.0,0.0,0.0,0.0,1,0,1,0,0,0,0,Very Low,6.3109515783817995,rape_risk
habiganj sadar,wednesday,morning,24.375,91.4167,0.12788862555179553,0.0,0.0,0.12788862555179553,0.0,0.0,0.0,2,0,0,2,0,0,0,Very Low,6.918329383276933,kidnap_risk
habiganj sadar,wednesday,night,24.375,91.4167,0.09683909044629953,0.0,0.0,0.0,0.0,0.0,0.09683909044629953,1,0,0,0,0,0,1,Very Low,6.452586356694493,assault_risk
habiganj sadar,wednesday,noon,24.375,91.4167,0.15714370901099756,0.0,0.03928592725274939,0.0,0.0,0.0,0.11785778175824817,4,0,1,0,0,0,3,Very Low,7.357155635164963,assault_risk
haimchar,thursday,morning,23.0667,90.6375,0.23385930641074903,0.0,0.0,0.0,0.0,0.0,0.23385930641074903,1,0,0,0,0,0,1,Low,8.507889596161235,assault_risk
haimchar,tuesday,morning,23.0667,90.6375,0.2460791134582278,0.0,0.0,0.2460791134582278,0.0,0.0,0.0,1,0,0,1,0,0,0,Low,8.691186701873416,kidnap_risk
hajiganj,thursday,noon,23.25,90.85,0.24086176163629597,0.0,0.0,0.0,0.0,0.0,0.24086176163629597,1,0,0,0,0,0,1,Low,8.61292642454444,assault_risk
hajiganj,tuesday,night,23.25,90.85,0.25649166167449133,0.25649166167449133,0.0,0.0,0.0,0.0,0.0,1,1,0,0,0,0,0,Low,8.84737492511737,murder_risk
hajipara,sunday,noon,23.728907,90.417137,0.5729566678797948,0.0,0.0,0.0,0.0,0.5729566678797948,0.0,1,0,0,0,0,1,0,High,13.594350018196922,robbery_risk
hakimpur,friday,night,25.2833,89.0167,0.11602146847256259,0.11602146847256259,0.0,0.0,0.0,0.0,0.0,1,1,0,0,0,0,0,Very Low,6.740322027088439,murder_risk
hakimpur,monday,morning,25.2833,89.0167,0.1647724514590284,0.0,0.0,0.1647724514590284,0.0,0.0,0.0,3,0,0,3,0,0,0,Very Low,7.471586771885426,kidnap_risk
hakimpur,monday,night,25.2833,89.0167,0.12612934107228552,0.06306467053614276,0.0,0.0,0.0,0.0,0.06306467053614276,2,1,0,0,0,0,1,Very Low,6.891940116084283,murder_risk
hakimpur,saturday,morning,25.2833,89.0167,0.1830925349179443,0.0,0.0,0.09154626745897215,0.09154626745897215,0.0,0.0,4,0,0,2,2,0,0,Very Low,7.746388023769164,kidnap_risk
hakimpur,saturday,noon,25.2833,89.0167,0.08306636640244684,0.0,0.0,0.0,0.08306636640244684,0.0,0.0,1,0,0,0,1,0,0,Very Low,6.245995496036702,bodyfound_risk
hakimpur,sunday,morning,25.2833,89.0167,0.10511080014877845,0.0,0.0,0.0,0.10511080014877845,0.0,0.0,1,0,0,0,1,0,0,Very Low,6.576662002231677,bodyfound_risk
hakimpur,sunday,night,25.2833,89.0167,0.08882813436584269,0.0,0.0,0.0,0.0,0.0,0.08882813436584269,1,0,0,0,0,0,1,Very Low,6.332422015487641,assault_risk
hakimpur,thursday,night,25.2833,89.0167,0.08980887101122108,0.08980887101122108,0.0,0.0,0.0,0.0,0.0,1,1,0,0,0,0,0,Very Low,6.347133065168316,murder_risk
hakimpur,tuesday,night,25.2833,89.0167,0.11216798909316762,0.0,0.0,0.0,0.0,0.0,0.11216798909316762,1,0,0,0,0,0,1,Very Low,6.682519836397514,assault_risk
hakimpur,tuesday,noon,25.2833,89.0167,0.1038276862409035,0.0,0.0,0.0,0.1038276862409035,0.0,0.0,1,0,0,0,1,0,0,Very Low,6.557415293613552,bodyfound_risk
hakimpur,wednesday,night,25.2833,89.0167,0.13795478407605016,0.0,0.06897739203802508,0.06897739203802508,0.0,0.0,0.0,2,0,1,1,0,0,0,Very Low,7.069321761140753,rape_risk
hakimpur,wednesday,noon,25.2833,89.0167,0.10628269089065198,0.10628269089065198,0.0,0.0,0.0,0.0,0.0,1,1,0,0,0,0,0,Very Low,6.59424036335978,murder_risk
haluaghat,friday,morning,25.125,90.35,0.1302521782362447,0.0,0.0,0.0,0.1302521782362447,0.0,0.0,1,0,0,0,1,0,0,Very Low,6.95378267354367,bodyfound_risk
haluaghat,friday,night,25.125,90.35,0.14598542759835942,0.14598542759835942,0.0,0.0,0.0,0.0,0.0,1,1,0,0,0,0,0,Very Low,7.189781413975391,murder_risk
haluaghat,saturday,evening,25.125,90.35,0.1530924583722301,0.0,0.1530924583722301,0.0,0.0,0.0,0.0,1,0,1,0,0,0,0,Very Low,7.296386875583451,rape_risk
haluaghat,thursday,night,25.125,90.35,0.13383518878193373,0.0,0.0,0.0,0.0,0.0,0.13383518878193373,1,0,0,0,0,0,1,Very Low,7.007527831729006,assault_risk
haluaghat,tuesday,morning,25.125,90.35,0.13087177366789385,0.0,0.0,0.0,0.0,0.0,0.13087177366789385,1,0,0,0,0,0,1,Very Low,6.963076605018408,assault_risk
haluaghat,tuesday,night,25.125,90.35,0.17492156758159622,0.0,0.0,0.0,0.0,0.0,0.17492156758159622,2,0,0,0,0,0,2,Very Low,7.623823513723943,assault_risk
haluaghat,wednesday,morning,25.125,90.35,0.1442308058923501,0.0,0.0,0.0,0.1442308058923501,0.0,0.0,1,0,0,0,1,0,0,Very Low,7.163462088385252,bodyfound_risk
harinakundu,friday,evening,23.6417,89.05,0.12614667465151905,0.0,0.12614667465151905,0.0,0.0,0.0,0.0,1,0,1,0,0,0,0,Very Low,6.892200119772786,rape_risk
harinakundu,friday,noon,23.6417,89.05,0.12129684519617576,0.0,0.12129684519617576,0.0,0.0,0.0,0.0,1,0,1,0,0,0,0,Very Low,6.819452677942636,rape_risk
harinakundu,monday,morning,23.6417,89.05,0.135846691662854,0.0,0.0,0.135846691662854,0.0,0.0,0.0,1,0,0,1,0,0,0,Very Low,7.03770037494281,kidnap_risk
harinakundu,monday,night,23.6417,89.05,0.16749023588425913,0.16749023588425913,0.0,0.0,0.0,0.0,0.0,2,2,0,0,0,0,0,Very Low,7.512353538263887,murder_risk
harinakundu,saturday,morning,23.6417,89.05,0.11771123861318722,0.0,0.0,0.11771123861318722,0.0,0.0,0.0,1,0,0,1,0,0,0,Very Low,6.765668579197808,kidnap_risk
harinakundu,saturday,noon,23.6417,89.05,0.11999641300425765,0.0,0.11999641300425765,0.0,0.0,0.0,0.0,1,0,1,0,0,0,0,Very Low,6.799946195063865,rape_risk
harinakundu,sunday,morning,23.6417,89.05,0.1927495228628288,0.0,0.0,0.06424984095427626,0.12849968190855252,0.0,0.0,3,0,0,1,2,0,0,Very Low,7.891242842942432,bodyfound_risk
harinakundu,thursday,morning,23.6417,89.05,0.1538891692026917,0.0,0.0,0.07694458460134584,0.07694458460134584,0.0,0.0,2,0,0,1,1,0,0,Very Low,7.308337538040375,kidnap_risk
harinakundu,tuesday,morning,23.6417,89.05,0.1180349830016775,0.0,0.0,0.1180349830016775,0.0,0.0,0.0,1,0,0,1,0,0,0,Very Low,6.770524745025162,kidnap_risk
haripur,friday,morning,25.8083,88.1417,0.09448835150556248,0.0,0.0,0.0,0.09448835150556248,0.0,0.0,1,0,0,0,1,0,0,Very Low,6.417325272583437,bodyfound_risk
haripur,thursday,evening,25.8083,88.1417,0.1488605488205031,0.0,0.1488605488205031,0.0,0.0,0.0,0.0,1,0,1,0,0,0,0,Very Low,7.232908232307546,rape_risk
haripur,thursday,morning,25.8083,88.1417,0.1432133701954703,0.0,0.0,0.0,0.1432133701954703,0.0,0.0,1,0,0,0,1,0,0,Very Low,7.148200552932055,bodyfound_risk
haripur,tuesday,night,25.8083,88.1417,0.21057340349923254,0.21057340349923254,0.0,0.0,0.0,0.0,0.0,2,2,0,0,0,0,0,Low,8.158601052488489,murder_risk
haripur,wednesday,night,25.8083,88.1417,0.14280789164011717,0.0,0.0,0.0,0.0,0.0,0.14280789164011717,1,0,0,0,0,0,1,Very Low,7.142118374601758,assault_risk
harirampur,friday,evening,23.7333,89.9667,0.1583466176198978,0.0,0.1583466176198978,0.0,0.0,0.0,0.0,1,0,1,0,0,0,0,Very Low,7.375199264298467,rape_risk
harirampur,friday,morning,23.7333,89.9667,0.21044354241828145,0.0,0.0,0.0,0.10522177120914072,0.0,0.10522177120914072,2,0,0,0,1,0,1,Low,8.156653136274223,bodyfound_risk
harirampur,saturday,morning,23.7333,89.9667,0.1670001804490049,0.0,0.0,0.1670001804490049,0.0,0.0,0.0,1,0,0,1,0,0,0,Very Low,7.505002706735073,kidnap_risk
harirampur,tuesday,noon,23.7333,89.9667,0.13771737743593826,0.0,0.0,0.0,0.0,0.0,0.13771737743593826,1,0,0,0,0,0,1,Very Low,7.065760661539073,assault_risk
hathazari,friday,afternoon,22.498796,91.807213,0.1637632550819893,0.0,0.0,0.0,0.1637632550819893,0.0,0.0,2,0,0,0,2,0,0,Very Low,7.45644882622984,bodyfound_risk
hathazari,friday,morning,22.498796,91.807213,0.12547555601226584,0.0,0.0,0.0,0.12547555601226584,0.0,0.0,1,0,0,0,1,0,0,Very Low,6.882133340183987,bodyfound_risk
hathazari,friday,night,22.498796,91.807213,0.12531250676258374,0.12531250676258374,0.0,0.0,0.0,0.0,0.0,1,1,0,0,0,0,0,Very Low,6.879687601438756,murder_risk
hathazari,monday,evening,22.498796,91.807213,0.1301926693847819,0.0,0.0,0.0,0.1301926693847819,0.0,0.0,1,0,0,0,1,0,0,Very Low,6.952890040771729,bodyfound_risk
hathazari,monday,night,22.498796,91.807213,0.13004238501705184,0.0,0.13004238501705184,0.0,0.0,0.0,0.0,1,0,1,0,0,0,0,Very Low,6.950635775255778,rape_risk
hathazari,saturday,noon,22.498796,91.807213,0.1229858805231852,0.0,0.0,0.0,0.1229858805231852,0.0,0.0,1,0,0,0,1,0,0,Very Low,6.8447882078477775,bodyfound_risk
hathazari,sunday,morning,22.498796,91.807213,0.12174582921037298,0.0,0.0,0.0,0.0,0.0,0.12174582921037298,1,0,0,0,0,0,1,Very Low,6.8261874381555945,assault_risk
hathazari,sunday,night,22.498796,91.807213,0.12901432351376219,0.0,0.12901432351376219,0.0,0.0,0.0,0.0,1,0,1,0,0,0,0,Very Low,6.935214852706433,rape_risk
hathazari,thursday,morning,22.498796,91.807213,0.14579484811012222,0.14579484811012222,0.0,0.0,0.0,0.0,0.0,1,1,0,0,0,0,0,Very Low,7.186922721651833,murder_risk
hathazari,thursday,night,22.498796,91.807213,0.12084812335693595,0.12084812335693595,0.0,0.0,0.0,0.0,0.0,1,1,0,0,0,0,0,Very Low,6.812721850354039,murder_risk
hathazari,wednesday,morning,22.498796,91.807213,0.12576186491643646,0.0,0.0,0.12576186491643646,0.0,0.0,0.0,1,0,0,1,0,0,0,Very Low,6.886427973746547,kidnap_risk
hathazari,wednesday,night,22.498796,91.807213,0.1327076466883434,0.0,0.1327076466883434,0.0,0.0,0.0,0.0,1,0,1,0,0,0,0,Very Low,6.990614700325151,rape_risk
hatia,friday,morning,22.3667,91.125,0.11391508932698458,0.0,0.0,0.0,0.0,0.0,0.11391508932698458,1,0,0,0,0,0,1,Very Low,6.708726339904769,assault_risk
hatia,friday,night,22.3667,91.125,0.11507597835475494,0.11507597835475494,0.0,0.0,0.0,0.0,0.0,1,1,0,0,0,0,0,Very Low,6.726139675321324,murder_risk
hatia,monday,afternoon,22.3667,91.125,0.08834712526029534,0.0,0.0,0.0,0.08834712526029534,0.0,0.0,1,0,0,0,1,0,0,Very Low,6.32520687890443,bodyfound_risk
hatia,saturday,morning,22.3667,91.125,0.12158181838345833,0.0,0.0,0.0,0.12158181838345833,0.0,0.0,1,0,0,0,1,0,0,Very Low,6.8237272757518745,bodyfound_risk
hatia,sunday,evening,22.3667,91.125,0.12831601742767174,0.0,0.0,0.12831601742767174,0.0,0.0,0.0,1,0,0,1,0,0,0,Very Low,6.924740261415076,kidnap_risk
hatia,thursday,morning,22.366699999999998,91.125,0.1958171613996835,0.0,0.0,0.13054477426645567,0.0,0.06527238713322783,0.0,3,0,0,2,0,1,0,Very Low,7.937257420995253,kidnap_risk
hatia,thursday,night,22.3667,91.125,0.1198532383104385,0.1198532383104385,0.0,0.0,0.0,0.0,0.0,1,1,0,0,0,0,0,Very Low,6.797798574656578,murder_risk
hatia,wednesday,morning,22.3667,91.125,0.16339200061563044,0.0,0.0,0.16339200061563044,0.0,0.0,0.0,2,0,0,2,0,0,0,Very Low,7.4508800092344565,kidnap_risk
hatibandha,friday,morning,26.1125,89.1333,0.10902428490178148,0.0,0.0,0.0,0.10902428490178148,0.0,0.0,1,0,0,0,1,0,0,Very Low,6.635364273526722,bodyfound_risk
hatibandha,friday,night,26.1125,89.1333,0.12695391941840775,0.0,0.12695391941840775,0.0,0.0,0.0,0.0,1,0,1,0,0,0,0,Very Low,6.904308791276116,rape_risk
hatibandha,monday,evening,26.1125,89.1333,0.11269365511786682,0.0,0.0,0.11269365511786682,0.0,0.0,0.0,1,0,0,1,0,0,0,Very Low,6.6904048267680025,kidnap_risk
hatibandha,saturday,evening,26.1125,89.1333,0.12408721123632488,0.0,0.0,0.12408721123632488,0.0,0.0,0.0,1,0,0,1,0,0,0,Very Low,6.861308168544873,kidnap_risk
hatibandha,saturday,morning,26.1125,89.1333,0.12011796257015674,0.06005898128507837,0.0,0.06005898128507837,0.0,0.0,0.0,2,1,0,1,0,0,0,Very Low,6.801769438552351,murder_risk
hatibandha,sunday,evening,26.1125,89.1333,0.1253536937162258,0.1253536937162258,0.0,0.0,0.0,0.0,0.0,1,1,0,0,0,0,0,Very Low,6.880305405743387,murder_risk
hatibandha,sunday,morning,26.1125,89.1333,0.11150606025823351,0.0,0.0,0.0,0.11150606025823351,0.0,0.0,1,0,0,0,1,0,0,Very Low,6.672590903873503,bodyfound_risk
hatibandha,sunday,night,26.1125,89.1333,0.11936380142857239,0.0,0.0,0.11936380142857239,0.0,0.0,0.0,1,0,0,1,0,0,0,Very Low,6.790457021428586,kidnap_risk
hatibandha,tuesday,night,26.1125,89.1333,0.12980816492378383,0.0,0.0,0.0,0.0,0.0,0.12980816492378383,2,0,0,0,0,0,2,Very Low,6.947122473856758,assault_risk
hatibandha,wednesday,afternoon,26.1125,89.1333,0.11204748281420372,0.0,0.0,0.0,0.0,0.0,0.11204748281420372,1,0,0,0,0,0,1,Very Low,6.680712242213056,assault_risk
hatibandha,wednesday,evening,26.1125,89.1333,0.11240443029724216,0.0,0.0,0.11240443029724216,0.0,0.0,0.0,1,0,0,1,0,0,0,Very Low,6.686066454458633,kidnap_risk
hatibandha,wednesday,morning,26.1125,89.1333,0.1706166584303216,0.0,0.05687221947677386,0.05687221947677386,0.05687221947677386,0.0,0.0,3,0,1,1,1,0,0,Very Low,7.559249876454824,rape_risk
hatibandha,wednesday,night,26.1125,89.1333,0.14788842064089436,0.0,0.07394421032044718,0.07394421032044718,0.0,0.0,0.0,2,0,1,1,0,0,0,Very Low,7.218326309613415,rape_risk
hatirjheel,monday,night,23.74819,90.394162,0.3180635069363698,0.0,0.0,0.0,0.3180635069363698,0.0,0.0,1,0,0,0,1,0,0,Low,9.770952604045547,bodyfound_risk
hatirjheel,saturday,night,23.74819,90.394162,0.35693870904050196,0.0,0.0,0.0,0.0,0.17846935452025098,0.17846935452025098,2,0,0,0,0,1,1,Moderate,10.354080635607529,robbery_risk
hatirjheel,thursday,night,23.74819,90.394162,0.3338806006690023,0.0,0.0,0.0,0.3338806006690023,0.0,0.0,1,0,0,0,1,0,0,Low,10.008209010035035,bodyfound_risk
hatirjheel,tuesday,morning,23.74819,90.394162,0.3114005498700893,0.0,0.0,0.0,0.3114005498700893,0.0,0.0,1,0,0,0,1,0,0,Low,9.67100824805134,bodyfound_risk
hatirjheel,tuesday,night,23.74819,90.394162,0.3179015003235361,0.0,0.0,0.0,0.0,0.3179015003235361,0.0,1,0,0,0,0,1,0,Low,9.768522504853042,robbery_risk
hatirjheel,wednesday,night,23.74819,90.394162,0.32399029234413007,0.0,0.0,0.32399029234413007,0.0,0.0,0.0,1,0,0,1,0,0,0,Low,9.85985438516195,kidnap_risk
hatirpool,sunday,night,23.743883,90.392304,0.4376630021764102,0.0,0.0,0.0,0.0,0.0,0.4376630021764102,1,0,0,0,0,0,1,Moderate,11.564945032646154,assault_risk
hatirpool,wednesday,night,23.743883,90.392304,0.4227663609055789,0.0,0.0,0.0,0.0,0.4227663609055789,0.0,1,0,0,0,0,1,0,Moderate,11.341495413583683,robbery_risk
hazaribagh,friday,evening,23.740038,90.35886,0.3160277793095429,0.0,0.0,0.0,0.3160277793095429,0.0,0.0,1,0,0,0,1,0,0,Low,9.740416689643144,bodyfound_risk
hazaribagh,monday,evening,23.740038,90.35886,0.30826008717145004,0.30826008717145004,0.0,0.0,0.0,0.0,0.0,1,1,0,0,0,0,0,Low,9.62390130757175,murder_risk
hazaribagh,saturday,morning,23.740038,90.35886,0.2944471666764165,0.0,0.2944471666764165,0.0,0.0,0.0,0.0,1,0,1,0,0,0,0,Low,9.416707500146249,rape_risk
hazaribagh,sunday,evening,23.740038,90.35886,0.2945524910296926,0.0,0.2945524910296926,0.0,0.0,0.0,0.0,1,0,1,0,0,0,0,Low,9.418287365445389,rape_risk
hazaribagh,sunday,morning,23.740038,90.35886,0.3292473173403001,0.0,0.0,0.0,0.3292473173403001,0.0,0.0,2,0,0,0,2,0,0,Low,9.938709760104501,bodyfound_risk
hazaribagh,thursday,night,23.740038,90.35886,0.33533531318799564,0.0,0.0,0.0,0.0,0.16766765659399782,0.16766765659399782,2,0,0,0,0,1,1,Low,10.030029697819934,robbery_risk
hazaribagh,tuesday,afternoon,23.740038,90.35886,0.2960845196615741,0.0,0.0,0.0,0.2960845196615741,0.0,0.0,1,0,0,0,1,0,0,Low,9.441267794923611,bodyfound_risk
hazaribagh,tuesday,night,23.740038,90.35886,0.3072686770632921,0.3072686770632921,0.0,0.0,0.0,0.0,0.0,1,1,0,0,0,0,0,Low,9.60903015594938,murder_risk
hazaribagh,wednesday,night,23.740038,90.35886,0.33869852333143124,0.0,0.0,0.0,0.0,0.16934926166571562,0.16934926166571562,2,0,0,0,0,1,1,Low,10.08047784997147,robbery_risk
hazrat shahjalal international airport,sunday,noon,23.847177,90.4041325,0.43711435268735915,0.0,0.0,0.0,0.43711435268735915,0.0,0.0,1,0,0,0,1,0,0,Moderate,11.556715290310386,bodyfound_risk
hazrat shahjalal international airport,thursday,noon,23.847177,90.4041325,0.42175053223814574,0.0,0.0,0.0,0.42175053223814574,0.0,0.0,1,0,0,0,1,0,0,Moderate,11.326257983572187,bodyfound_risk
hizla,saturday,night,22.9,90.5083,0.26243147409674117,0.13121573704837058,0.0,0.0,0.13121573704837058,0.0,0.0,2,1,0,0,1,0,0,Low,8.936472111451117,murder_risk
hizla,tuesday,night,22.9,90.5083,0.16514978718558856,0.0,0.0,0.0,0.0,0.16514978718558856,0.0,1,0,0,0,0,1,0,Very Low,7.477246807783828,robbery_risk
hizla,wednesday,morning,22.9,90.5083,0.18998198878323935,0.18998198878323935,0.0,0.0,0.0,0.0,0.0,1,1,0,0,0,0,0,Very Low,7.84972983174859,murder_risk
homna,monday,night,23.6833,90.7917,0.2561787474988277,0.0,0.0,0.0,0.2561787474988277,0.0,0.0,1,0,0,0,1,0,0,Low,8.842681212482415,bodyfound_risk
homna,wednesday,night,23.6833,90.7917,0.2451315606270833,0.0,0.0,0.0,0.2451315606270833,0.0,0.0,1,0,0,0,1,0,0,Low,8.67697340940625,bodyfound_risk
hossainpur,monday,morning,24.4167,90.65,0.2520871880697036,0.0,0.0,0.0,0.2520871880697036,0.0,0.0,1,0,0,0,1,0,0,Low,8.781307821045553,bodyfound_risk
hossainpur,monday,night,24.4167,90.65,0.23866075068406645,0.0,0.0,0.0,0.0,0.0,0.23866075068406645,1,0,0,0,0,0,1,Low,8.579911260260996,assault_risk
hrishikesh das lane,wednesday,night,23.70637,90.41431,0.5959819822255044,0.5959819822255044,0.0,0.0,0.0,0.0,0.0,1,1,0,0,0,0,0,High,13.939729733382565,murder_risk
ibrahimpur,sunday,night,23.728907,90.417137,0.5829079437305317,0.5829079437305317,0.0,0.0,0.0,0.0,0.0,1,1,0,0,0,0,0,High,13.743619155957974,murder_risk
ideal college,sunday,morning,23.735582,90.422315,0.5697686077914799,0.0,0.0,0.0,0.0,0.0,0.5697686077914799,1,0,0,0,0,0,1,High,13.546529116872199,assault_risk
ishurdi,friday,night,24.149999999999995,89.06670000000001,0.16591539342545936,0.16591539342545936,0.0,0.0,0.0,0.0,0.0,3,3,0,0,0,0,0,Very Low,7.48873090138189,murder_risk
ishurdi,monday,morning,24.15,89.0667,0.11320755442376372,0.0,0.0,0.0,0.11320755442376372,0.0,0.0,1,0,0,0,1,0,0,Very Low,6.698113316356456,bodyfound_risk
ishurdi,monday,night,24.15,89.0667,0.1947927186661218,0.0,0.07791708746644872,0.0,0.0,0.0,0.11687563119967308,5,0,2,0,0,0,3,Very Low,7.921890779991827,assault_risk
ishurdi,saturday,night,24.149999999999995,89.06670000000001,0.163847644386514,0.10923176292434267,0.054615881462171334,0.0,0.0,0.0,0.0,3,2,1,0,0,0,0,Very Low,7.45771466579771,murder_risk
ishurdi,saturday,noon,24.15,89.0667,0.1035305485420959,0.0,0.0,0.0,0.1035305485420959,0.0,0.0,1,0,0,0,1,0,0,Very Low,6.5529582281314385,bodyfound_risk
ishurdi,sunday,morning,24.15,89.0667,0.12169789178536418,0.0,0.0,0.0,0.06084894589268209,0.0,0.06084894589268209,2,0,0,0,1,0,1,Very Low,6.825468376780463,bodyfound_risk
ishurdi,sunday,night,24.15,89.0667,0.20559556508853657,0.08223822603541464,0.04111911301770732,0.0,0.0,0.0,0.08223822603541464,5,2,1,0,0,0,2,Low,8.083933476328049,murder_risk
ishurdi,thursday,morning,24.15,89.0667,0.11108204112620622,0.0,0.0,0.0,0.11108204112620622,0.0,0.0,1,0,0,0,1,0,0,Very Low,6.666230616893094,bodyfound_risk
ishurdi,thursday,night,24.15,89.0667,0.10759603075764529,0.0,0.0,0.10759603075764529,0.0,0.0,0.0,1,0,0,1,0,0,0,Very Low,6.613940461364679,kidnap_risk
ishurdi,thursday,noon,24.15,89.0667,0.11251948066286604,0.11251948066286604,0.0,0.0,0.0,0.0,0.0,1,1,0,0,0,0,0,Very Low,6.687792209942991,murder_risk
ishurdi,tuesday,afternoon,24.15,89.0667,0.10401256534939712,0.0,0.0,0.0,0.0,0.0,0.10401256534939712,1,0,0,0,0,0,1,Very Low,6.5601884802409565,assault_risk
ishurdi,tuesday,noon,24.15,89.0667,0.12710565874100316,0.0,0.0,0.0,0.06355282937050158,0.0,0.06355282937050158,2,0,0,0,1,0,1,Very Low,6.906584881115047,bodyfound_risk
ishurdi,wednesday,afternoon,24.15,89.0667,0.10071890298116909,0.0,0.0,0.0,0.0,0.0,0.10071890298116909,1,0,0,0,0,0,1,Very Low,6.510783544717537,assault_risk
ishurdi,wednesday,night,24.15,89.0667,0.10894532337496021,0.10894532337496021,0.0,0.0,0.0,0.0,0.0,1,1,0,0,0,0,0,Very Low,6.634179850624403,murder_risk
islambagh,sunday,night,23.784506,90.403409,0.589626016334597,0.589626016334597,0.0,0.0,0.0,0.0,0.0,1,1,0,0,0,0,0,High,13.844390245018955,murder_risk
islampur,friday,night,25.0833,89.7917,0.18860132706690313,0.0,0.18860132706690313,0.0,0.0,0.0,0.0,2,0,2,0,0,0,0,Very Low,7.829019906003547,rape_risk
islampur,monday,morning,25.0833,89.7917,0.14427388267871646,0.0,0.0,0.0,0.14427388267871646,0.0,0.0,1,0,0,0,1,0,0,Very Low,7.164108240180747,bodyfound_risk
islampur,thursday,morning,25.0833,89.7917,0.14029872391480247,0.0,0.0,0.0,0.14029872391480247,0.0,0.0,1,0,0,0,1,0,0,Very Low,7.104480858722037,bodyfound_risk
islampur,thursday,night,25.0833,89.7917,0.15446018534931505,0.0,0.15446018534931505,0.0,0.0,0.0,0.0,1,0,1,0,0,0,0,Very Low,7.316902780239726,rape_risk
islampur,tuesday,night,25.0833,89.7917,0.1928921783423626,0.1928921783423626,0.0,0.0,0.0,0.0,0.0,2,2,0,0,0,0,0,Very Low,7.893382675135439,murder_risk
islampur,wednesday,morning,25.0833,89.7917,0.14170742696989147,0.0,0.0,0.0,0.14170742696989147,0.0,0.0,1,0,0,0,1,0,0,Very Low,7.125611404548372,bodyfound_risk
iswarganj,friday,morning,24.6833,90.625,0.0882073625545236,0.0,0.0882073625545236,0.0,0.0,0.0,0.0,1,0,1,0,0,0,0,Very Low,6.323110438317854,rape_risk
iswarganj,friday,night,24.6833,90.625,0.15090115636414525,0.0,0.15090115636414525,0.0,0.0,0.0,0.0,2,0,2,0,0,0,0,Very Low,7.263517345462178,rape_risk
iswarganj,monday,night,24.6833,90.625,0.12307247171437316,0.12307247171437316,0.0,0.0,0.0,0.0,0.0,1,1,0,0,0,0,0,Very Low,6.846087075715597,murder_risk
iswarganj,saturday,afternoon,24.6833,90.625,0.1158102700471768,0.0,0.1158102700471768,0.0,0.0,0.0,0.0,1,0,1,0,0,0,0,Very Low,6.737154050707652,rape_risk
iswarganj,saturday,night,24.6833,90.625,0.15046343699374856,0.07523171849687428,0.0,0.0,0.0,0.07523171849687428,0.0,2,1,0,0,0,1,0,Very Low,7.2569515549062285,murder_risk
iswarganj,thursday,morning,24.6833,90.625,0.14891041371129826,0.0,0.0,0.07445520685564913,0.07445520685564913,0.0,0.0,2,0,0,1,1,0,0,Very Low,7.233656205669474,kidnap_risk
iswarganj,thursday,night,24.6833,90.625,0.11013749012635418,0.0,0.0,0.0,0.0,0.0,0.11013749012635418,1,0,0,0,0,0,1,Very Low,6.652062351895313,assault_risk
iswarganj,tuesday,morning,24.6833,90.625,0.17937663081376068,0.05979221027125356,0.0,0.0,0.11958442054250712,0.0,0.0,3,1,0,0,2,0,0,Very Low,7.6906494622064105,bodyfound_risk
iswarganj,tuesday,night,24.6833,90.625,0.1461002812285534,0.0730501406142767,0.0,0.0,0.0,0.0,0.0730501406142767,2,1,0,0,0,0,1,Very Low,7.191504218428301,murder_risk
iswarganj,tuesday,noon,24.6833,90.625,0.11729533303617275,0.0,0.0,0.0,0.0,0.0,0.11729533303617275,1,0,0,0,0,0,1,Very Low,6.759429995542591,assault_risk
iswarganj,wednesday,afternoon,24.6833,90.625,0.12090933991063615,0.12090933991063615,0.0,0.0,0.0,0.0,0.0,1,1,0,0,0,0,0,Very Low,6.813640098659542,murder_risk
iswarganj,wednesday,morning,24.6833,90.625,0.12506869737277787,0.12506869737277787,0.0,0.0,0.0,0.0,0.0,1,1,0,0,0,0,0,Very Low,6.876030460591668,murder_risk
itna,tuesday,evening,24.5333,91.0833,0.38799294363005543,0.0,0.0,0.0,0.38799294363005543,0.0,0.0,1,0,0,0,1,0,0,Moderate,10.819894154450832,bodyfound_risk
jagannath university,monday,afternoon,23.70956,90.4111575,0.3722291919694457,0.0,0.0,0.0,0.0,0.0,0.3722291919694457,1,0,0,0,0,0,1,Moderate,10.583437879541686,assault_risk
jagannath university,sunday,morning,23.70956,90.4111575,0.3196134687932301,0.0,0.0,0.0,0.0,0.0,0.3196134687932301,2,0,0,0,0,0,2,Low,9.79420203189845,assault_risk
jagannathpur,monday,night,24.7667,91.5431,0.2938685284088317,0.0,0.0,0.0,0.09795617613627723,0.19591235227255446,0.0,3,0,0,0,1,2,0,Low,9.408027926132476,robbery_risk
jagannathpur,tuesday,morning,24.7667,91.5431,0.17317966659944525,0.0,0.17317966659944525,0.0,0.0,0.0,0.0,1,0,1,0,0,0,0,Very Low,7.597694998991679,rape_risk
jagannathpur,tuesday,night,24.7667,91.5431,0.15650100205403172,0.0,0.15650100205403172,0.0,0.0,0.0,0.0,1,0,1,0,0,0,0,Very Low,7.3475150308104755,rape_risk
jahangirnagar university,friday,afternoon,23.881433,90.2683015,0.13270882079278545,0.0,0.0,0.0,0.0,0.0,0.13270882079278545,1,0,0,0,0,0,1,Very Low,6.9906323118917815,assault_risk
jahangirnagar university,friday,morning,23.881433,90.2683015,0.12545719825846224,0.0,0.0,0.0,0.0,0.0,0.12545719825846224,1,0,0,0,0,0,1,Very Low,6.881857973876934,assault_risk
jahangirnagar university,friday,night,23.881433,90.2683015,0.3001259685622029,0.0,0.0,0.0,0.0,0.0,0.3001259685622029,2,0,0,0,0,0,2,Low,9.501889528433043,assault_risk
jahangirnagar university,friday,noon,23.881433,90.2683015,0.14699212633345965,0.0,0.0,0.0,0.0,0.0,0.14699212633345965,2,0,0,0,0,0,2,Very Low,7.204881895001895,assault_risk
jahangirnagar university,monday,night,23.881433,90.2683015,0.15126097682872103,0.0,0.0,0.0,0.0,0.0,0.15126097682872103,2,0,0,0,0,0,2,Very Low,7.268914652430816,assault_risk
jahangirnagar university,saturday,night,23.881433,90.2683015,0.3392644713908666,0.0,0.0,0.0,0.0,0.0,0.3392644713908666,4,0,0,0,0,0,4,Low,10.088967070863,assault_risk
jahangirnagar university,sunday,night,23.881433,90.2683015,0.14418453744424348,0.0,0.0,0.0,0.0,0.0,0.14418453744424348,2,0,0,0,0,0,2,Very Low,7.162768061663652,assault_risk
jahangirnagar university,thursday,night,23.881433,90.2683015,0.32547728044059676,0.0,0.0,0.0,0.0,0.0,0.32547728044059676,4,0,0,0,0,0,4,Low,9.882159206608952,assault_risk
jahangirnagar university,tuesday,morning,23.881433,90.2683015,0.13326753068814778,0.0,0.0,0.0,0.0,0.0,0.13326753068814778,1,0,0,0,0,0,1,Very Low,6.999012960322217,assault_risk
jahangirnagar university,tuesday,night,23.881433,90.2683015,0.16632877015101538,0.0,0.0,0.0,0.0,0.0,0.16632877015101538,3,0,0,0,0,0,3,Very Low,7.49493155226523,assault_risk
jahangirnagar university,wednesday,morning,23.881433,90.2683015,0.2836350354128569,0.0,0.0,0.0,0.0,0.0,0.2836350354128569,1,0,0,0,0,0,1,Low,9.254525531192854,assault_risk
jahangirnagar university,wednesday,night,23.881433,90.2683015,0.36755769494233026,0.0,0.0,0.0,0.07351153898846606,0.0,0.29404615595386424,5,0,0,0,1,0,4,Moderate,10.513365424134953,assault_risk
jaintiapur,friday,night,25.125,92.1167,0.1765616296790861,0.0,0.0,0.1765616296790861,0.0,0.0,0.0,1,0,0,1,0,0,0,Very Low,7.648424445186292,kidnap_risk
jaintiapur,thursday,night,25.125,92.1167,0.16084326981745833,0.0,0.0,0.0,0.0,0.0,0.16084326981745833,1,0,0,0,0,0,1,Very Low,7.4126490472618745,assault_risk
jaintiapur,tuesday,morning,25.125,92.1167,0.1704824437923136,0.0,0.0,0.0,0.1704824437923136,0.0,0.0,1,0,0,0,1,0,0,Very Low,7.557236656884704,bodyfound_risk
jaintiapur,tuesday,night,25.125,92.1167,0.17327620233714833,0.0,0.0,0.0,0.17327620233714833,0.0,0.0,1,0,0,0,1,0,0,Very Low,7.599143035057224,bodyfound_risk
jaldhaka,friday,evening,26.0167,89.025,0.10284345460545115,0.0,0.0,0.0,0.0,0.0,0.10284345460545115,1,0,0,0,0,0,1,Very Low,6.542651819081767,assault_risk
jaldhaka,monday,evening,26.0167,89.025,0.19143608928839875,0.0,0.19143608928839875,0.0,0.0,0.0,0.0,2,0,2,0,0,0,0,Very Low,7.871541339325981,rape_risk
jaldhaka,monday,morning,26.0167,89.025,0.12145220611997576,0.0,0.0,0.0,0.0,0.0,0.12145220611997576,1,0,0,0,0,0,1,Very Low,6.821783091799636,assault_risk
jaldhaka,saturday,morning,26.0167,89.025,0.1726211128399282,0.0863105564199641,0.0,0.0,0.0863105564199641,0.0,0.0,2,1,0,0,1,0,0,Very Low,7.589316692598923,murder_risk
jaldhaka,saturday,night,26.0167,89.025,0.12212047310154298,0.0,0.12212047310154298,0.0,0.0,0.0,0.0,1,0,1,0,0,0,0,Very Low,6.8318070965231446,rape_risk
jaldhaka,sunday,morning,26.0167,89.025,0.12884917035481336,0.0,0.0,0.0,0.0,0.0,0.12884917035481336,1,0,0,0,0,0,1,Very Low,6.9327375553222,assault_risk
jaldhaka,tuesday,morning,26.0167,89.025,0.12598135335288224,0.0,0.0,0.0,0.0,0.0,0.12598135335288224,1,0,0,0,0,0,1,Very Low,6.8897203002932335,assault_risk
jaldhaka,wednesday,night,26.0167,89.025,0.12019578165030331,0.0,0.0,0.0,0.0,0.0,0.12019578165030331,1,0,0,0,0,0,1,Very Low,6.80293672475455,assault_risk
jamalganj,thursday,morning,24.9833,91.2333,0.20941986643251811,0.0,0.0,0.20941986643251811,0.0,0.0,0.0,1,0,0,1,0,0,0,Low,8.141297996487772,kidnap_risk
jamalganj,thursday,night,24.9833,91.2333,0.23713869570781762,0.0,0.0,0.0,0.0,0.0,0.23713869570781762,1,0,0,0,0,0,1,Low,8.557080435617264,assault_risk
jamalpur sadar,friday,evening,24.9167,89.9583,0.14350763126127378,0.14350763126127378,0.0,0.0,0.0,0.0,0.0,1,1,0,0,0,0,0,Very Low,7.152614468919106,murder_risk
jamalpur sadar,friday,morning,24.9167,89.9583,0.132250283790968,0.0,0.0,0.0,0.132250283790968,0.0,0.0,1,0,0,0,1,0,0,Very Low,6.98375425686452,bodyfound_risk
jamalpur sadar,friday,night,24.9167,89.9583,0.20016421752268554,0.04003284350453711,0.04003284350453711,0.0,0.0,0.04003284350453711,0.08006568700907422,5,1,1,0,0,1,2,Low,8.002463262840283,assault_risk
jamalpur sadar,monday,evening,24.9167,89.9583,0.12680923398005794,0.0,0.0,0.12680923398005794,0.0,0.0,0.0,1,0,0,1,0,0,0,Very Low,6.902138509700869,kidnap_risk
jamalpur sadar,monday,morning,24.9167,89.9583,0.15354218389017976,0.07677109194508988,0.0,0.0,0.07677109194508988,0.0,0.0,2,1,0,0,1,0,0,Very Low,7.303132758352696,murder_risk
jamalpur sadar,monday,noon,24.9167,89.9583,0.137051420125199,0.0,0.137051420125199,0.0,0.0,0.0,0.0,1,0,1,0,0,0,0,Very Low,7.055771301877985,rape_risk
jamalpur sadar,saturday,afternoon,24.9167,89.9583,0.1216939158817639,0.0,0.0,0.0,0.1216939158817639,0.0,0.0,1,0,0,0,1,0,0,Very Low,6.825408738226459,bodyfound_risk
jamalpur sadar,saturday,morning,24.9167,89.9583,0.1279379698874568,0.0,0.0,0.0639689849437284,0.0639689849437284,0.0,0.0,2,0,0,1,1,0,0,Very Low,6.919069548311851,kidnap_risk
jamalpur sadar,saturday,night,24.9167,89.9583,0.2495367065329569,0.0712962018665591,0.03564810093327955,0.03564810093327955,0.0,0.10694430279983866,0.0,7,2,1,1,0,3,0,Low,8.743050597994353,robbery_risk
jamalpur sadar,thursday,evening,24.9167,89.9583,0.12380761224476758,0.0,0.12380761224476758,0.0,0.0,0.0,0.0,1,0,1,0,0,0,0,Very Low,6.857114183671514,rape_risk
jamalpur sadar,thursday,morning,24.9167,89.9583,0.12316740655545211,0.0,0.0,0.12316740655545211,0.0,0.0,0.0,1,0,0,1,0,0,0,Very Low,6.847511098331782,kidnap_risk
jamalpur sadar,thursday,night,24.9167,89.9583,0.1417019437931356,0.0708509718965678,0.0,0.0,0.0,0.0708509718965678,0.0,2,1,0,0,0,1,0,Very Low,7.125529156897034,murder_risk
jamalpur sadar,thursday,noon,24.9167,89.9583,0.14512449778095934,0.0,0.14512449778095934,0.0,0.0,0.0,0.0,1,0,1,0,0,0,0,Very Low,7.17686746671439,rape_risk
jamalpur sadar,tuesday,morning,24.9167,89.9583,0.12577838386765466,0.0,0.0,0.0,0.12577838386765466,0.0,0.0,1,0,0,0,1,0,0,Very Low,6.88667575801482,bodyfound_risk
jamalpur sadar,tuesday,night,24.9167,89.9583,0.2168462689064643,0.13010776134387858,0.04336925378129286,0.0,0.04336925378129286,0.0,0.0,5,3,1,0,1,0,0,Low,8.252694033596963,murder_risk
jamalpur sadar,wednesday,morning,24.9167,89.9583,0.14839415859458516,0.0,0.0,0.0,0.14839415859458516,0.0,0.0,2,0,0,0,2,0,0,Very Low,7.225912378918777,bodyfound_risk
jamalpur sadar,wednesday,night,24.916700000000002,89.9583,0.17364635029829262,0.05788211676609754,0.05788211676609754,0.0,0.0,0.05788211676609754,0.0,3,1,1,0,0,1,0,Very Low,7.6046952544743895,murder_risk
jamgora,tuesday,noon,23.728907,90.417137,0.5911965503596577,0.0,0.0,0.5911965503596577,0.0,0.0,0.0,1,0,0,1,0,0,0,High,13.867948255394865,kidnap_risk
jamtala,saturday,night,24.13499,90.79924,0.5772250333540034,0.0,0.5772250333540034,0.0,0.0,0.0,0.0,1,0,1,0,0,0,0,High,13.65837550031005,rape_risk
jashore,monday,evening,23.180315,89.1608575,0.4484552277203106,0.0,0.4484552277203106,0.0,0.0,0.0,0.0,1,0,1,0,0,0,0,Moderate,11.72682841580466,rape_risk
jatrabari,friday,morning,23.714039,90.450656,0.29697168515156963,0.0,0.0,0.0,0.14848584257578482,0.14848584257578482,0.0,2,0,0,0,1,1,0,Low,9.454575277273545,bodyfound_risk
jatrabari,friday,night,23.714039,90.450656,0.39334695636514927,0.13111565212171641,0.0,0.0,0.0,0.19667347818257463,0.06555782606085821,6,2,0,0,0,3,1,Moderate,10.900204345477238,robbery_risk
jatrabari,monday,afternoon,23.714039,90.450656,0.2724507775941141,0.0,0.0,0.0,0.0,0.2724507775941141,0.0,1,0,0,0,0,1,0,Low,9.086761663911712,robbery_risk
jatrabari,monday,evening,23.714039,90.450656,0.3014550634278428,0.0,0.3014550634278428,0.0,0.0,0.0,0.0,2,0,2,0,0,0,0,Low,9.521825951417641,rape_risk
jatrabari,monday,morning,23.714039,90.450656,0.2988275829616528,0.0,0.0,0.0,0.0,0.1494137914808264,0.1494137914808264,2,0,0,0,0,1,1,Low,9.482413744424793,robbery_risk
jatrabari,monday,night,23.714039,90.450656,0.32619592766779903,0.21746395177853267,0.0,0.0,0.0,0.0,0.10873197588926634,3,2,0,0,0,0,1,Low,9.892938915016986,murder_risk
jatrabari,monday,noon,23.714039,90.450656,0.2847956171400468,0.2847956171400468,0.0,0.0,0.0,0.0,0.0,1,1,0,0,0,0,0,Low,9.271934257100703,murder_risk
jatrabari,saturday,afternoon,23.714039,90.450656,0.28157460458800554,0.0,0.0,0.28157460458800554,0.0,0.0,0.0,1,0,0,1,0,0,0,Low,9.223619068820083,kidnap_risk
jatrabari,saturday,morning,23.714039,90.450656,0.34600009490177813,0.0,0.08650002372544453,0.17300004745088907,0.08650002372544453,0.0,0.0,4,0,1,2,1,0,0,Low,10.190001423526672,kidnap_risk
jatrabari,saturday,night,23.714039,90.450656,0.32252133279613354,0.0,0.21501422186408903,0.0,0.10750711093204451,0.0,0.0,3,0,2,0,1,0,0,Low,9.837819991942002,rape_risk
jatrabari,saturday,noon,23.714039,90.450656,0.28518596466488666,0.0,0.28518596466488666,0.0,0.0,0.0,0.0,1,0,1,0,0,0,0,Low,9.2777894699733,rape_risk
jatrabari,sunday,evening,23.714039,90.450656,0.301701978110516,0.150850989055258,0.0,0.0,0.150850989055258,0.0,0.0,2,1,0,0,1,0,0,Low,9.52552967165774,murder_risk
jatrabari,sunday,morning,23.714039,90.450656,0.28503321559052347,0.0,0.28503321559052347,0.0,0.0,0.0,0.0,1,0,1,0,0,0,0,Low,9.275498233857853,rape_risk
jatrabari,sunday,night,23.714039,90.450656,0.3027944845917318,0.3027944845917318,0.0,0.0,0.0,0.0,0.0,1,1,0,0,0,0,0,Low,9.541917268875977,murder_risk
jatrabari,thursday,evening,23.714039,90.450656,0.28202251092171027,0.28202251092171027,0.0,0.0,0.0,0.0,0.0,1,1,0,0,0,0,0,Low,9.230337663825654,murder_risk
jatrabari,thursday,morning,23.714039,90.450656,0.28451166357608487,0.14225583178804244,0.0,0.0,0.14225583178804244,0.0,0.0,2,1,0,0,1,0,0,Low,9.267674953641272,murder_risk
jatrabari,thursday,night,23.714039,90.450656,0.35843705829407607,0.07168741165881522,0.0,0.0,0.14337482331763043,0.0,0.14337482331763043,5,1,0,0,2,0,2,Moderate,10.376555874411142,bodyfound_risk
jatrabari,tuesday,afternoon,23.714039,90.450656,0.27935350095870637,0.0,0.0,0.0,0.27935350095870637,0.0,0.0,1,0,0,0,1,0,0,Low,9.190302514380596,bodyfound_risk
jatrabari,tuesday,night,23.714039,90.450656,0.29570131705229247,0.0,0.0,0.0,0.0,0.29570131705229247,0.0,2,0,0,0,0,2,0,Low,9.435519755784387,robbery_risk
jatrabari,wednesday,night,23.714039,90.450656,0.29010549965727483,0.0,0.29010549965727483,0.0,0.0,0.0,0.0,1,0,1,0,0,0,0,Low,9.351582494859123,rape_risk
jessore sadar,friday,morning,23.180314999999997,89.1608575,0.1493765951440356,0.0,0.049792198381345194,0.0,0.0,0.049792198381345194,0.049792198381345194,3,0,1,0,0,1,1,Very Low,7.240648927160533,rape_risk
jessore sadar,friday,night,23.180315,89.1608575,0.20017454931363976,0.04003490986272795,0.04003490986272795,0.0,0.0800698197254559,0.0,0.04003490986272795,5,1,1,0,2,0,1,Low,8.002618239704596,bodyfound_risk
jessore sadar,friday,noon,23.180315,89.1608575,0.13915633609473016,0.0,0.0,0.13915633609473016,0.0,0.0,0.0,1,0,0,1,0,0,0,Very Low,7.087345041420953,kidnap_risk
jessore sadar,monday,afternoon,23.180314999999997,89.1608575,0.1592235226008803,0.05307450753362676,0.0,0.0,0.0,0.0,0.10614901506725352,3,1,0,0,0,0,2,Very Low,7.388352839013205,assault_risk
jessore sadar,monday,evening,23.180315,89.1608575,0.1353548014596508,0.0,0.1353548014596508,0.0,0.0,0.0,0.0,1,0,1,0,0,0,0,Very Low,7.0303220218947615,rape_risk
jessore sadar,monday,night,23.180315,89.1608575,0.27550036571201597,0.15305575872889776,0.0,0.0,0.061222303491559105,0.0,0.061222303491559105,9,5,0,0,2,0,2,Low,9.13250548568024,murder_risk
jessore sadar,monday,noon,23.180314999999997,89.1608575,0.16880271274755548,0.0,0.11253514183170366,0.0,0.0,0.05626757091585183,0.0,3,0,2,0,0,1,0,Very Low,7.532040691213332,rape_risk
jessore sadar,saturday,evening,23.180315,89.1608575,0.14364399537943173,0.0,0.0,0.14364399537943173,0.0,0.0,0.0,2,0,0,2,0,0,0,Very Low,7.154659930691476,kidnap_risk
jessore sadar,saturday,morning,23.180315,89.1608575,0.18577055956292376,0.04644263989073094,0.09288527978146188,0.0,0.0,0.0,0.04644263989073094,4,1,2,0,0,0,1,Very Low,7.7865583934438565,rape_risk
jessore sadar,saturday,night,23.180315,89.1608575,0.25439581344127127,0.10902677718911626,0.10902677718911626,0.0,0.03634225906303875,0.0,0.0,7,3,3,0,1,0,0,Low,8.815937201619068,murder_risk
jessore sadar,saturday,noon,23.180315,89.1608575,0.14026077981086524,0.0,0.0,0.14026077981086524,0.0,0.0,0.0,1,0,0,1,0,0,0,Very Low,7.103911697162978,kidnap_risk
jessore sadar,sunday,morning,23.180315,89.1608575,0.14653764434778555,0.14653764434778555,0.0,0.0,0.0,0.0,0.0,1,1,0,0,0,0,0,Very Low,7.1980646652167835,murder_risk
jessore sadar,sunday,night,23.180315,89.1608575,0.3245884140140404,0.1475401881882002,0.05901607527528008,0.0,0.05901607527528008,0.02950803763764004,0.02950803763764004,11,5,2,0,2,1,1,Low,9.868826210210607,murder_risk
jessore sadar,sunday,noon,23.180315,89.1608575,0.1319052414634602,0.0,0.1319052414634602,0.0,0.0,0.0,0.0,1,0,1,0,0,0,0,Very Low,6.978578621951903,rape_risk
jessore sadar,thursday,evening,23.180315,89.1608575,0.139481409358884,0.0,0.139481409358884,0.0,0.0,0.0,0.0,1,0,1,0,0,0,0,Very Low,7.09222114038326,rape_risk
jessore sadar,thursday,morning,23.180314999999997,89.1608575,0.15611108704661547,0.0,0.0,0.0,0.10407405803107697,0.052037029015538486,0.0,3,0,0,0,2,1,0,Very Low,7.341666305699232,bodyfound_risk
jessore sadar,thursday,night,23.180314999999997,89.1608575,0.2052596191939021,0.0,0.03420993653231701,0.06841987306463403,0.06841987306463403,0.03420993653231701,0.0,6,0,1,2,2,1,0,Low,8.07889428790853,kidnap_risk
jessore sadar,tuesday,afternoon,23.180315,89.1608575,0.13225962768131402,0.0,0.13225962768131402,0.0,0.0,0.0,0.0,1,0,1,0,0,0,0,Very Low,6.98389441521971,rape_risk
jessore sadar,tuesday,evening,23.180315,89.1608575,0.14064842469778177,0.0,0.14064842469778177,0.0,0.0,0.0,0.0,1,0,1,0,0,0,0,Very Low,7.109726370466726,rape_risk
jessore sadar,tuesday,morning,23.180315,89.1608575,0.17487805314161717,0.0,0.04371951328540429,0.04371951328540429,0.08743902657080858,0.0,0.0,4,0,1,1,2,0,0,Very Low,7.623170797124258,bodyfound_risk
jessore sadar,tuesday,night,23.180314999999997,89.1608575,0.17335435992592743,0.05778478664197581,0.0,0.05778478664197581,0.0,0.0,0.05778478664197581,3,1,0,1,0,0,1,Very Low,7.600315398888911,murder_risk
jessore sadar,wednesday,evening,23.180315,89.1608575,0.1495844725655194,0.0,0.0,0.0,0.0747922362827597,0.0747922362827597,0.0,2,0,0,0,1,1,0,Very Low,7.243767088482791,bodyfound_risk
jessore sadar,wednesday,morning,23.180315,89.1608575,0.21448927848732177,0.042897855697464356,0.042897855697464356,0.0,0.08579571139492871,0.042897855697464356,0.0,5,1,1,0,2,1,0,Low,8.217339177309826,bodyfound_risk
jessore sadar,wednesday,night,23.180315,89.1608575,0.15216779039156403,0.07608389519578201,0.0,0.07608389519578201,0.0,0.0,0.0,2,1,0,1,0,0,0,Very Low,7.28251685587346,murder_risk
jessore sadar,wednesday,noon,23.180315,89.1608575,0.14109550464131998,0.14109550464131998,0.0,0.0,0.0,0.0,0.0,1,1,0,0,0,0,0,Very Low,7.1164325696198,murder_risk
jhalakathi sadar,monday,night,22.6431,90.2,0.1369952998137764,0.0,0.0,0.0,0.0,0.0,0.1369952998137764,1,0,0,0,0,0,1,Very Low,7.054929497206646,assault_risk
jhalakathi sadar,sunday,night,22.6431,90.2,0.18795733746232102,0.0,0.0,0.0,0.09397866873116051,0.09397866873116051,0.0,2,0,0,0,1,1,0,Very Low,7.819360061934815,bodyfound_risk
jhalakathi sadar,thursday,night,22.6431,90.2,0.1520809113219349,0.0,0.0,0.0,0.1520809113219349,0.0,0.0,1,0,0,0,1,0,0,Very Low,7.2812136698290235,bodyfound_risk
jhalakathi sadar,thursday,noon,22.6431,90.2,0.14218467498082116,0.0,0.14218467498082116,0.0,0.0,0.0,0.0,1,0,1,0,0,0,0,Very Low,7.132770124712318,rape_risk
jhalakathi sadar,tuesday,night,22.6431,90.2,0.15553370642971404,0.0,0.15553370642971404,0.0,0.0,0.0,0.0,1,0,1,0,0,0,0,Very Low,7.333005596445711,rape_risk
jhalakathi sadar,wednesday,morning,22.6431,90.2,0.1721363320196474,0.0,0.0,0.0,0.0860681660098237,0.0,0.0860681660098237,2,0,0,0,1,0,1,Very Low,7.582044980294711,bodyfound_risk
jhalakathi sadar,wednesday,night,22.6431,90.2,0.12377555118646448,0.0,0.0,0.0,0.0,0.0,0.12377555118646448,1,0,0,0,0,0,1,Very Low,6.856633267796967,assault_risk
jhenaidah sadar,friday,morning,23.5417,89.1833,0.12346720017676749,0.0,0.0,0.0,0.12346720017676749,0.0,0.0,1,0,0,0,1,0,0,Very Low,6.852008002651512,bodyfound_risk
jhenaidah sadar,friday,night,23.5417,89.1833,0.1583635087488091,0.1583635087488091,0.0,0.0,0.0,0.0,0.0,2,2,0,0,0,0,0,Very Low,7.375452631232137,murder_risk
jhenaidah sadar,monday,evening,23.5417,89.1833,0.16366011473422593,0.08183005736711296,0.0,0.08183005736711296,0.0,0.0,0.0,2,1,0,1,0,0,0,Very Low,7.454901721013389,murder_risk
jhenaidah sadar,monday,morning,23.5417,89.1833,0.11496327676753446,0.0,0.0,0.0,0.11496327676753446,0.0,0.0,1,0,0,0,1,0,0,Very Low,6.724449151513017,bodyfound_risk
jhenaidah sadar,monday,night,23.5417,89.1833,0.18278049557155407,0.09139024778577703,0.0,0.0,0.0,0.0,0.09139024778577703,4,2,0,0,0,0,2,Very Low,7.7417074335733105,murder_risk
jhenaidah sadar,saturday,morning,23.5417,89.1833,0.13180344271302447,0.13180344271302447,0.0,0.0,0.0,0.0,0.0,1,1,0,0,0,0,0,Very Low,6.977051640695366,murder_risk
jhenaidah sadar,saturday,night,23.5417,89.1833,0.12013528396972149,0.0,0.12013528396972149,0.0,0.0,0.0,0.0,1,0,1,0,0,0,0,Very Low,6.802029259545822,rape_risk
jhenaidah sadar,sunday,morning,23.5417,89.1833,0.13369361114318248,0.0,0.0,0.0,0.0,0.13369361114318248,0.0,1,0,0,0,0,1,0,Very Low,7.005404167147738,robbery_risk
jhenaidah sadar,sunday,night,23.5417,89.1833,0.1505724063471831,0.1505724063471831,0.0,0.0,0.0,0.0,0.0,2,2,0,0,0,0,0,Very Low,7.258586095207747,murder_risk
jhenaidah sadar,sunday,noon,23.5417,89.1833,0.11661239713409366,0.11661239713409366,0.0,0.0,0.0,0.0,0.0,1,1,0,0,0,0,0,Very Low,6.749185957011405,murder_risk
jhenaidah sadar,thursday,morning,23.541700000000002,89.18329999999999,0.15641696468806976,0.0,0.0,0.0,0.052138988229356587,0.10427797645871317,0.0,3,0,0,0,1,2,0,Very Low,7.346254470321046,robbery_risk
jhenaidah sadar,thursday,night,23.5417,89.1833,0.12544714682535707,0.12544714682535707,0.0,0.0,0.0,0.0,0.0,1,1,0,0,0,0,0,Very Low,6.8817072023803565,murder_risk
jhenaidah sadar,tuesday,morning,23.5417,89.1833,0.1389232984018176,0.1389232984018176,0.0,0.0,0.0,0.0,0.0,1,1,0,0,0,0,0,Very Low,7.083849476027265,murder_risk
jhenaidah sadar,tuesday,night,23.541700000000002,89.18329999999999,0.16875713485452754,0.11250475656968502,0.0,0.0,0.0,0.05625237828484251,0.0,3,2,0,0,0,1,0,Very Low,7.531357022817913,murder_risk
jhenaidah sadar,wednesday,afternoon,23.5417,89.1833,0.12197553147795746,0.12197553147795746,0.0,0.0,0.0,0.0,0.0,1,1,0,0,0,0,0,Very Low,6.829632972169362,murder_risk
jhenaidah sadar,wednesday,morning,23.5417,89.1833,0.12019730790474857,0.0,0.0,0.0,0.12019730790474857,0.0,0.0,1,0,0,0,1,0,0,Very Low,6.802959618571228,bodyfound_risk
jhenaidah sadar,wednesday,night,23.5417,89.1833,0.12367446702506132,0.12367446702506132,0.0,0.0,0.0,0.0,0.0,1,1,0,0,0,0,0,Very Low,6.85511700537592,murder_risk
jhenaigati,monday,morning,25.1833,90.0667,0.23944270721150207,0.0,0.0,0.0,0.23944270721150207,0.0,0.0,1,0,0,0,1,0,0,Low,8.591640608172531,bodyfound_risk
jhenaigati,thursday,morning,25.1833,90.0667,0.25492260666178235,0.0,0.0,0.0,0.25492260666178235,0.0,0.0,1,0,0,0,1,0,0,Low,8.823839099926735,bodyfound_risk
jhigatola,saturday,afternoon,23.73889,90.371214,0.37558351236083876,0.0,0.0,0.0,0.0,0.0,0.37558351236083876,1,0,0,0,0,0,1,Moderate,10.633752685412581,assault_risk
jhigatola,saturday,night,23.73889,90.371214,0.3818921288233208,0.0,0.0,0.3818921288233208,0.0,0.0,0.0,1,0,0,1,0,0,0,Moderate,10.728381932349812,kidnap_risk
jhigatola,sunday,noon,23.73889,90.371214,0.38725769814806216,0.0,0.0,0.0,0.0,0.0,0.38725769814806216,1,0,0,0,0,0,1,Moderate,10.808865472220933,assault_risk
jhikargacha,friday,afternoon,23.1,89.1333,0.10946474423156062,0.0,0.0,0.0,0.10946474423156062,0.0,0.0,1,0,0,0,1,0,0,Very Low,6.641971163473409,bodyfound_risk
jhikargacha,friday,night,23.1,89.1333,0.1090875793164643,0.0,0.0,0.0,0.0,0.0,0.1090875793164643,1,0,0,0,0,0,1,Very Low,6.636313689746965,assault_risk
jhikargacha,monday,morning,23.100000000000005,89.1333,0.1739753763381245,0.05799179211270816,0.05799179211270816,0.0,0.0,0.0,0.05799179211270816,3,1,1,0,0,0,1,Very Low,7.609630645071867,murder_risk
jhikargacha,monday,night,23.1,89.1333,0.11072425326250335,0.11072425326250335,0.0,0.0,0.0,0.0,0.0,1,1,0,0,0,0,0,Very Low,6.66086379893755,murder_risk
jhikargacha,saturday,night,23.1,89.1333,0.1106103554286652,0.0,0.0,0.0,0.0,0.0,0.1106103554286652,1,0,0,0,0,0,1,Very Low,6.659155331429978,assault_risk
jhikargacha,sunday,evening,23.1,89.1333,0.11039073180088467,0.0,0.0,0.0,0.11039073180088467,0.0,0.0,1,0,0,0,1,0,0,Very Low,6.65586097701327,bodyfound_risk
jhikargacha,sunday,morning,23.1,89.1333,0.11770817131161947,0.0,0.0,0.11770817131161947,0.0,0.0,0.0,1,0,0,1,0,0,0,Very Low,6.765622569674292,kidnap_risk
jhikargacha,sunday,night,23.100000000000005,89.1333,0.16534466020109978,0.05511488673369992,0.05511488673369992,0.0,0.0,0.05511488673369992,0.0,3,1,1,0,0,1,0,Very Low,7.480169903016497,murder_risk
jhikargacha,thursday,morning,23.1,89.1333,0.12894340930622122,0.0,0.0,0.0,0.12894340930622122,0.0,0.0,1,0,0,0,1,0,0,Very Low,6.934151139593318,bodyfound_risk
jhikargacha,thursday,night,23.100000000000005,89.1333,0.19440265759829797,0.12960177173219864,0.06480088586609932,0.0,0.0,0.0,0.0,3,2,1,0,0,0,0,Very Low,7.91603986397447,murder_risk
jhikargacha,tuesday,afternoon,23.1,89.1333,0.11656734927517365,0.0,0.11656734927517365,0.0,0.0,0.0,0.0,1,0,1,0,0,0,0,Very Low,6.748510239127604,rape_risk
jhikargacha,tuesday,morning,23.1,89.1333,0.130058422566058,0.0,0.0,0.130058422566058,0.0,0.0,0.0,1,0,0,1,0,0,0,Very Low,6.95087633849087,kidnap_risk
jhikargacha,wednesday,evening,23.1,89.1333,0.11540361566029775,0.0,0.11540361566029775,0.0,0.0,0.0,0.0,1,0,1,0,0,0,0,Very Low,6.731054234904466,rape_risk
jhikargacha,wednesday,morning,23.1,89.1333,0.11277264602269846,0.0,0.11277264602269846,0.0,0.0,0.0,0.0,1,0,1,0,0,0,0,Very Low,6.691589690340477,rape_risk
jhikargacha,wednesday,night,23.1,89.1333,0.11021023367908736,0.11021023367908736,0.0,0.0,0.0,0.0,0.0,1,1,0,0,0,0,0,Very Low,6.65315350518631,murder_risk
jibannagar,friday,morning,23.4167,88.8208,0.19835519769298607,0.0,0.0,0.0,0.19835519769298607,0.0,0.0,1,0,0,0,1,0,0,Very Low,7.975327965394791,bodyfound_risk
jibannagar,sunday,night,23.4167,88.8208,0.20130724357029045,0.0,0.0,0.0,0.0,0.0,0.20130724357029045,1,0,0,0,0,0,1,Low,8.019608653554357,assault_risk
jibannagar,tuesday,morning,23.4167,88.8208,0.19135787937569104,0.0,0.0,0.0,0.19135787937569104,0.0,0.0,1,0,0,0,1,0,0,Very Low,7.870368190635366,bodyfound_risk
jigatola,wednesday,night,23.73889,90.371214,0.5797523439333976,0.0,0.0,0.0,0.0,0.5797523439333976,0.0,1,0,0,0,0,1,0,High,13.696285159000963,robbery_risk
joypurhat sadar,friday,morning,25.1,89.03333,0.14562824236843103,0.07281412118421551,0.0,0.07281412118421551,0.0,0.0,0.0,2,1,0,1,0,0,0,Very Low,7.184423635526466,murder_risk
joypurhat sadar,friday,night,25.1,89.03333,0.12058208857160069,0.0,0.0,0.0,0.0,0.0,0.12058208857160069,1,0,0,0,0,0,1,Very Low,6.8087313285740105,assault_risk
joypurhat sadar,friday,noon,25.1,89.03333,0.11427052877613114,0.0,0.0,0.0,0.0,0.11427052877613114,0.0,1,0,0,0,0,1,0,Very Low,6.7140579316419675,robbery_risk
joypurhat sadar,monday,night,25.1,89.03333,0.14191132789899613,0.14191132789899613,0.0,0.0,0.0,0.0,0.0,2,2,0,0,0,0,0,Very Low,7.128669918484942,murder_risk
joypurhat sadar,saturday,night,25.100000000000005,89.03333000000002,0.16708774356116313,0.055695914520387704,0.0,0.055695914520387704,0.0,0.0,0.055695914520387704,3,1,0,1,0,0,1,Very Low,7.506316153417447,murder_risk
joypurhat sadar,saturday,noon,25.1,89.03333,0.11060733136316449,0.0,0.0,0.0,0.0,0.11060733136316449,0.0,1,0,0,0,0,1,0,Very Low,6.659109970447467,robbery_risk
joypurhat sadar,sunday,morning,25.1,89.03333,0.14053427381783287,0.07026713690891644,0.0,0.0,0.0,0.0,0.07026713690891644,2,1,0,0,0,0,1,Very Low,7.108014107267493,murder_risk
joypurhat sadar,thursday,night,25.1,89.03333,0.2066210654338394,0.0,0.08264842617353577,0.0,0.04132421308676788,0.04132421308676788,0.04132421308676788,5,0,2,0,1,1,1,Low,8.09931598150759,rape_risk
joypurhat sadar,tuesday,morning,25.1,89.03333,0.13496752671835832,0.0,0.0,0.0,0.06748376335917916,0.0,0.06748376335917916,2,0,0,0,1,0,1,Very Low,7.024512900775375,bodyfound_risk
joypurhat sadar,tuesday,night,25.1,89.03333,0.11146869845412188,0.0,0.0,0.0,0.0,0.0,0.11146869845412188,1,0,0,0,0,0,1,Very Low,6.672030476811829,assault_risk
joypurhat sadar,wednesday,afternoon,25.1,89.03333,0.2294552887424137,0.1376731732454482,0.0,0.0,0.09178211549696548,0.0,0.0,5,3,0,0,2,0,0,Low,8.441829331136205,murder_risk
joypurhat sadar,wednesday,morning,25.1,89.03333,0.1323286695480036,0.0,0.0,0.0,0.1323286695480036,0.0,0.0,2,0,0,0,2,0,0,Very Low,6.984930043220054,bodyfound_risk
joypurhat sadar,wednesday,night,25.1,89.03333,0.15757347536789545,0.15757347536789545,0.0,0.0,0.0,0.0,0.0,2,2,0,0,0,0,0,Very Low,7.363602130518432,murder_risk
jurain,friday,night,23.728907,90.417137,0.3486611235006081,0.0,0.0,0.0,0.3486611235006081,0.0,0.0,1,0,0,0,1,0,0,Low,10.229916852509122,bodyfound_risk
jurain,sunday,morning,23.728907,90.417137,0.3553344298688927,0.3553344298688927,0.0,0.0,0.0,0.0,0.0,1,1,0,0,0,0,0,Moderate,10.33001644803339,murder_risk
jurain,tuesday,evening,23.728907,90.417137,0.35911516357157147,0.0,0.0,0.35911516357157147,0.0,0.0,0.0,1,0,0,1,0,0,0,Moderate,10.386727453573572,kidnap_risk
jurain,wednesday,noon,23.728907,90.417137,0.34541106383127157,0.0,0.0,0.0,0.0,0.34541106383127157,0.0,1,0,0,0,0,1,0,Low,10.181165957469073,robbery_risk
juri,friday,night,24.58006,92.16467,0.14178990777501252,0.0,0.0,0.0,0.0,0.14178990777501252,0.0,1,0,0,0,0,1,0,Very Low,7.126848616625187,robbery_risk
juri,saturday,night,24.58006,92.16467,0.21414595394499536,0.21414595394499536,0.0,0.0,0.0,0.0,0.0,2,2,0,0,0,0,0,Low,8.212189309174931,murder_risk
juri,thursday,night,24.58006,92.16467,0.14013642632406006,0.0,0.0,0.0,0.0,0.0,0.14013642632406006,1,0,0,0,0,0,1,Very Low,7.102046394860901,assault_risk
juri,tuesday,morning,24.58006,92.16467,0.14470952177990917,0.0,0.14470952177990917,0.0,0.0,0.0,0.0,1,0,1,0,0,0,0,Very Low,7.1706428266986375,rape_risk
juri,tuesday,night,24.58006,92.16467,0.14622665401292767,0.14622665401292767,0.0,0.0,0.0,0.0,0.0,1,1,0,0,0,0,0,Very Low,7.193399810193915,murder_risk
kabirhat,friday,night,22.8333,91.2,0.25336717926980346,0.0,0.0,0.0,0.0,0.12668358963490173,0.12668358963490173,2,0,0,0,0,1,1,Low,8.800507689047052,robbery_risk
kabirhat,saturday,night,22.8333,91.2,0.2523160891340645,0.0,0.12615804456703225,0.0,0.0,0.12615804456703225,0.0,2,0,1,0,0,1,0,Low,8.784741337010967,rape_risk
kachua,monday,night,22.65,89.88333,0.17451547481592397,0.17451547481592397,0.0,0.0,0.0,0.0,0.0,1,1,0,0,0,0,0,Very Low,7.617732122238859,murder_risk
kachua,sunday,morning,23.35,90.8917,0.1634839829526994,0.0,0.0,0.0,0.0,0.0,0.1634839829526994,1,0,0,0,0,0,1,Very Low,7.45225974429049,assault_risk
kachua,thursday,night,23.35,90.8917,0.17361579206444594,0.0,0.0,0.0,0.0,0.0,0.17361579206444594,1,0,0,0,0,0,1,Very Low,7.604236880966689,assault_risk
kachua,thursday,noon,23.35,90.8917,0.17837645524214446,0.0,0.17837645524214446,0.0,0.0,0.0,0.0,1,0,1,0,0,0,0,Very Low,7.675646828632167,rape_risk
kachukhet,wednesday,night,23.784506,90.403409,0.5735165242987996,0.0,0.0,0.0,0.0,0.0,0.5735165242987996,1,0,0,0,0,0,1,High,13.602747864481994,assault_risk
kadamtali,friday,night,23.685475,90.448537,0.3391597330319034,0.0,0.0,0.0,0.3391597330319034,0.0,0.0,1,0,0,0,1,0,0,Low,10.087395995478552,bodyfound_risk
kadamtali,monday,night,23.685475,90.448537,0.44559693855490634,0.0,0.0,0.0,0.0,0.0,0.44559693855490634,2,0,0,0,0,0,2,Moderate,11.683954078323595,assault_risk
kadamtali,saturday,morning,23.685475,90.448537,0.34771252876791636,0.0,0.34771252876791636,0.0,0.0,0.0,0.0,1,0,1,0,0,0,0,Low,10.215687931518746,rape_risk
kafrul,saturday,morning,23.7931,90.3861,0.40347243991457826,0.20173621995728913,0.0,0.0,0.20173621995728913,0.0,0.0,2,1,0,0,1,0,0,Moderate,11.052086598718674,murder_risk
kafrul,saturday,night,23.7931,90.3861,0.4053309167434058,0.0,0.0,0.0,0.2026654583717029,0.2026654583717029,0.0,2,0,0,0,1,1,0,Moderate,11.079963751151087,bodyfound_risk
kafrul,thursday,night,23.7931,90.3861,0.3337376522820199,0.0,0.0,0.0,0.3337376522820199,0.0,0.0,1,0,0,0,1,0,0,Low,10.006064784230299,bodyfound_risk
kahaloo,monday,night,24.8167,89.2667,0.19268179512974676,0.19268179512974676,0.0,0.0,0.0,0.0,0.0,1,1,0,0,0,0,0,Very Low,7.890226926946202,murder_risk
kahaloo,saturday,morning,24.8167,89.2667,0.20004495310725795,0.0,0.0,0.0,0.20004495310725795,0.0,0.0,1,0,0,0,1,0,0,Low,8.000674296608869,bodyfound_risk
kahaloo,sunday,morning,24.8167,89.2667,0.19939147844717187,0.0,0.0,0.0,0.19939147844717187,0.0,0.0,1,0,0,0,1,0,0,Very Low,7.990872176707578,bodyfound_risk
kaharol,friday,night,25.7917,88.6,0.15821536017540672,0.0,0.0,0.0,0.15821536017540672,0.0,0.0,1,0,0,0,1,0,0,Very Low,7.373230402631101,bodyfound_risk
kaharol,thursday,morning,25.7917,88.6,0.15931382667581034,0.15931382667581034,0.0,0.0,0.0,0.0,0.0,1,1,0,0,0,0,0,Very Low,7.389707400137155,murder_risk
kaharol,thursday,night,25.7917,88.6,0.16223703881586937,0.0,0.16223703881586937,0.0,0.0,0.0,0.0,1,0,1,0,0,0,0,Very Low,7.433555582238041,rape_risk
kaharol,tuesday,night,25.7917,88.6,0.2349412902168606,0.0,0.2349412902168606,0.0,0.0,0.0,0.0,2,0,2,0,0,0,0,Low,8.52411935325291,rape_risk
kakrail,monday,night,23.737146,90.410583,0.35095317435590123,0.0,0.35095317435590123,0.0,0.0,0.0,0.0,1,0,1,0,0,0,0,Moderate,10.264297615338519,rape_risk
kakrail,saturday,night,23.737146,90.410583,0.34666967605086907,0.0,0.0,0.0,0.0,0.0,0.34666967605086907,1,0,0,0,0,0,1,Low,10.200045140763036,assault_risk
kakrail,tuesday,noon,23.737146,90.410583,0.35132841695985295,0.0,0.0,0.0,0.0,0.0,0.35132841695985295,1,0,0,0,0,0,1,Moderate,10.269926254397795,assault_risk
kakrail,wednesday,noon,23.737146,90.410583,0.3524592421590143,0.0,0.0,0.0,0.0,0.0,0.3524592421590143,1,0,0,0,0,0,1,Moderate,10.286888632385214,assault_risk
kalabagan,friday,night,23.747314,90.386673,0.3194715446799202,0.0,0.0,0.0,0.3194715446799202,0.0,0.0,1,0,0,0,1,0,0,Low,9.792073170198805,bodyfound_risk
kalabagan,monday,evening,23.747314,90.386673,0.3329831436862879,0.3329831436862879,0.0,0.0,0.0,0.0,0.0,1,1,0,0,0,0,0,Low,9.994747155294318,murder_risk
kalabagan,monday,night,23.747314,90.386673,0.3131489292611017,0.0,0.0,0.0,0.0,0.3131489292611017,0.0,1,0,0,0,0,1,0,Low,9.697233938916526,robbery_risk
kalabagan,saturday,morning,23.747314,90.386673,0.3259960075890209,0.0,0.0,0.0,0.0,0.3259960075890209,0.0,1,0,0,0,0,1,0,Low,9.889940113835314,robbery_risk
kalabagan,sunday,evening,23.747314,90.386673,0.3195147732278647,0.0,0.0,0.3195147732278647,0.0,0.0,0.0,1,0,0,1,0,0,0,Low,9.79272159841797,kidnap_risk
kalabagan,sunday,morning,23.747314,90.386673,0.31292116903939426,0.0,0.0,0.0,0.0,0.31292116903939426,0.0,1,0,0,0,0,1,0,Low,9.693817535590913,robbery_risk
kalabagan,thursday,night,23.747314,90.386673,0.3078986058116311,0.0,0.0,0.0,0.0,0.3078986058116311,0.0,1,0,0,0,0,1,0,Low,9.618479087174467,robbery_risk
kalabagan,wednesday,night,23.747314,90.386673,0.31052515385403506,0.0,0.0,0.0,0.31052515385403506,0.0,0.0,1,0,0,0,1,0,0,Low,9.657877307810526,bodyfound_risk
kalachandpur,wednesday,morning,23.728907,90.417137,0.5926800807520787,0.0,0.5926800807520787,0.0,0.0,0.0,0.0,2,0,2,0,0,0,0,High,13.89020121128118,rape_risk
kalai,friday,morning,25.0583,89.1833,0.11707377010084874,0.0,0.0,0.11707377010084874,0.0,0.0,0.0,1,0,0,1,0,0,0,Very Low,6.756106551512731,kidnap_risk
kalai,friday,night,25.0583,89.1833,0.16296296113348216,0.0,0.16296296113348216,0.0,0.0,0.0,0.0,2,0,2,0,0,0,0,Very Low,7.444444417002233,rape_risk
kalai,monday,morning,25.0583,89.1833,0.13093951069105042,0.0,0.0,0.13093951069105042,0.0,0.0,0.0,1,0,0,1,0,0,0,Very Low,6.964092660365756,kidnap_risk
kalai,saturday,afternoon,25.0583,89.1833,0.13353609631390406,0.0,0.13353609631390406,0.0,0.0,0.0,0.0,1,0,1,0,0,0,0,Very Low,7.003041444708561,rape_risk
kalai,saturday,night,25.0583,89.1833,0.1723811208721477,0.1723811208721477,0.0,0.0,0.0,0.0,0.0,2,2,0,0,0,0,0,Very Low,7.5857168130822155,murder_risk
kalai,saturday,noon,25.0583,89.1833,0.161574328470649,0.0,0.161574328470649,0.0,0.0,0.0,0.0,2,0,2,0,0,0,0,Very Low,7.423614927059735,rape_risk
kalai,thursday,evening,25.0583,89.1833,0.14655440243240953,0.0,0.0,0.0,0.0,0.07327720121620476,0.07327720121620476,2,0,0,0,0,1,1,Very Low,7.198316036486142,robbery_risk
kalai,thursday,morning,25.0583,89.1833,0.10990151223651799,0.0,0.0,0.10990151223651799,0.0,0.0,0.0,1,0,0,1,0,0,0,Very Low,6.64852268354777,kidnap_risk
kalapara,friday,night,21.9861,90.2422,0.10279338871277435,0.0,0.10279338871277435,0.0,0.0,0.0,0.0,1,0,1,0,0,0,0,Very Low,6.541900830691615,rape_risk
kalapara,monday,morning,21.9861,90.2422,0.1328752276481468,0.0,0.0664376138240734,0.0,0.0664376138240734,0.0,0.0,2,0,1,0,1,0,0,Very Low,6.993128414722202,rape_risk
kalapara,monday,night,21.9861,90.2422,0.14352459762688344,0.07176229881344172,0.07176229881344172,0.0,0.0,0.0,0.0,2,1,1,0,0,0,0,Very Low,7.152868964403252,murder_risk
kalapara,saturday,morning,21.9861,90.2422,0.1624539437278084,0.0,0.0,0.0,0.0,0.0,0.1624539437278084,4,0,0,0,0,0,4,Very Low,7.436809155917126,assault_risk
kalapara,sunday,morning,21.9861,90.2422,0.13051959405240904,0.0,0.0,0.0,0.0,0.0,0.13051959405240904,2,0,0,0,0,0,2,Very Low,6.957793910786135,assault_risk
kalapara,thursday,morning,21.9861,90.2422,0.11434476082933902,0.0,0.0,0.0,0.11434476082933902,0.0,0.0,1,0,0,0,1,0,0,Very Low,6.715171412440085,bodyfound_risk
kalapara,thursday,night,21.986100000000004,90.24219999999998,0.16823254955989106,0.11215503303992737,0.056077516519963684,0.0,0.0,0.0,0.0,3,2,1,0,0,0,0,Very Low,7.523488243398366,murder_risk
kalapara,tuesday,morning,21.986100000000004,90.24219999999998,0.2187669264341593,0.0,0.07292230881138642,0.03646115440569321,0.03646115440569321,0.03646115440569321,0.03646115440569321,6,0,2,1,1,1,1,Low,8.28150389651239,rape_risk
kalapara,tuesday,night,21.9861,90.2422,0.18965230843467046,0.07586092337386818,0.0,0.0,0.03793046168693409,0.0,0.07586092337386818,5,2,0,0,1,0,2,Very Low,7.844784626520057,murder_risk
kalapara,tuesday,noon,21.9861,90.2422,0.13121240130450884,0.0,0.06560620065225442,0.0,0.0,0.0,0.06560620065225442,2,0,1,0,0,0,1,Very Low,6.968186019567632,rape_risk
kalapara,wednesday,evening,21.9861,90.2422,0.10911382973104003,0.0,0.0,0.10911382973104003,0.0,0.0,0.0,1,0,0,1,0,0,0,Very Low,6.6367074459656,kidnap_risk
kalapara,wednesday,morning,21.986100000000004,90.24219999999998,0.15496990865753246,0.0,0.0,0.10331327243835497,0.05165663621917749,0.0,0.0,3,0,0,2,1,0,0,Very Low,7.324548629862987,kidnap_risk
kalapara,wednesday,night,21.986100000000004,90.24219999999998,0.1489597149011214,0.0,0.0496532383003738,0.0,0.0496532383003738,0.0,0.0496532383003738,3,0,1,0,1,0,1,Very Low,7.234395723516821,rape_risk
kalaroa,monday,noon,22.875,89.0417,0.16793622005466569,0.16793622005466569,0.0,0.0,0.0,0.0,0.0,1,1,0,0,0,0,0,Very Low,7.519043300819986,murder_risk
kalaroa,thursday,night,22.875,89.0417,0.16653011085798416,0.16653011085798416,0.0,0.0,0.0,0.0,0.0,1,1,0,0,0,0,0,Very Low,7.497951662869763,murder_risk
kalaroa,tuesday,night,22.875,89.0417,0.23799850413159185,0.11899925206579592,0.0,0.0,0.0,0.11899925206579592,0.0,2,1,0,0,0,1,0,Low,8.569977561973879,murder_risk
kalaroa,wednesday,evening,22.875,89.0417,0.17152209429358983,0.0,0.0,0.0,0.17152209429358983,0.0,0.0,1,0,0,0,1,0,0,Very Low,7.572831414403847,bodyfound_risk
kalayanpur,monday,night,23.784506,90.403409,0.59026575238194,0.0,0.0,0.0,0.59026575238194,0.0,0.0,1,0,0,0,1,0,0,High,13.8539862857291,bodyfound_risk
kalia,friday,morning,23.0333,89.6167,0.24874159134325757,0.0,0.0,0.0,0.0,0.24874159134325757,0.0,1,0,0,0,0,1,0,Low,8.731123870148863,robbery_risk
kalia,friday,night,23.0333,89.6167,0.25199612996301735,0.25199612996301735,0.0,0.0,0.0,0.0,0.0,1,1,0,0,0,0,0,Low,8.77994194944526,murder_risk
kaliakair,friday,night,24.075,90.2167,0.14089253279448608,0.0,0.0,0.14089253279448608,0.0,0.0,0.0,1,0,0,1,0,0,0,Very Low,7.113387991917291,kidnap_risk
kaliakair,monday,night,24.075,90.2167,0.15299625627231853,0.0,0.0,0.0,0.0,0.0,0.15299625627231853,2,0,0,0,0,0,2,Very Low,7.294943844084778,assault_risk
kaliakair,saturday,noon,24.075,90.2167,0.1429738183286797,0.0,0.1429738183286797,0.0,0.0,0.0,0.0,1,0,1,0,0,0,0,Very Low,7.144607274930196,rape_risk
kaliakair,thursday,morning,24.075,90.2167,0.13067991364028841,0.0,0.13067991364028841,0.0,0.0,0.0,0.0,1,0,1,0,0,0,0,Very Low,6.960198704604326,rape_risk
kaliakair,thursday,night,24.075,90.2167,0.16052293930594846,0.0,0.08026146965297423,0.0,0.0,0.08026146965297423,0.0,2,0,1,0,0,1,0,Very Low,7.4078440895892275,rape_risk
kaliakair,tuesday,morning,24.075,90.2167,0.15994625624985814,0.0,0.07997312812492907,0.0,0.07997312812492907,0.0,0.0,2,0,1,0,1,0,0,Very Low,7.399193843747872,rape_risk
kaliakair,tuesday,night,24.075,90.2167,0.1867473417686379,0.0,0.0,0.0,0.062249113922879296,0.12449822784575859,0.0,3,0,0,0,1,2,0,Very Low,7.801210126529568,robbery_risk
kaliakair,wednesday,night,24.075,90.2167,0.15594414529636072,0.0,0.0,0.0,0.07797207264818036,0.0,0.07797207264818036,2,0,0,0,1,0,1,Very Low,7.339162179445411,bodyfound_risk
kaliakair,wednesday,noon,24.075,90.2167,0.12355110989948255,0.0,0.0,0.12355110989948255,0.0,0.0,0.0,1,0,0,1,0,0,0,Very Low,6.853266648492238,kidnap_risk
kaliganj,friday,morning,23.925,90.5667,0.09910940657385447,0.0,0.0,0.0,0.09910940657385447,0.0,0.0,1,0,0,0,1,0,0,Very Low,6.486641098607818,bodyfound_risk
kaliganj,friday,night,24.267584333333332,89.16500133333334,0.16319179084268332,0.0,0.05439726361422777,0.05439726361422777,0.0,0.0,0.05439726361422777,3,0,1,1,0,0,1,Very Low,7.44787686264025,rape_risk
kaliganj,monday,afternoon,25.974953,89.228404,0.10202289040378945,0.0,0.0,0.0,0.0,0.0,0.10202289040378945,1,0,0,0,0,0,1,Very Low,6.530343356056842,assault_risk
kaliganj,monday,evening,23.925,90.5667,0.1152303406509314,0.0,0.1152303406509314,0.0,0.0,0.0,0.0,2,0,2,0,0,0,0,Very Low,6.728455109763971,rape_risk
kaliganj,monday,morning,24.437950999999998,89.64280133333334,0.13804306302599845,0.0,0.0,0.04601435434199948,0.04601435434199948,0.0,0.04601435434199948,3,0,0,1,1,0,1,Very Low,7.070645945389977,kidnap_risk
kaliganj,monday,night,23.754633333333334,90.08890000000001,0.13990246217243732,0.0,0.0466341540574791,0.0,0.0,0.0,0.0932683081149582,3,0,1,0,0,0,2,Very Low,7.09853693258656,assault_risk
kaliganj,saturday,afternoon,23.4139,89.1333,0.0618312767983228,0.0,0.0,0.0,0.0,0.0618312767983228,0.0,1,0,0,0,0,1,0,Very Low,5.927469151974842,robbery_risk
kaliganj,saturday,morning,24.437950999999998,89.64280133333334,0.15524177474372208,0.0,0.0,0.05174725824790736,0.10349451649581472,0.0,0.0,3,0,0,1,2,0,0,Very Low,7.328626621155831,bodyfound_risk
kaliganj,saturday,night,22.7713,89.07223333333333,0.13823947582226617,0.09215965054817744,0.0,0.0,0.0,0.0,0.04607982527408872,3,2,0,0,0,0,1,Very Low,7.073592137333993,murder_risk
kaliganj,saturday,noon,25.974953,89.228404,0.10055871244412362,0.0,0.0,0.0,0.0,0.0,0.10055871244412362,1,0,0,0,0,0,1,Very Low,6.508380686661854,assault_risk
kaliganj,sunday,afternoon,23.4139,89.1333,0.10814388022687071,0.0,0.0,0.0,0.10814388022687071,0.0,0.0,1,0,0,0,1,0,0,Very Low,6.62215820340306,bodyfound_risk
kaliganj,sunday,night,24.43748825,90.232126,0.16420969002117244,0.08210484501058622,0.0,0.0,0.0,0.04105242250529311,0.04105242250529311,4,2,0,0,0,1,1,Very Low,7.463145350317587,murder_risk
kaliganj,sunday,noon,23.4139,89.1333,0.14192048683788613,0.04730682894596204,0.0,0.04730682894596204,0.04730682894596204,0.0,0.0,3,1,0,1,1,0,0,Very Low,7.128807302568292,murder_risk
kaliganj,thursday,morning,23.925,90.5667,0.11496073735883813,0.0,0.0,0.0,0.0,0.11496073735883813,0.0,1,0,0,0,0,1,0,Very Low,6.724411060382572,robbery_risk
kaliganj,thursday,night,22.45,89.0417,0.10958256368231249,0.0,0.0,0.0,0.0,0.10958256368231249,0.0,1,0,0,0,0,1,0,Very Low,6.643738455234687,robbery_risk
kaliganj,tuesday,morning,24.267584333333332,89.16500133333334,0.1423670159546884,0.04745567198489613,0.0,0.04745567198489613,0.04745567198489613,0.0,0.0,3,1,0,1,1,0,0,Very Low,7.1355052393203255,murder_risk
kaliganj,tuesday,night,23.262966666666667,89.58056666666668,0.13715495170178066,0.0,0.0,0.0,0.0,0.0,0.13715495170178066,3,0,0,0,0,0,3,Very Low,7.05732427552671,assault_risk
kaliganj,wednesday,morning,23.4139,89.1333,0.12406607715143776,0.0,0.0,0.06203303857571888,0.0,0.0,0.06203303857571888,2,0,0,1,0,0,1,Very Low,6.860991157271567,kidnap_risk
kaliganj,wednesday,night,23.4139,89.1333,0.1558029767017532,0.05193432556725106,0.05193432556725106,0.0,0.05193432556725106,0.0,0.0,3,1,1,0,1,0,0,Very Low,7.337044650526298,murder_risk
kaliganj,wednesday,noon,23.925,90.5667,0.13773251859646113,0.0,0.0,0.13773251859646113,0.0,0.0,0.0,2,0,0,2,0,0,0,Very Low,7.065987778946917,kidnap_risk
kalihati,monday,night,24.383300000000002,90.0083,0.19730871731734523,0.13153914487823015,0.06576957243911508,0.0,0.0,0.0,0.0,3,2,1,0,0,0,0,Very Low,7.959630759760179,murder_risk
kalihati,sunday,morning,24.383300000000002,90.0083,0.17909604146422045,0.0,0.05969868048807348,0.05969868048807348,0.0,0.05969868048807348,0.0,3,0,1,1,0,1,0,Very Low,7.686440621963307,rape_risk
kalihati,sunday,night,24.3833,90.0083,0.2383462552773956,0.09533850211095825,0.0,0.0,0.0,0.0,0.14300775316643735,5,2,0,0,0,0,3,Low,8.575193829160934,assault_risk
kalihati,thursday,evening,24.3833,90.0083,0.15128944285894008,0.0,0.07564472142947004,0.0,0.07564472142947004,0.0,0.0,2,0,1,0,1,0,0,Very Low,7.269341642884101,rape_risk
kalihati,thursday,morning,24.3833,90.0083,0.13401822865447555,0.0,0.0,0.0,0.13401822865447555,0.0,0.0,1,0,0,0,1,0,0,Very Low,7.010273429817133,bodyfound_risk
kalihati,tuesday,morning,24.3833,90.0083,0.1223048517046508,0.0,0.0,0.0,0.1223048517046508,0.0,0.0,1,0,0,0,1,0,0,Very Low,6.834572775569762,bodyfound_risk
kalihati,tuesday,night,24.3833,90.0083,0.15131074141627476,0.0,0.07565537070813738,0.0,0.0,0.0,0.07565537070813738,2,0,1,0,0,0,1,Very Low,7.269661121244122,rape_risk
kalihati,wednesday,night,24.3833,90.0083,0.11988271766981565,0.0,0.11988271766981565,0.0,0.0,0.0,0.0,1,0,1,0,0,0,0,Very Low,6.798240765047234,rape_risk
kalkini,friday,night,23.0667,90.2417,0.14826994799695942,0.0,0.14826994799695942,0.0,0.0,0.0,0.0,1,0,1,0,0,0,0,Very Low,7.2240492199543915,rape_risk
kalkini,saturday,morning,23.0667,90.2417,0.15577494702733471,0.0,0.15577494702733471,0.0,0.0,0.0,0.0,1,0,1,0,0,0,0,Very Low,7.33662420541002,rape_risk
kalkini,sunday,noon,23.0667,90.2417,0.1286427210515116,0.0,0.0,0.0,0.0,0.1286427210515116,0.0,1,0,0,0,0,1,0,Very Low,6.929640815772673,robbery_risk
kalkini,thursday,night,23.0667,90.2417,0.14022477800874883,0.0,0.14022477800874883,0.0,0.0,0.0,0.0,1,0,1,0,0,0,0,Very Low,7.103371670131232,rape_risk
kalkini,tuesday,morning,23.0667,90.2417,0.12936053561143937,0.0,0.0,0.0,0.0,0.0,0.12936053561143937,1,0,0,0,0,0,1,Very Low,6.940408034171591,assault_risk
kalkini,wednesday,morning,23.0667,90.2417,0.1867037728267814,0.0,0.0,0.0,0.1867037728267814,0.0,0.0,2,0,0,0,2,0,0,Very Low,7.800556592401721,bodyfound_risk
kalkini,wednesday,night,23.0667,90.2417,0.13401261079940074,0.0,0.0,0.0,0.13401261079940074,0.0,0.0,1,0,0,0,1,0,0,Very Low,7.010189161991011,bodyfound_risk
kalmakanda,friday,evening,25.0833,90.8917,0.11685858794283066,0.11685858794283066,0.0,0.0,0.0,0.0,0.0,1,1,0,0,0,0,0,Very Low,6.75287881914246,murder_risk
kalmakanda,friday,night,25.083299999999998,90.8917,0.20069669108229862,0.0,0.06689889702743287,0.0,0.0,0.0,0.13379779405486575,3,0,1,0,0,0,2,Low,8.01045036623448,assault_risk
kalmakanda,saturday,afternoon,25.0833,90.8917,0.12291362549313554,0.0,0.12291362549313554,0.0,0.0,0.0,0.0,1,0,1,0,0,0,0,Very Low,6.843704382397033,rape_risk
kalmakanda,saturday,night,25.0833,90.8917,0.15937924820268162,0.07968962410134081,0.0,0.0,0.0,0.0,0.07968962410134081,2,1,0,0,0,0,1,Very Low,7.390688723040224,murder_risk
kalmakanda,saturday,noon,25.0833,90.8917,0.12552649323191195,0.12552649323191195,0.0,0.0,0.0,0.0,0.0,1,1,0,0,0,0,0,Very Low,6.882897398478679,murder_risk
kalmakanda,sunday,morning,25.0833,90.8917,0.09692654722132207,0.0,0.0,0.0,0.0,0.0,0.09692654722132207,1,0,0,0,0,0,1,Very Low,6.453898208319831,assault_risk
kalmakanda,thursday,night,25.0833,90.8917,0.11742067057167738,0.0,0.0,0.0,0.0,0.0,0.11742067057167738,1,0,0,0,0,0,1,Very Low,6.761310058575161,assault_risk
kalmakanda,tuesday,morning,25.0833,90.8917,0.1309627770293794,0.0,0.0,0.0,0.0,0.0,0.1309627770293794,1,0,0,0,0,0,1,Very Low,6.964441655440691,assault_risk
kalmakanda,tuesday,night,25.0833,90.8917,0.13101943189302384,0.13101943189302384,0.0,0.0,0.0,0.0,0.0,1,1,0,0,0,0,0,Very Low,6.965291478395358,murder_risk
kalmakanda,wednesday,morning,25.0833,90.8917,0.11379564929128189,0.0,0.0,0.0,0.0,0.0,0.11379564929128189,1,0,0,0,0,0,1,Very Low,6.7069347393692285,assault_risk
kalukhali,tuesday,night,23.743031,89.510226,0.3860321114349805,0.0,0.0,0.0,0.0,0.3860321114349805,0.0,1,0,0,0,0,1,0,Moderate,10.790481671524708,robbery_risk
kalyanpur,sunday,night,23.777843,90.361078,0.3761415630959653,0.0,0.0,0.0,0.0,0.3761415630959653,0.0,1,0,0,0,0,1,0,Moderate,10.64212344643948,robbery_risk
kalyanpur,thursday,afternoon,23.777843,90.361078,0.4887182978214975,0.24435914891074875,0.0,0.0,0.0,0.24435914891074875,0.0,2,1,0,0,0,1,0,Moderate,12.330774467322463,murder_risk
kamalapur railway station,monday,night,23.732038,90.4257675,0.33564478537093656,0.0,0.0,0.0,0.0,0.0,0.33564478537093656,1,0,0,0,0,0,1,Low,10.034671780564048,assault_risk
kamalapur railway station,saturday,night,23.732038,90.4257675,0.3235485779731459,0.0,0.0,0.0,0.0,0.3235485779731459,0.0,1,0,0,0,0,1,0,Low,9.85322866959719,robbery_risk
kamalapur railway station,tuesday,night,23.732038,90.4257675,0.4059112113586124,0.0,0.0,0.0,0.0,0.2029556056793062,0.2029556056793062,2,0,0,0,0,1,1,Moderate,11.088668170379187,robbery_risk
kamalapur railway station,wednesday,night,23.732038,90.4257675,0.3323044741128648,0.0,0.0,0.0,0.3323044741128648,0.0,0.0,1,0,0,0,1,0,0,Low,9.984567111692972,bodyfound_risk
kamalnagar,friday,evening,22.73,90.88,0.16873213506178636,0.0,0.16873213506178636,0.0,0.0,0.0,0.0,1,0,1,0,0,0,0,Very Low,7.530982025926795,rape_risk
kamalnagar,saturday,night,22.73,90.88,0.15839510942728052,0.0,0.0,0.15839510942728052,0.0,0.0,0.0,1,0,0,1,0,0,0,Very Low,7.375926641409208,kidnap_risk
kamalnagar,tuesday,night,22.73,90.88,0.15669714536998128,0.0,0.0,0.0,0.0,0.15669714536998128,0.0,1,0,0,0,0,1,0,Very Low,7.35045718054972,robbery_risk
kamalnagar,wednesday,night,22.73,90.88,0.23333793713181844,0.11666896856590922,0.0,0.0,0.11666896856590922,0.0,0.0,2,1,0,0,1,0,0,Low,8.500069056977276,murder_risk
kamarkhand,monday,night,24.373646,89.659628,0.24007304531431622,0.12003652265715811,0.0,0.12003652265715811,0.0,0.0,0.0,2,1,0,1,0,0,0,Low,8.601095679714744,murder_risk
kamarkhand,saturday,night,24.373646,89.659628,0.22882096128646812,0.11441048064323406,0.0,0.11441048064323406,0.0,0.0,0.0,2,1,0,1,0,0,0,Low,8.432314419297022,murder_risk
kamarkhand,tuesday,night,24.373646,89.659628,0.15428187153017497,0.0,0.0,0.0,0.0,0.15428187153017497,0.0,1,0,0,0,0,1,0,Very Low,7.314228072952625,robbery_risk
kamolganj,friday,evening,24.3667,91.8667,0.10950865489509475,0.0,0.10950865489509475,0.0,0.0,0.0,0.0,1,0,1,0,0,0,0,Very Low,6.642629823426422,rape_risk
kamolganj,friday,night,24.3667,91.8667,0.1882244095255861,0.04705610238139653,0.04705610238139653,0.0,0.0,0.0,0.09411220476279306,4,1,1,0,0,0,2,Very Low,7.823366142883792,assault_risk
kamolganj,monday,evening,24.3667,91.8667,0.10437695482889695,0.0,0.10437695482889695,0.0,0.0,0.0,0.0,1,0,1,0,0,0,0,Very Low,6.5656543224334545,rape_risk
kamolganj,monday,morning,24.3667,91.8667,0.14618254807083186,0.14618254807083186,0.0,0.0,0.0,0.0,0.0,2,2,0,0,0,0,0,Very Low,7.192738221062478,murder_risk
kamolganj,monday,night,24.3667,91.8667,0.11793936949501756,0.11793936949501756,0.0,0.0,0.0,0.0,0.0,1,1,0,0,0,0,0,Very Low,6.769090542425263,murder_risk
kamolganj,sunday,afternoon,24.3667,91.8667,0.10590678622199025,0.0,0.0,0.0,0.10590678622199025,0.0,0.0,1,0,0,0,1,0,0,Very Low,6.588601793329854,bodyfound_risk
kamolganj,sunday,evening,24.3667,91.8667,0.1093039582089345,0.0,0.1093039582089345,0.0,0.0,0.0,0.0,1,0,1,0,0,0,0,Very Low,6.639559373134017,rape_risk
kamolganj,sunday,night,24.3667,91.8667,0.10924379205389366,0.0,0.10924379205389366,0.0,0.0,0.0,0.0,1,0,1,0,0,0,0,Very Low,6.638656880808405,rape_risk
kamolganj,thursday,afternoon,24.3667,91.8667,0.087254589179446,0.0,0.0,0.0,0.087254589179446,0.0,0.0,1,0,0,0,1,0,0,Very Low,6.30881883769169,bodyfound_risk
kamolganj,thursday,night,24.3667,91.8667,0.13679538316402853,0.0,0.06839769158201427,0.0,0.0,0.06839769158201427,0.0,2,0,1,0,0,1,0,Very Low,7.051930747460428,rape_risk
kamolganj,tuesday,night,24.3667,91.8667,0.11163961875708979,0.0,0.0,0.11163961875708979,0.0,0.0,0.0,1,0,0,1,0,0,0,Very Low,6.674594281356347,kidnap_risk
kamolganj,wednesday,night,24.3667,91.8667,0.1291574023760274,0.0,0.1291574023760274,0.0,0.0,0.0,0.0,2,0,2,0,0,0,0,Very Low,6.937361035640411,rape_risk
kamrangirchar,friday,night,23.784506,90.403409,0.3236477052760008,0.0,0.0,0.0,0.3236477052760008,0.0,0.0,1,0,0,0,1,0,0,Low,9.854715579140013,bodyfound_risk
kamrangirchar,saturday,morning,23.784506,90.403409,0.3087835178440768,0.0,0.0,0.3087835178440768,0.0,0.0,0.0,1,0,0,1,0,0,0,Low,9.631752767661151,kidnap_risk
kamrangirchar,saturday,night,23.784506,90.403409,0.3058534856706928,0.0,0.0,0.0,0.0,0.0,0.3058534856706928,1,0,0,0,0,0,1,Low,9.587802285060391,assault_risk
kamrangirchar,sunday,evening,23.784506,90.403409,0.32539767626107957,0.0,0.0,0.32539767626107957,0.0,0.0,0.0,1,0,0,1,0,0,0,Low,9.880965143916193,kidnap_risk
kamrangirchar,sunday,morning,23.784506,90.403409,0.3558656084132375,0.17793280420661875,0.0,0.0,0.17793280420661875,0.0,0.0,2,1,0,0,1,0,0,Moderate,10.337984126198563,murder_risk
kamrangirchar,tuesday,night,23.784506,90.403409,0.31178623702833813,0.0,0.31178623702833813,0.0,0.0,0.0,0.0,1,0,1,0,0,0,0,Low,9.676793555425071,rape_risk
kamrangirchar,wednesday,afternoon,23.784506,90.403409,0.31697850817328543,0.0,0.0,0.0,0.31697850817328543,0.0,0.0,1,0,0,0,1,0,0,Low,9.754677622599282,bodyfound_risk
kamrangirchar,wednesday,night,23.784506,90.403409,0.2985202600677769,0.0,0.0,0.0,0.2985202600677769,0.0,0.0,1,0,0,0,1,0,0,Low,9.477803901016653,bodyfound_risk
kanaighat,friday,noon,25.0166,92.2472,0.24821762149231685,0.24821762149231685,0.0,0.0,0.0,0.0,0.0,1,1,0,0,0,0,0,Low,8.723264322384754,murder_risk
kanaighat,wednesday,noon,25.0166,92.2472,0.25883504913105654,0.0,0.0,0.0,0.25883504913105654,0.0,0.0,1,0,0,0,1,0,0,Low,8.882525736965848,bodyfound_risk
kapasia,friday,afternoon,24.1,90.57,0.13699824921421994,0.0,0.13699824921421994,0.0,0.0,0.0,0.0,1,0,1,0,0,0,0,Very Low,7.054973738213299,rape_risk
kapasia,friday,evening,24.1,90.57,0.1379960433437346,0.0,0.1379960433437346,0.0,0.0,0.0,0.0,1,0,1,0,0,0,0,Very Low,7.069940650156019,rape_risk
kapasia,monday,morning,24.1,90.57,0.1605450850237491,0.08027254251187455,0.0,0.0,0.08027254251187455,0.0,0.0,2,1,0,0,1,0,0,Very Low,7.408176275356237,murder_risk
kapasia,monday,night,24.1,90.57,0.12154642738536593,0.0,0.0,0.0,0.0,0.0,0.12154642738536593,1,0,0,0,0,0,1,Very Low,6.823196410780489,assault_risk
kapasia,saturday,afternoon,24.1,90.57,0.14203611053831217,0.14203611053831217,0.0,0.0,0.0,0.0,0.0,1,1,0,0,0,0,0,Very Low,7.130541658074682,murder_risk
kapasia,saturday,night,24.1,90.57,0.1350892200739846,0.0,0.0,0.0,0.0,0.0,0.1350892200739846,1,0,0,0,0,0,1,Very Low,7.026338301109769,assault_risk
kapasia,sunday,morning,24.1,90.57,0.15047842868425543,0.0,0.15047842868425543,0.0,0.0,0.0,0.0,1,0,1,0,0,0,0,Very Low,7.257176430263831,rape_risk
kapasia,thursday,night,24.1,90.57,0.17902901298019713,0.08951450649009857,0.08951450649009857,0.0,0.0,0.0,0.0,2,1,1,0,0,0,0,Very Low,7.685435194702957,murder_risk
kapasia,tuesday,morning,24.100000000000005,90.57,0.19495504703653166,0.0,0.0,0.0,0.06498501567884388,0.0,0.12997003135768775,3,0,0,0,1,0,2,Very Low,7.924325705547975,assault_risk
kaptai,monday,morning,22.5,92.2167,0.1950032587797751,0.0,0.0,0.1950032587797751,0.0,0.0,0.0,1,0,0,1,0,0,0,Very Low,7.925048881696626,kidnap_risk
kaptai,saturday,morning,22.5,92.2167,0.1933046811773786,0.0,0.1933046811773786,0.0,0.0,0.0,0.0,1,0,1,0,0,0,0,Very Low,7.8995702176606795,rape_risk
kaptai,tuesday,morning,22.5,92.2167,0.18939279261351533,0.18939279261351533,0.0,0.0,0.0,0.0,0.0,1,1,0,0,0,0,0,Very Low,7.84089188920273,murder_risk
kaptan bazar,thursday,night,23.72294,90.413688,0.5868052888947675,0.0,0.0,0.0,0.0,0.0,0.5868052888947675,1,0,0,0,0,0,1,High,13.802079333421512,assault_risk
karail,friday,night,23.737146,90.410583,0.5787375875145335,0.5787375875145335,0.0,0.0,0.0,0.0,0.0,1,1,0,0,0,0,0,High,13.681063812718003,murder_risk
karimgonj,friday,noon,24.458299999999998,90.8833,0.3014029843944409,0.20093532292962726,0.0,0.0,0.10046766146481363,0.0,0.0,3,2,0,0,1,0,0,Low,9.521044765916614,murder_risk
karimgonj,saturday,night,24.4583,90.8833,0.15550588630903944,0.0,0.0,0.0,0.0,0.0,0.15550588630903944,1,0,0,0,0,0,1,Very Low,7.332588294635592,assault_risk
karimgonj,tuesday,morning,24.4583,90.8833,0.1580270906222932,0.0,0.0,0.0,0.1580270906222932,0.0,0.0,1,0,0,0,1,0,0,Very Low,7.370406359334398,bodyfound_risk
karnafuli,saturday,night,22.31667,91.81667,0.21582645992277588,0.0,0.21582645992277588,0.0,0.0,0.0,0.0,1,0,1,0,0,0,0,Low,8.237396898841638,rape_risk
karnafuli,sunday,night,22.31667,91.81667,0.2057038722414417,0.2057038722414417,0.0,0.0,0.0,0.0,0.0,1,1,0,0,0,0,0,Low,8.085558083621626,murder_risk
karnafuli,wednesday,afternoon,22.31667,91.81667,0.20244889722436826,0.0,0.0,0.0,0.20244889722436826,0.0,0.0,1,0,0,0,1,0,0,Low,8.036733458365525,bodyfound_risk
karnafuli,wednesday,night,22.31667,91.81667,0.2576239774253626,0.0,0.1288119887126813,0.0,0.1288119887126813,0.0,0.0,2,0,1,0,1,0,0,Low,8.864359661380439,rape_risk
karnafuli,wednesday,noon,22.31667,91.81667,0.20316518650140541,0.0,0.0,0.0,0.0,0.0,0.20316518650140541,1,0,0,0,0,0,1,Low,8.047477797521081,assault_risk
karwan bazar,friday,noon,23.750949,90.393367,0.35087766702869816,0.0,0.0,0.35087766702869816,0.0,0.0,0.0,1,0,0,1,0,0,0,Moderate,10.263165005430473,kidnap_risk
karwan bazar,monday,morning,23.750949,90.393367,0.36516096491376504,0.0,0.0,0.0,0.36516096491376504,0.0,0.0,1,0,0,0,1,0,0,Moderate,10.477414473706474,bodyfound_risk
karwan bazar,saturday,afternoon,23.750949,90.393367,0.3481949017904689,0.0,0.0,0.0,0.3481949017904689,0.0,0.0,1,0,0,0,1,0,0,Low,10.222923526857034,bodyfound_risk
karwan bazar,sunday,morning,23.750949,90.393367,0.3653786032720087,0.0,0.0,0.3653786032720087,0.0,0.0,0.0,1,0,0,1,0,0,0,Moderate,10.48067904908013,kidnap_risk
kasba,friday,night,23.759377,91.143823,0.1511647327299673,0.07558236636498365,0.0,0.07558236636498365,0.0,0.0,0.0,2,1,0,1,0,0,0,Very Low,7.267470990949509,murder_risk
kasba,monday,night,23.759377,91.143823,0.24869769617407161,0.12434884808703581,0.062174424043517904,0.0,0.0,0.062174424043517904,0.0,4,2,1,0,0,1,0,Low,8.730465442611074,murder_risk
kasba,sunday,night,23.759377,91.143823,0.11980558293504937,0.11980558293504937,0.0,0.0,0.0,0.0,0.0,1,1,0,0,0,0,0,Very Low,6.79708374402574,murder_risk
kasba,thursday,night,23.759377,91.143823,0.16181671232977374,0.08090835616488687,0.0,0.0,0.08090835616488687,0.0,0.0,2,1,0,0,1,0,0,Very Low,7.427250684946606,murder_risk
kasba,tuesday,morning,23.759377,91.143823,0.15072986951361844,0.15072986951361844,0.0,0.0,0.0,0.0,0.0,2,2,0,0,0,0,0,Very Low,7.2609480427042765,murder_risk
kasba,tuesday,night,23.759377,91.143823,0.13128359462200806,0.0,0.13128359462200806,0.0,0.0,0.0,0.0,1,0,1,0,0,0,0,Very Low,6.969253919330121,rape_risk
kashiani,monday,morning,23.2167,89.7,0.18079684824666073,0.18079684824666073,0.0,0.0,0.0,0.0,0.0,1,1,0,0,0,0,0,Very Low,7.711952723699911,murder_risk
kashiani,tuesday,morning,23.2167,89.7,0.1803079557236319,0.1803079557236319,0.0,0.0,0.0,0.0,0.0,1,1,0,0,0,0,0,Very Low,7.704619335854479,murder_risk
kashiani,wednesday,night,23.2167,89.7,0.2656260239931369,0.13281301199656845,0.0,0.0,0.13281301199656845,0.0,0.0,2,1,0,0,1,0,0,Low,8.984390359897054,murder_risk
kathalbagan,sunday,night,23.784506,90.403409,0.5790333662550344,0.0,0.0,0.0,0.5790333662550344,0.0,0.0,1,0,0,0,1,0,0,High,13.685500493825517,bodyfound_risk
kathalia,friday,morning,22.4,90.125,0.16984642841445557,0.0,0.0,0.0,0.16984642841445557,0.0,0.0,1,0,0,0,1,0,0,Very Low,7.547696426216834,bodyfound_risk
kathalia,monday,morning,22.4,90.125,0.16314915314860762,0.0,0.0,0.0,0.16314915314860762,0.0,0.0,1,0,0,0,1,0,0,Very Low,7.447237297229114,bodyfound_risk
kathalia,saturday,night,22.4,90.125,0.15354265630520997,0.0,0.0,0.0,0.0,0.15354265630520997,0.0,1,0,0,0,0,1,0,Very Low,7.3031398445781495,robbery_risk
kathalia,tuesday,afternoon,22.4,90.125,0.1631543197286202,0.1631543197286202,0.0,0.0,0.0,0.0,0.0,1,1,0,0,0,0,0,Very Low,7.447314795929303,murder_risk
kathalia,wednesday,evening,22.4,90.125,0.16322917074936713,0.16322917074936713,0.0,0.0,0.0,0.0,0.0,1,1,0,0,0,0,0,Very Low,7.448437561240507,murder_risk
katiadi,friday,night,24.25,90.7917,0.20130613779432868,0.20130613779432868,0.0,0.0,0.0,0.0,0.0,1,1,0,0,0,0,0,Low,8.01959206691493,murder_risk
katiadi,sunday,noon,24.25,90.7917,0.19683729244725984,0.0,0.0,0.0,0.0,0.0,0.19683729244725984,1,0,0,0,0,0,1,Very Low,7.952559386708898,assault_risk
katiadi,wednesday,night,24.25,90.7917,0.20515498941496912,0.20515498941496912,0.0,0.0,0.0,0.0,0.0,1,1,0,0,0,0,0,Low,8.077324841224538,murder_risk
kaunia,friday,night,25.7708,89.4167,0.14025922212701306,0.14025922212701306,0.0,0.0,0.0,0.0,0.0,1,1,0,0,0,0,0,Very Low,7.103888331905196,murder_risk
kaunia,monday,night,25.7708,89.4167,0.13963780175623952,0.0,0.0,0.0,0.13963780175623952,0.0,0.0,1,0,0,0,1,0,0,Very Low,7.094567026343593,bodyfound_risk
kaunia,saturday,night,25.7708,89.4167,0.14333317591288736,0.0,0.0,0.0,0.14333317591288736,0.0,0.0,1,0,0,0,1,0,0,Very Low,7.149997638693311,bodyfound_risk
kaunia,thursday,afternoon,25.7708,89.4167,0.13208879758654857,0.0,0.0,0.0,0.13208879758654857,0.0,0.0,1,0,0,0,1,0,0,Very Low,6.981331963798229,bodyfound_risk
kaunia,thursday,evening,25.7708,89.4167,0.1404777285108048,0.0,0.0,0.1404777285108048,0.0,0.0,0.0,1,0,0,1,0,0,0,Very Low,7.107165927662072,kidnap_risk
kaunia,tuesday,afternoon,25.7708,89.4167,0.13544514557254123,0.0,0.0,0.13544514557254123,0.0,0.0,0.0,1,0,0,1,0,0,0,Very Low,7.031677183588118,kidnap_risk
kaunia,wednesday,night,25.7708,89.4167,0.13795266388389443,0.0,0.13795266388389443,0.0,0.0,0.0,0.0,1,0,1,0,0,0,0,Very Low,7.069289958258416,rape_risk
kawkhali,saturday,evening,22.5333,92.0167,0.1165883674128845,0.0,0.1165883674128845,0.0,0.0,0.0,0.0,1,0,1,0,0,0,0,Very Low,6.748825511193267,rape_risk
kawkhali,sunday,morning,22.62,90.07,0.13310425432357226,0.0,0.13310425432357226,0.0,0.0,0.0,0.0,1,0,1,0,0,0,0,Very Low,6.996563814853584,rape_risk
kawkhali,sunday,night,22.62,90.07,0.13183984262125756,0.0,0.13183984262125756,0.0,0.0,0.0,0.0,1,0,1,0,0,0,0,Very Low,6.977597639318864,rape_risk
kawkhali,thursday,afternoon,22.62,90.07,0.14228657470404732,0.0,0.0,0.0,0.14228657470404732,0.0,0.0,1,0,0,0,1,0,0,Very Low,7.13429862056071,bodyfound_risk
kawkhali,thursday,night,22.62,90.07,0.1285772197442264,0.0,0.1285772197442264,0.0,0.0,0.0,0.0,1,0,1,0,0,0,0,Very Low,6.9286582961633965,rape_risk
kawkhali,wednesday,afternoon,22.62,90.07,0.13076917466606064,0.0,0.0,0.0,0.13076917466606064,0.0,0.0,1,0,0,0,1,0,0,Very Low,6.96153761999091,bodyfound_risk
kawkhali,wednesday,morning,22.62,90.07,0.17144803980235893,0.0,0.0,0.17144803980235893,0.0,0.0,0.0,2,0,0,2,0,0,0,Very Low,7.571720597035384,kidnap_risk
kazipur,wednesday,afternoon,24.6417,89.65,0.4194919590905582,0.4194919590905582,0.0,0.0,0.0,0.0,0.0,1,1,0,0,0,0,0,Moderate,11.292379386358373,murder_risk
kendua,saturday,morning,24.65,90.8417,0.1258830836873393,0.0,0.0,0.0,0.1258830836873393,0.0,0.0,1,0,0,0,1,0,0,Very Low,6.88824625531009,bodyfound_risk
kendua,saturday,noon,24.65,90.8417,0.16135841775434018,0.0,0.0,0.0,0.16135841775434018,0.0,0.0,1,0,0,0,1,0,0,Very Low,7.4203762663151025,bodyfound_risk
kendua,thursday,night,24.65,90.8417,0.2172757504464254,0.2172757504464254,0.0,0.0,0.0,0.0,0.0,2,2,0,0,0,0,0,Low,8.259136256696381,murder_risk
kendua,tuesday,evening,24.65,90.8417,0.14583475785646677,0.0,0.0,0.0,0.0,0.0,0.14583475785646677,1,0,0,0,0,0,1,Very Low,7.187521367847001,assault_risk
kendua,tuesday,morning,24.65,90.8417,0.13911337890293202,0.0,0.0,0.13911337890293202,0.0,0.0,0.0,1,0,0,1,0,0,0,Very Low,7.08670068354398,kidnap_risk
keraniganj,friday,noon,23.68333,90.33333,0.15326789120637963,0.0,0.0,0.07663394560318981,0.07663394560318981,0.0,0.0,2,0,0,1,1,0,0,Very Low,7.299018368095695,kidnap_risk
keraniganj,monday,morning,23.68333,90.33333,0.1537191871246945,0.07685959356234726,0.0,0.07685959356234726,0.0,0.0,0.0,2,1,0,1,0,0,0,Very Low,7.305787806870418,murder_risk
keraniganj,monday,noon,23.68333,90.33333,0.126091132376536,0.0,0.0,0.0,0.126091132376536,0.0,0.0,1,0,0,0,1,0,0,Very Low,6.89136698564804,bodyfound_risk
keraniganj,saturday,evening,23.68333,90.33333,0.13875948039760946,0.0,0.0,0.0,0.13875948039760946,0.0,0.0,1,0,0,0,1,0,0,Very Low,7.081392205964142,bodyfound_risk
keraniganj,saturday,morning,23.68333,90.33333,0.1311793488929358,0.0,0.0,0.1311793488929358,0.0,0.0,0.0,1,0,0,1,0,0,0,Very Low,6.967690233394038,kidnap_risk
keraniganj,sunday,morning,23.68333,90.33333,0.12163948968658989,0.0,0.0,0.0,0.12163948968658989,0.0,0.0,1,0,0,0,1,0,0,Very Low,6.824592345298848,bodyfound_risk
keraniganj,sunday,night,23.68333,90.33333,0.13191679069185486,0.0,0.13191679069185486,0.0,0.0,0.0,0.0,1,0,1,0,0,0,0,Very Low,6.978751860377823,rape_risk
keraniganj,sunday,noon,23.68333,90.33333,0.14000719264698414,0.0,0.0,0.0,0.14000719264698414,0.0,0.0,1,0,0,0,1,0,0,Very Low,7.100107889704762,bodyfound_risk
keraniganj,thursday,night,23.68333,90.33333,0.12577182257319658,0.0,0.0,0.0,0.0,0.0,0.12577182257319658,1,0,0,0,0,0,1,Very Low,6.886577338597949,assault_risk
keraniganj,tuesday,afternoon,23.68333,90.33333,0.12686162262353795,0.0,0.0,0.0,0.12686162262353795,0.0,0.0,1,0,0,0,1,0,0,Very Low,6.902924339353069,bodyfound_risk
keraniganj,tuesday,morning,23.68333,90.33333,0.12735836802704253,0.0,0.0,0.0,0.12735836802704253,0.0,0.0,1,0,0,0,1,0,0,Very Low,6.910375520405638,bodyfound_risk
keraniganj,wednesday,afternoon,23.68333,90.33333,0.13317522107150964,0.0,0.13317522107150964,0.0,0.0,0.0,0.0,1,0,1,0,0,0,0,Very Low,6.997628316072644,rape_risk
keraniganj,wednesday,morning,23.68333,90.33333,0.1307947250189338,0.0,0.0,0.0,0.1307947250189338,0.0,0.0,1,0,0,0,1,0,0,Very Low,6.961920875284007,bodyfound_risk
keraniganj,wednesday,night,23.68333,90.33333,0.12464428719578492,0.0,0.0,0.0,0.0,0.12464428719578492,0.0,1,0,0,0,0,1,0,Very Low,6.869664307936774,robbery_risk
keshabpur,friday,morning,22.870267,89.237263,0.13769894808207223,0.13769894808207223,0.0,0.0,0.0,0.0,0.0,1,1,0,0,0,0,0,Very Low,7.065484221231083,murder_risk
keshabpur,friday,night,22.870267,89.237263,0.1638452201923478,0.0,0.1638452201923478,0.0,0.0,0.0,0.0,2,0,2,0,0,0,0,Very Low,7.457678302885217,rape_risk
keshabpur,monday,morning,22.870267,89.237263,0.16548964026315327,0.0,0.0,0.08274482013157664,0.08274482013157664,0.0,0.0,2,0,0,1,1,0,0,Very Low,7.482344603947299,kidnap_risk
keshabpur,sunday,morning,22.870267,89.237263,0.20035516157821387,0.13357010771880923,0.0,0.0,0.06678505385940461,0.0,0.0,3,2,0,0,1,0,0,Low,8.005327423673208,murder_risk
keshabpur,sunday,night,22.870267,89.237263,0.12251512607338054,0.0,0.0,0.0,0.0,0.12251512607338054,0.0,1,0,0,0,0,1,0,Very Low,6.837726891100708,robbery_risk
keshabpur,thursday,night,22.870267,89.237263,0.21897172427946626,0.21897172427946626,0.0,0.0,0.0,0.0,0.0,3,3,0,0,0,0,0,Low,8.284575864191993,murder_risk
keshabpur,tuesday,night,22.870267,89.237263,0.13866960482604296,0.0,0.13866960482604296,0.0,0.0,0.0,0.0,1,0,1,0,0,0,0,Very Low,7.080044072390645,rape_risk
keshabpur,wednesday,night,22.870267,89.237263,0.12896008635269623,0.0,0.12896008635269623,0.0,0.0,0.0,0.0,1,0,1,0,0,0,0,Very Low,6.934401295290444,rape_risk
khagrachhari sadar,friday,night,23.0417,91.9944,0.09363147526967387,0.09363147526967387,0.0,0.0,0.0,0.0,0.0,1,1,0,0,0,0,0,Very Low,6.404472129045108,murder_risk
khagrachhari sadar,monday,afternoon,23.0417,91.9944,0.11650820989036592,0.11650820989036592,0.0,0.0,0.0,0.0,0.0,1,1,0,0,0,0,0,Very Low,6.747623148355489,murder_risk
khagrachhari sadar,monday,night,23.0417,91.9944,0.12334449504643949,0.0,0.061672247523219745,0.0,0.061672247523219745,0.0,0.0,2,0,1,0,1,0,0,Very Low,6.8501674256965925,rape_risk
khagrachhari sadar,saturday,morning,23.0417,91.9944,0.13559545847051835,0.0,0.0,0.13559545847051835,0.0,0.0,0.0,2,0,0,2,0,0,0,Very Low,7.033931877057775,kidnap_risk
khagrachhari sadar,sunday,morning,23.0417,91.9944,0.136130302238644,0.0,0.0,0.068065151119322,0.0,0.0,0.068065151119322,2,0,0,1,0,0,1,Very Low,7.04195453357966,kidnap_risk
khagrachhari sadar,sunday,night,23.0417,91.9944,0.11590718899351926,0.11590718899351926,0.0,0.0,0.0,0.0,0.0,1,1,0,0,0,0,0,Very Low,6.738607834902789,murder_risk
khagrachhari sadar,thursday,evening,23.0417,91.9944,0.11553445182752278,0.0,0.11553445182752278,0.0,0.0,0.0,0.0,1,0,1,0,0,0,0,Very Low,6.733016777412842,rape_risk
khagrachhari sadar,thursday,night,23.0417,91.9944,0.10655095457967548,0.10655095457967548,0.0,0.0,0.0,0.0,0.0,1,1,0,0,0,0,0,Very Low,6.598264318695132,murder_risk
khagrachhari sadar,tuesday,morning,23.0417,91.9944,0.11494962743641776,0.0,0.0,0.11494962743641776,0.0,0.0,0.0,1,0,0,1,0,0,0,Very Low,6.724244411546266,kidnap_risk
khagrachhari sadar,wednesday,morning,23.0417,91.9944,0.12908148331712974,0.06454074165856487,0.06454074165856487,0.0,0.0,0.0,0.0,2,1,1,0,0,0,0,Very Low,6.936222249756947,murder_risk
khalek market,monday,noon,23.7537165,90.392516,0.5920400094495116,0.0,0.0,0.5920400094495116,0.0,0.0,0.0,1,0,0,1,0,0,0,High,13.880600141742674,kidnap_risk
khaliajuri,friday,noon,24.7,91.125,0.22488304528547648,0.0,0.22488304528547648,0.0,0.0,0.0,0.0,2,0,2,0,0,0,0,Low,8.373245679282148,rape_risk
khaliajuri,monday,night,24.7,91.125,0.14986228091779685,0.0,0.14986228091779685,0.0,0.0,0.0,0.0,1,0,1,0,0,0,0,Very Low,7.247934213766953,rape_risk
khaliajuri,tuesday,morning,24.7,91.125,0.14787245855269965,0.0,0.0,0.0,0.14787245855269965,0.0,0.0,1,0,0,0,1,0,0,Very Low,7.218086878290494,bodyfound_risk
khaliajuri,tuesday,night,24.7,91.125,0.14911863781056106,0.14911863781056106,0.0,0.0,0.0,0.0,0.0,1,1,0,0,0,0,0,Very Low,7.2367795671584165,murder_risk
khamarbari,monday,evening,23.759041,90.388041,0.5717905607351095,0.0,0.0,0.0,0.0,0.0,0.5717905607351095,1,0,0,0,0,0,1,High,13.576858411026642,assault_risk
khansama,monday,morning,25.9278,88.7333,0.13046373191733887,0.0,0.0,0.13046373191733887,0.0,0.0,0.0,1,0,0,1,0,0,0,Very Low,6.956955978760083,kidnap_risk
khansama,monday,night,25.9278,88.7333,0.11432340247657237,0.0,0.0,0.0,0.0,0.0,0.11432340247657237,1,0,0,0,0,0,1,Very Low,6.714851037148586,assault_risk
khansama,saturday,morning,25.9278,88.7333,0.16058370555726798,0.0,0.0,0.16058370555726798,0.0,0.0,0.0,2,0,0,2,0,0,0,Very Low,7.408755583359019,kidnap_risk
khansama,sunday,morning,25.9278,88.7333,0.1570837495520658,0.0785418747760329,0.0,0.0785418747760329,0.0,0.0,0.0,2,1,0,1,0,0,0,Very Low,7.356256243280987,murder_risk
khansama,sunday,night,25.9278,88.7333,0.12958984972460488,0.0,0.12958984972460488,0.0,0.0,0.0,0.0,1,0,1,0,0,0,0,Very Low,6.943847745869073,rape_risk
khansama,thursday,morning,25.9278,88.7333,0.19589516691276687,0.0,0.0,0.06529838897092229,0.13059677794184457,0.0,0.0,3,0,0,1,2,0,0,Very Low,7.9384275036915035,bodyfound_risk
khansama,tuesday,morning,25.9278,88.7333,0.16829805152634167,0.0,0.0,0.08414902576317083,0.08414902576317083,0.0,0.0,2,0,0,1,1,0,0,Very Low,7.524470772895125,kidnap_risk
khansama,wednesday,night,25.9278,88.7333,0.10367649596049938,0.0,0.0,0.0,0.0,0.0,0.10367649596049938,1,0,0,0,0,0,1,Very Low,6.555147439407491,assault_risk
khetlal,saturday,morning,25.025,89.13333,0.16567332375779312,0.0,0.0,0.16567332375779312,0.0,0.0,0.0,1,0,0,1,0,0,0,Very Low,7.485099856366897,kidnap_risk
khetlal,thursday,morning,25.025,89.13333,0.16605334242424474,0.0,0.0,0.16605334242424474,0.0,0.0,0.0,1,0,0,1,0,0,0,Very Low,7.490800136363671,kidnap_risk
khetlal,thursday,noon,25.025,89.13333,0.16846876881266792,0.0,0.0,0.0,0.16846876881266792,0.0,0.0,1,0,0,0,1,0,0,Very Low,7.527031532190019,bodyfound_risk
khetlal,wednesday,night,25.025,89.13333,0.16951947302140882,0.16951947302140882,0.0,0.0,0.0,0.0,0.0,1,1,0,0,0,0,0,Very Low,7.542792095321133,murder_risk
khilgaon,friday,evening,23.752027,90.421808,0.29384186066041296,0.29384186066041296,0.0,0.0,0.0,0.0,0.0,1,1,0,0,0,0,0,Low,9.407627909906195,murder_risk
khilgaon,friday,morning,23.752027,90.421808,0.3224018647727789,0.16120093238638944,0.0,0.0,0.16120093238638944,0.0,0.0,2,1,0,0,1,0,0,Low,9.836027971591683,murder_risk
khilgaon,monday,afternoon,23.752027,90.421808,0.2832142263550378,0.0,0.0,0.0,0.2832142263550378,0.0,0.0,1,0,0,0,1,0,0,Low,9.248213395325568,bodyfound_risk
khilgaon,monday,morning,23.752027,90.421808,0.28347937259099304,0.0,0.0,0.0,0.28347937259099304,0.0,0.0,1,0,0,0,1,0,0,Low,9.252190588864895,bodyfound_risk
khilgaon,monday,night,23.752027,90.421808,0.2883950703648891,0.0,0.2883950703648891,0.0,0.0,0.0,0.0,1,0,1,0,0,0,0,Low,9.325926055473335,rape_risk
khilgaon,sunday,morning,23.752027,90.421808,0.30906178385408245,0.0,0.0,0.0,0.15453089192704123,0.15453089192704123,0.0,2,0,0,0,1,1,0,Low,9.635926757811237,bodyfound_risk
khilgaon,sunday,night,23.752027,90.421808,0.28797479335816023,0.0,0.0,0.0,0.28797479335816023,0.0,0.0,1,0,0,0,1,0,0,Low,9.319621900372404,bodyfound_risk
khilgaon,thursday,night,23.752027,90.421808,0.33856530326660295,0.11285510108886765,0.11285510108886765,0.0,0.0,0.0,0.11285510108886765,3,1,1,0,0,0,1,Low,10.078479548999045,murder_risk
khilgaon,thursday,noon,23.752027,90.421808,0.29129813843789587,0.0,0.0,0.0,0.29129813843789587,0.0,0.0,1,0,0,0,1,0,0,Low,9.369472076568439,bodyfound_risk
khilgaon,tuesday,evening,23.752027,90.421808,0.2992725169594735,0.0,0.2992725169594735,0.0,0.0,0.0,0.0,2,0,2,0,0,0,0,Low,9.489087754392102,rape_risk
khilgaon,tuesday,night,23.752027,90.42180799999998,0.4508165350209242,0.0,0.3220118107292316,0.06440236214584631,0.06440236214584631,0.0,0.0,7,0,5,1,1,0,0,Moderate,11.762248025313863,rape_risk
khilgaon,tuesday,noon,23.752027,90.421808,0.2891220474525201,0.0,0.0,0.0,0.0,0.2891220474525201,0.0,1,0,0,0,0,1,0,Low,9.336830711787801,robbery_risk
khilgaon,wednesday,morning,23.752027,90.421808,0.2877731332660329,0.0,0.0,0.0,0.0,0.0,0.2877731332660329,1,0,0,0,0,0,1,Low,9.316596998990494,assault_risk
khilgaon,wednesday,night,23.752027,90.421808,0.3434019800469845,0.0,0.22893465336465635,0.0,0.0,0.11446732668232817,0.0,3,0,2,0,0,1,0,Low,10.151029700704768,rape_risk
khilkhet,friday,night,23.834376,90.445713,0.31565539268968595,0.0,0.0,0.0,0.31565539268968595,0.0,0.0,1,0,0,0,1,0,0,Low,9.73483089034529,bodyfound_risk
khilkhet,saturday,morning,23.834376,90.445713,0.31389736219452935,0.0,0.0,0.0,0.0,0.0,0.31389736219452935,1,0,0,0,0,0,1,Low,9.70846043291794,assault_risk
khilkhet,sunday,morning,23.834376,90.445713,0.3207457769731087,0.0,0.0,0.0,0.3207457769731087,0.0,0.0,1,0,0,0,1,0,0,Low,9.81118665459663,bodyfound_risk
khilkhet,thursday,morning,23.834376,90.445713,0.3096957670518379,0.0,0.0,0.0,0.3096957670518379,0.0,0.0,1,0,0,0,1,0,0,Low,9.645436505777568,bodyfound_risk
khilkhet,thursday,night,23.834376000000002,90.445713,0.42587060596026377,0.0,0.0,0.14195686865342125,0.14195686865342125,0.14195686865342125,0.0,3,0,0,1,1,1,0,Moderate,11.388059089403956,kidnap_risk
khoksa,monday,morning,23.8,89.2833,0.1364845706174707,0.0,0.0,0.0,0.0,0.0,0.1364845706174707,1,0,0,0,0,0,1,Very Low,7.0472685592620605,assault_risk
khoksa,monday,night,23.8,89.2833,0.13653186247760676,0.0,0.13653186247760676,0.0,0.0,0.0,0.0,1,0,1,0,0,0,0,Very Low,7.047977937164101,rape_risk
khoksa,thursday,night,23.8,89.2833,0.19098357815776412,0.0,0.19098357815776412,0.0,0.0,0.0,0.0,2,0,2,0,0,0,0,Very Low,7.8647536723664615,rape_risk
khoksa,tuesday,evening,23.8,89.2833,0.1485838297027398,0.0,0.1485838297027398,0.0,0.0,0.0,0.0,1,0,1,0,0,0,0,Very Low,7.228757445541097,rape_risk
khoksa,wednesday,night,23.8,89.2833,0.15040271197878669,0.0,0.15040271197878669,0.0,0.0,0.0,0.0,1,0,1,0,0,0,0,Very Low,7.2560406796818,rape_risk
khulna city,friday,night,22.821424,89.553008,0.2791247216177009,0.07974992046220025,0.11962488069330038,0.0,0.0,0.07974992046220025,0.0,7,2,3,0,0,2,0,Low,9.186870824265513,rape_risk
khulna city,monday,morning,22.821424,89.553008,0.15840809678114431,0.0,0.0,0.0,0.15840809678114431,0.0,0.0,2,0,0,0,2,0,0,Very Low,7.3761214517171645,bodyfound_risk
khulna city,monday,night,22.821424,89.553008,0.15956949716363547,0.0,0.07978474858181774,0.0,0.0,0.07978474858181774,0.0,2,0,1,0,0,1,0,Very Low,7.393542457454532,rape_risk
khulna city,saturday,morning,22.821424,89.553008,0.14384506358686133,0.14384506358686133,0.0,0.0,0.0,0.0,0.0,1,1,0,0,0,0,0,Very Low,7.15767595380292,murder_risk
khulna city,saturday,night,22.821424,89.553008,0.1624981040254835,0.1624981040254835,0.0,0.0,0.0,0.0,0.0,2,2,0,0,0,0,0,Very Low,7.437471560382253,murder_risk
khulna city,sunday,night,22.821423999999997,89.55300800000002,0.1769436742296458,0.0,0.11796244948643053,0.0,0.0,0.058981224743215266,0.0,3,0,2,0,0,1,0,Very Low,7.654155113444687,rape_risk
khulna city,thursday,night,22.821424,89.553008,0.18310870995621187,0.04577717748905297,0.0,0.0,0.0,0.04577717748905297,0.09155435497810593,4,1,0,0,0,1,2,Very Low,7.746630649343178,assault_risk
khulna city,tuesday,morning,22.821424,89.553008,0.13330453942258647,0.13330453942258647,0.0,0.0,0.0,0.0,0.0,1,1,0,0,0,0,0,Very Low,6.999568091338797,murder_risk
khulna city,tuesday,night,22.821424,89.553008,0.20929870542107554,0.10464935271053777,0.10464935271053777,0.0,0.0,0.0,0.0,4,2,2,0,0,0,0,Low,8.139480581316132,murder_risk
khulna city,tuesday,noon,22.821424,89.553008,0.12419268846984452,0.0,0.0,0.0,0.0,0.0,0.12419268846984452,1,0,0,0,0,0,1,Very Low,6.862890327047667,assault_risk
khulna city,wednesday,morning,22.821424,89.553008,0.12712879406023198,0.0,0.0,0.0,0.12712879406023198,0.0,0.0,1,0,0,0,1,0,0,Very Low,6.90693191090348,bodyfound_risk
khulna city,wednesday,night,22.821424,89.553008,0.216429124522966,0.108214562261483,0.108214562261483,0.0,0.0,0.0,0.0,4,2,2,0,0,0,0,Low,8.24643686784449,murder_risk
kishoreganj sadar,friday,morning,24.4333,90.7833,0.13060517451398707,0.0,0.0,0.0,0.13060517451398707,0.0,0.0,1,0,0,0,1,0,0,Very Low,6.959077617709806,bodyfound_risk
kishoreganj sadar,monday,night,24.4333,90.7833,0.15218051671132254,0.15218051671132254,0.0,0.0,0.0,0.0,0.0,2,2,0,0,0,0,0,Very Low,7.282707750669838,murder_risk
kishoreganj sadar,saturday,noon,24.4333,90.7833,0.12618308019134897,0.12618308019134897,0.0,0.0,0.0,0.0,0.0,1,1,0,0,0,0,0,Very Low,6.892746202870234,murder_risk
kishoreganj sadar,sunday,morning,24.4333,90.7833,0.15423556912050945,0.0,0.07711778456025473,0.0,0.0,0.0,0.07711778456025473,2,0,1,0,0,0,1,Very Low,7.3135335368076415,rape_risk
kishoreganj sadar,thursday,evening,24.4333,90.7833,0.08726147518456795,0.08726147518456795,0.0,0.0,0.0,0.0,0.0,1,1,0,0,0,0,0,Very Low,6.308922127768519,murder_risk
kishoreganj sadar,thursday,morning,24.4333,90.7833,0.1356055731793399,0.0,0.0,0.0,0.1356055731793399,0.0,0.0,1,0,0,0,1,0,0,Very Low,7.034083597690099,bodyfound_risk
kishoreganj sadar,tuesday,morning,24.4333,90.7833,0.16598565042773994,0.16598565042773994,0.0,0.0,0.0,0.0,0.0,2,2,0,0,0,0,0,Very Low,7.489784756416099,murder_risk
kishoreganj sadar,wednesday,night,24.4333,90.7833,0.1316557483549329,0.1316557483549329,0.0,0.0,0.0,0.0,0.0,1,1,0,0,0,0,0,Very Low,6.974836225323994,murder_risk
kishoreganj sadar,wednesday,noon,24.4333,90.7833,0.14171358154773095,0.14171358154773095,0.0,0.0,0.0,0.0,0.0,1,1,0,0,0,0,0,Very Low,7.125703723215964,murder_risk
kishorganj,monday,morning,25.9111,89.025,0.12696473910221234,0.0,0.0,0.0,0.12696473910221234,0.0,0.0,1,0,0,0,1,0,0,Very Low,6.904471086533185,bodyfound_risk
kishorganj,monday,night,25.9111,89.025,0.13447409304115684,0.13447409304115684,0.0,0.0,0.0,0.0,0.0,1,1,0,0,0,0,0,Very Low,7.017111395617352,murder_risk
kishorganj,saturday,morning,25.9111,89.025,0.12023533478533742,0.0,0.0,0.0,0.0,0.0,0.12023533478533742,1,0,0,0,0,0,1,Very Low,6.803530021780062,assault_risk
kishorganj,saturday,night,25.9111,89.02500000000002,0.19571924310372435,0.0,0.06523974770124144,0.06523974770124144,0.0,0.0,0.06523974770124144,3,0,1,1,0,0,1,Very Low,7.935788646555865,rape_risk
kishorganj,sunday,noon,25.9111,89.025,0.13033497072050865,0.0,0.13033497072050865,0.0,0.0,0.0,0.0,1,0,1,0,0,0,0,Very Low,6.9550245608076295,rape_risk
kishorganj,thursday,morning,25.9111,89.025,0.11897742151433761,0.0,0.0,0.0,0.0,0.0,0.11897742151433761,1,0,0,0,0,0,1,Very Low,6.784661322715064,assault_risk
kishorganj,tuesday,morning,25.9111,89.025,0.14184654290870008,0.0,0.0,0.0,0.14184654290870008,0.0,0.0,1,0,0,0,1,0,0,Very Low,7.127698143630502,bodyfound_risk
kishorganj,tuesday,night,25.9111,89.025,0.13836828203913484,0.0,0.0,0.0,0.0,0.0,0.13836828203913484,1,0,0,0,0,0,1,Very Low,7.075524230587023,assault_risk
kodomtoli,monday,noon,23.784506,90.403409,0.5934428569789219,0.0,0.5934428569789219,0.0,0.0,0.0,0.0,1,0,1,0,0,0,0,High,13.901642854683828,rape_risk
korail,saturday,night,23.784506,90.403409,0.5946477976385535,0.5946477976385535,0.0,0.0,0.0,0.0,0.0,1,1,0,0,0,0,0,High,13.919716964578303,murder_risk
kotalipara,thursday,night,22.9833,89.9917,0.19567535441271425,0.0,0.19567535441271425,0.0,0.0,0.0,0.0,1,0,1,0,0,0,0,Very Low,7.935130316190714,rape_risk
kotalipara,tuesday,morning,22.9833,89.9917,0.31587972653713614,0.0,0.31587972653713614,0.0,0.0,0.0,0.0,2,0,2,0,0,0,0,Low,9.738195898057043,rape_risk
kotchandpur,saturday,evening,23.4,89.0167,0.19463947872203158,0.0,0.0,0.19463947872203158,0.0,0.0,0.0,1,0,0,1,0,0,0,Very Low,7.919592180830474,kidnap_risk
kotchandpur,saturday,night,23.4,89.0167,0.20269995107607047,0.0,0.20269995107607047,0.0,0.0,0.0,0.0,1,0,1,0,0,0,0,Low,8.040499266141058,rape_risk
kotchandpur,thursday,morning,23.4,89.0167,0.18836441869363288,0.18836441869363288,0.0,0.0,0.0,0.0,0.0,1,1,0,0,0,0,0,Very Low,7.825466280404493,murder_risk
kotwali,thursday,morning,23.709226,90.40739,0.5831937395141726,0.0,0.0,0.0,0.5831937395141726,0.0,0.0,1,0,0,0,1,0,0,High,13.74790609271259,bodyfound_risk
koyra,sunday,night,22.3417,89.3,0.20633782103041098,0.20633782103041098,0.0,0.0,0.0,0.0,0.0,1,1,0,0,0,0,0,Low,8.095067315456165,murder_risk
koyra,thursday,night,22.3417,89.3,0.2112846641997118,0.2112846641997118,0.0,0.0,0.0,0.0,0.0,1,1,0,0,0,0,0,Low,8.169269962995678,murder_risk
koyra,thursday,noon,22.3417,89.3,0.18933847640174867,0.0,0.0,0.0,0.0,0.0,0.18933847640174867,1,0,0,0,0,0,1,Very Low,7.84007714602623,assault_risk
kuakata sea beach,friday,morning,21.815024,90.121864,0.19020979651198616,0.0,0.0,0.0,0.19020979651198616,0.0,0.0,1,0,0,0,1,0,0,Very Low,7.853146947679793,bodyfound_risk
kuakata sea beach,monday,night,21.815024,90.121864,0.18253567121748443,0.0,0.18253567121748443,0.0,0.0,0.0,0.0,1,0,1,0,0,0,0,Very Low,7.738035068262267,rape_risk
kuakata sea beach,tuesday,morning,21.815024,90.121864,0.17800425197404976,0.0,0.0,0.17800425197404976,0.0,0.0,0.0,1,0,0,1,0,0,0,Very Low,7.6700637796107465,kidnap_risk
kuakata sea beach,tuesday,night,21.815024,90.121864,0.18287188245255384,0.0,0.18287188245255384,0.0,0.0,0.0,0.0,1,0,1,0,0,0,0,Very Low,7.743078236788308,rape_risk
kulaura,friday,evening,24.489182,92.024555,0.10617720093461275,0.0,0.0,0.0,0.0,0.0,0.10617720093461275,1,0,0,0,0,0,1,Very Low,6.592658014019191,assault_risk
kulaura,friday,night,24.489182,92.024555,0.12562269721325986,0.06281134860662993,0.0,0.06281134860662993,0.0,0.0,0.0,2,1,0,1,0,0,0,Very Low,6.884340458198897,murder_risk
kulaura,monday,night,24.489182,92.024555,0.2035283995379208,0.0,0.16282271963033665,0.0,0.0,0.04070567990758416,0.0,5,0,4,0,0,1,0,Low,8.052925993068811,rape_risk
kulaura,saturday,evening,24.489182,92.024555,0.1079858762853128,0.0,0.1079858762853128,0.0,0.0,0.0,0.0,1,0,1,0,0,0,0,Very Low,6.619788144279692,rape_risk
kulaura,saturday,morning,24.489182,92.024555,0.21528631601038095,0.07176210533679364,0.0,0.07176210533679364,0.0,0.0,0.07176210533679364,6,2,0,2,0,0,2,Low,8.229294740155714,murder_risk
kulaura,saturday,night,24.489182,92.024555,0.09836559200602614,0.0,0.09836559200602614,0.0,0.0,0.0,0.0,1,0,1,0,0,0,0,Very Low,6.475483880090392,rape_risk
kulaura,sunday,evening,24.489182,92.024555,0.10784140283632954,0.0,0.10784140283632954,0.0,0.0,0.0,0.0,1,0,1,0,0,0,0,Very Low,6.617621042544943,rape_risk
kulaura,sunday,morning,24.489182,92.024555,0.10163776365408814,0.0,0.0,0.0,0.0,0.0,0.10163776365408814,1,0,0,0,0,0,1,Very Low,6.524566454811322,assault_risk
kulaura,thursday,afternoon,24.489182,92.024555,0.11194686479367011,0.0,0.0,0.0,0.0,0.0,0.11194686479367011,1,0,0,0,0,0,1,Very Low,6.679202971905052,assault_risk
kulaura,thursday,morning,24.489182,92.024555,0.14626166533815788,0.0,0.0,0.04875388844605262,0.04875388844605262,0.0,0.04875388844605262,3,0,0,1,1,0,1,Very Low,7.193924980072368,kidnap_risk
kulaura,thursday,night,24.489182,92.024555,0.16903494959388446,0.0,0.12677621219541335,0.0,0.0,0.0,0.042258737398471115,4,0,3,0,0,0,1,Very Low,7.535524243908267,rape_risk
kulaura,tuesday,evening,24.489182,92.024555,0.08069957857226721,0.0,0.0,0.08069957857226721,0.0,0.0,0.0,1,0,0,1,0,0,0,Very Low,6.210493678584008,kidnap_risk
kulaura,tuesday,morning,24.489182,92.024555,0.11481525055510275,0.0,0.0,0.057407625277551375,0.0,0.0,0.057407625277551375,2,0,0,1,0,0,1,Very Low,6.722228758326541,kidnap_risk
kulaura,tuesday,night,24.489182,92.024555,0.11401261059800671,0.0,0.11401261059800671,0.0,0.0,0.0,0.0,1,0,1,0,0,0,0,Very Low,6.710189158970101,rape_risk
kulaura,tuesday,noon,24.489182,92.024555,0.12823768498487512,0.0,0.06411884249243756,0.0,0.0,0.0,0.06411884249243756,2,0,1,0,0,0,1,Very Low,6.923565274773127,rape_risk
kulaura,wednesday,evening,24.489182,92.024555,0.128841388968281,0.0644206944841405,0.0644206944841405,0.0,0.0,0.0,0.0,2,1,1,0,0,0,0,Very Low,6.932620834524215,murder_risk
kulaura,wednesday,night,24.489182,92.024555,0.10226593024422184,0.0,0.10226593024422184,0.0,0.0,0.0,0.0,1,0,1,0,0,0,0,Very Low,6.533988953663328,rape_risk
kulaura,wednesday,noon,24.489182,92.024555,0.09527538853836813,0.0,0.0,0.0,0.0,0.0,0.09527538853836813,1,0,0,0,0,0,1,Very Low,6.429130828075522,assault_risk
kuliarchar,thursday,night,24.155,90.9,0.401752669975583,0.401752669975583,0.0,0.0,0.0,0.0,0.0,1,1,0,0,0,0,0,Moderate,11.026290049633745,murder_risk
kumarkhali,friday,evening,23.8542,89.2417,0.13894454999422212,0.0,0.0,0.13894454999422212,0.0,0.0,0.0,1,0,0,1,0,0,0,Very Low,7.084168249913332,kidnap_risk
kumarkhali,monday,night,23.8542,89.2417,0.1295470501278156,0.0,0.0,0.0,0.0,0.1295470501278156,0.0,1,0,0,0,0,1,0,Very Low,6.943205751917234,robbery_risk
kumarkhali,saturday,morning,23.8542,89.2417,0.13243354865030066,0.13243354865030066,0.0,0.0,0.0,0.0,0.0,1,1,0,0,0,0,0,Very Low,6.9865032297545095,murder_risk
kumarkhali,saturday,night,23.8542,89.2417,0.1307018064265772,0.0,0.1307018064265772,0.0,0.0,0.0,0.0,1,0,1,0,0,0,0,Very Low,6.960527096398658,rape_risk
kumarkhali,thursday,morning,23.854200000000002,89.2417,0.21509017030718014,0.0,0.0,0.14339344687145342,0.07169672343572671,0.0,0.0,3,0,0,2,1,0,0,Low,8.226352554607702,kidnap_risk
kumarkhali,thursday,night,23.8542,89.2417,0.12933912140231665,0.0,0.0,0.0,0.0,0.0,0.12933912140231665,1,0,0,0,0,0,1,Very Low,6.9400868210347495,assault_risk
kumarkhali,tuesday,morning,23.8542,89.2417,0.12618031733013252,0.0,0.0,0.0,0.12618031733013252,0.0,0.0,1,0,0,0,1,0,0,Very Low,6.892704759951988,bodyfound_risk
kumarkhali,wednesday,morning,23.8542,89.2417,0.1305919867367511,0.0,0.0,0.1305919867367511,0.0,0.0,0.0,1,0,0,1,0,0,0,Very Low,6.958879801051267,kidnap_risk
kumarkhali,wednesday,noon,23.8542,89.2417,0.12203711096619375,0.0,0.0,0.0,0.0,0.0,0.12203711096619375,1,0,0,0,0,0,1,Very Low,6.8305566644929065,assault_risk
kurigram sadar,saturday,night,25.8167,89.65,0.15402275570265278,0.0,0.15402275570265278,0.0,0.0,0.0,0.0,1,0,1,0,0,0,0,Very Low,7.310341335539792,rape_risk
kurigram sadar,tuesday,afternoon,25.8167,89.65,0.15608365415787417,0.0,0.0,0.0,0.0,0.0,0.15608365415787417,1,0,0,0,0,0,1,Very Low,7.3412548123681125,assault_risk
kurigram sadar,tuesday,morning,25.8167,89.65,0.157420397112079,0.0,0.0,0.157420397112079,0.0,0.0,0.0,1,0,0,1,0,0,0,Very Low,7.361305956681186,kidnap_risk
kurigram sadar,tuesday,noon,25.8167,89.65,0.14446887124968724,0.0,0.14446887124968724,0.0,0.0,0.0,0.0,1,0,1,0,0,0,0,Very Low,7.167033068745308,rape_risk
kurigram sadar,wednesday,night,25.8167,89.65,0.16127963261024167,0.0,0.16127963261024167,0.0,0.0,0.0,0.0,1,0,1,0,0,0,0,Very Low,7.419194489153625,rape_risk
kuril,friday,morning,23.728907,90.417137,0.32915992610710637,0.0,0.32915992610710637,0.0,0.0,0.0,0.0,1,0,1,0,0,0,0,Low,9.937398891606595,rape_risk
kuril,saturday,night,23.728907,90.417137,0.32027866357255336,0.0,0.0,0.0,0.0,0.32027866357255336,0.0,1,0,0,0,0,1,0,Low,9.8041799535883,robbery_risk
kuril,sunday,morning,23.728907,90.417137,0.32555523160196503,0.0,0.0,0.0,0.0,0.32555523160196503,0.0,1,0,0,0,0,1,0,Low,9.883328474029476,robbery_risk
kuril,sunday,night,23.728907,90.417137,0.3282369185083727,0.0,0.0,0.0,0.0,0.3282369185083727,0.0,1,0,0,0,0,1,0,Low,9.92355377762559,robbery_risk
kuril,thursday,night,23.728907,90.417137,0.33596180596058384,0.0,0.33596180596058384,0.0,0.0,0.0,0.0,1,0,1,0,0,0,0,Low,10.039427089408758,rape_risk
kuril,wednesday,night,23.728907,90.417137,0.31957440146797367,0.31957440146797367,0.0,0.0,0.0,0.0,0.0,1,1,0,0,0,0,0,Low,9.793616022019606,murder_risk
kurmitola,tuesday,morning,23.847177,90.4041325,0.5691857333353327,0.0,0.5691857333353327,0.0,0.0,0.0,0.0,1,0,1,0,0,0,0,High,13.53778600002999,rape_risk
kushtia sadar,friday,morning,23.9,89.1333,0.11881928681928883,0.0,0.0,0.11881928681928883,0.0,0.0,0.0,1,0,0,1,0,0,0,Very Low,6.782289302289333,kidnap_risk
kushtia sadar,friday,night,23.9,89.1333,0.11031036285671118,0.0,0.11031036285671118,0.0,0.0,0.0,0.0,1,0,1,0,0,0,0,Very Low,6.654655442850668,rape_risk
kushtia sadar,monday,morning,23.899999999999995,89.1333,0.15249142184424969,0.0,0.0,0.0,0.050830473948083224,0.0,0.10166094789616645,3,0,0,0,1,0,2,Very Low,7.287371327663745,assault_risk
kushtia sadar,monday,night,23.899999999999995,89.1333,0.17401122158191246,0.1160074810546083,0.0,0.0,0.0,0.0,0.05800374052730415,3,2,0,0,0,0,1,Very Low,7.610168323728686,murder_risk
kushtia sadar,saturday,night,23.9,89.1333,0.11686144067429549,0.0,0.0,0.0,0.0,0.0,0.11686144067429549,1,0,0,0,0,0,1,Very Low,6.7529216101144325,assault_risk
kushtia sadar,sunday,afternoon,23.9,89.1333,0.10349662957934369,0.0,0.0,0.0,0.0,0.0,0.10349662957934369,1,0,0,0,0,0,1,Very Low,6.552449443690156,assault_risk
kushtia sadar,sunday,night,23.899999999999995,89.1333,0.15339320704000595,0.0,0.05113106901333531,0.0,0.0,0.0,0.10226213802667063,3,0,1,0,0,0,2,Very Low,7.300898105600089,assault_risk
kushtia sadar,thursday,morning,23.9,89.1333,0.12322415218183952,0.06161207609091976,0.0,0.0,0.06161207609091976,0.0,0.0,2,1,0,0,1,0,0,Very Low,6.848362282727592,murder_risk
kushtia sadar,thursday,night,23.9,89.1333,0.12469883033223647,0.0,0.12469883033223647,0.0,0.0,0.0,0.0,1,0,1,0,0,0,0,Very Low,6.870482454983547,rape_risk
kushtia sadar,tuesday,afternoon,23.9,89.1333,0.12475765547372641,0.0,0.0,0.0,0.0,0.0,0.12475765547372641,1,0,0,0,0,0,1,Very Low,6.871364832105896,assault_risk
kushtia sadar,tuesday,morning,23.899999999999995,89.1333,0.1664980273517807,0.0,0.05549934245059357,0.0,0.11099868490118714,0.0,0.0,3,0,1,0,2,0,0,Very Low,7.49747041027671,bodyfound_risk
kushtia sadar,tuesday,night,23.9,89.1333,0.11143318099027918,0.0,0.0,0.0,0.11143318099027918,0.0,0.0,1,0,0,0,1,0,0,Very Low,6.671497714854188,bodyfound_risk
kushtia sadar,wednesday,morning,23.9,89.1333,0.13878481913153268,0.0,0.0,0.06939240956576634,0.06939240956576634,0.0,0.0,2,0,0,1,1,0,0,Very Low,7.08177228697299,kidnap_risk
kushtia sadar,wednesday,night,23.9,89.1333,0.18822599332169204,0.14116949499126902,0.0,0.0,0.0,0.0,0.04705649833042301,4,3,0,0,0,0,1,Very Low,7.823389899825381,murder_risk
lakhai,monday,night,24.2889,91.2167,0.1956570682062349,0.1956570682062349,0.0,0.0,0.0,0.0,0.0,2,2,0,0,0,0,0,Very Low,7.9348560230935234,murder_risk
lakhai,tuesday,afternoon,24.2889,91.2167,0.13479132583730058,0.13479132583730058,0.0,0.0,0.0,0.0,0.0,1,1,0,0,0,0,0,Very Low,7.021869887559509,murder_risk
lakhai,tuesday,evening,24.2889,91.2167,0.1802148833930866,0.0901074416965433,0.0,0.0,0.0,0.0,0.0901074416965433,2,1,0,0,0,0,1,Very Low,7.703223250896299,murder_risk
lakhai,tuesday,night,24.2889,91.2167,0.19542257979416458,0.19542257979416458,0.0,0.0,0.0,0.0,0.0,2,2,0,0,0,0,0,Very Low,7.931338696912469,murder_risk
laksam,saturday,evening,23.24667,91.12833,0.19493432190847704,0.0,0.0,0.0,0.19493432190847704,0.0,0.0,1,0,0,0,1,0,0,Very Low,7.924014828627156,bodyfound_risk
laksam,tuesday,morning,23.24667,91.12833,0.19148701009421099,0.0,0.0,0.0,0.19148701009421099,0.0,0.0,1,0,0,0,1,0,0,Very Low,7.872305151413165,bodyfound_risk
laksam,wednesday,noon,23.24667,91.12833,0.18760817682400388,0.0,0.0,0.0,0.18760817682400388,0.0,0.0,1,0,0,0,1,0,0,Very Low,7.814122652360059,bodyfound_risk
lakshmipur sadar,friday,night,22.95,90.825,0.14396943724822736,0.0,0.14396943724822736,0.0,0.0,0.0,0.0,1,0,1,0,0,0,0,Very Low,7.159541558723411,rape_risk
lakshmipur sadar,friday,noon,22.95,90.825,0.14139779636929112,0.0,0.0,0.14139779636929112,0.0,0.0,0.0,1,0,0,1,0,0,0,Very Low,7.120966945539367,kidnap_risk
lakshmipur sadar,monday,morning,22.95,90.825,0.14775919545727467,0.14775919545727467,0.0,0.0,0.0,0.0,0.0,1,1,0,0,0,0,0,Very Low,7.216387931859121,murder_risk
lakshmipur sadar,monday,night,22.95,90.825,0.14588238863537947,0.0,0.0,0.0,0.14588238863537947,0.0,0.0,1,0,0,0,1,0,0,Very Low,7.188235829530692,bodyfound_risk
lakshmipur sadar,monday,noon,22.95,90.825,0.1308211529232674,0.0,0.0,0.1308211529232674,0.0,0.0,0.0,1,0,0,1,0,0,0,Very Low,6.962317293849011,kidnap_risk
lakshmipur sadar,saturday,night,22.95,90.825,0.24791808967579315,0.0,0.06197952241894829,0.0,0.0,0.12395904483789658,0.06197952241894829,4,0,1,0,0,2,1,Low,8.718771345136897,robbery_risk
lakshmipur sadar,tuesday,night,22.95,90.825,0.14445962869069195,0.14445962869069195,0.0,0.0,0.0,0.0,0.0,1,1,0,0,0,0,0,Very Low,7.166894430360379,murder_risk
lakshmipur sadar,tuesday,noon,22.95,90.825,0.14145175476722877,0.0,0.14145175476722877,0.0,0.0,0.0,0.0,1,0,1,0,0,0,0,Very Low,7.121776321508431,rape_risk
lakshmipur sadar,wednesday,morning,22.95,90.825,0.1448873638773994,0.0,0.0,0.0,0.1448873638773994,0.0,0.0,1,0,0,0,1,0,0,Very Low,7.173310458160991,bodyfound_risk
lalbagh,friday,night,23.721427,90.375435,0.31009753774078247,0.31009753774078247,0.0,0.0,0.0,0.0,0.0,1,1,0,0,0,0,0,Low,9.651463066111738,murder_risk
lalbagh,saturday,night,23.721427,90.375435,0.3427164136209829,0.17135820681049144,0.0,0.0,0.17135820681049144,0.0,0.0,2,1,0,0,1,0,0,Low,10.140746204314743,murder_risk
lalbagh,saturday,noon,23.721427,90.375435,0.3005366679684599,0.0,0.0,0.0,0.3005366679684599,0.0,0.0,1,0,0,0,1,0,0,Low,9.508050019526898,bodyfound_risk
lalbagh,sunday,afternoon,23.721427,90.375435,0.2982446171131668,0.0,0.0,0.0,0.0,0.0,0.2982446171131668,1,0,0,0,0,0,1,Low,9.473669256697502,assault_risk
lalbagh,thursday,morning,23.721427,90.375435,0.3443018847544373,0.0,0.0,0.0,0.0,0.17215094237721865,0.17215094237721865,2,0,0,0,0,1,1,Low,10.16452827131656,robbery_risk
lalbagh,tuesday,evening,23.721426999999995,90.375435,0.3812023746762399,0.0,0.1270674582254133,0.1270674582254133,0.1270674582254133,0.0,0.0,3,0,1,1,1,0,0,Moderate,10.7180356201436,rape_risk
lalbagh,wednesday,noon,23.721427,90.375435,0.31680068578678894,0.0,0.0,0.0,0.31680068578678894,0.0,0.0,1,0,0,0,1,0,0,Low,9.752010286801834,bodyfound_risk
lalmatia,friday,noon,23.75670084,90.36915536,0.5801497540821375,0.0,0.0,0.5801497540821375,0.0,0.0,0.0,1,0,0,1,0,0,0,High,13.702246311232063,kidnap_risk
lalmohan,friday,night,22.3211,90.7472,0.19828362923562198,0.19828362923562198,0.0,0.0,0.0,0.0,0.0,1,1,0,0,0,0,0,Very Low,7.97425443853433,murder_risk
lalmohan,friday,noon,22.3211,90.7472,0.21085808576533843,0.0,0.0,0.0,0.21085808576533843,0.0,0.0,1,0,0,0,1,0,0,Low,8.162871286480076,bodyfound_risk
lalmohan,tuesday,morning,22.3211,90.7472,0.19256322260327685,0.0,0.0,0.0,0.19256322260327685,0.0,0.0,1,0,0,0,1,0,0,Very Low,7.888448339049153,bodyfound_risk
lalmonirhat,tuesday,morning,25.915,89.45,0.404842352864971,0.0,0.0,0.0,0.404842352864971,0.0,0.0,1,0,0,0,1,0,0,Moderate,11.072635292974564,bodyfound_risk
lalmonirhat sadar,friday,morning,25.915,89.45,0.16492833215417607,0.0,0.04123208303854402,0.0,0.0,0.04123208303854402,0.08246416607708804,4,0,1,0,0,1,2,Very Low,7.473924982312641,assault_risk
lalmonirhat sadar,friday,night,25.915,89.45,0.11789453831854899,0.0,0.05894726915927449,0.0,0.0,0.05894726915927449,0.0,2,0,1,0,0,1,0,Very Low,6.768418074778235,rape_risk
lalmonirhat sadar,friday,noon,25.915,89.45,0.10692779346201295,0.0,0.0,0.0,0.0,0.0,0.10692779346201295,1,0,0,0,0,0,1,Very Low,6.603916901930194,assault_risk
lalmonirhat sadar,monday,evening,25.915,89.45,0.10621794665584128,0.0,0.0,0.0,0.0,0.0,0.10621794665584128,1,0,0,0,0,0,1,Very Low,6.59326919983762,assault_risk
lalmonirhat sadar,monday,morning,25.915,89.45,0.24300133544042987,0.06942895298297996,0.0,0.10414342947446995,0.03471447649148998,0.0,0.03471447649148998,7,2,0,3,1,0,1,Low,8.645020031606448,kidnap_risk
lalmonirhat sadar,monday,night,25.915000000000003,89.45,0.14652408510497258,0.0,0.048841361701657524,0.0,0.0,0.048841361701657524,0.048841361701657524,3,0,1,0,0,1,1,Very Low,7.197861276574589,rape_risk
lalmonirhat sadar,saturday,morning,25.915,89.45,0.11835972761759896,0.0,0.11835972761759896,0.0,0.0,0.0,0.0,1,0,1,0,0,0,0,Very Low,6.775395914263984,rape_risk
lalmonirhat sadar,saturday,night,25.915,89.45,0.11288078490775923,0.0,0.11288078490775923,0.0,0.0,0.0,0.0,1,0,1,0,0,0,0,Very Low,6.6932117736163885,rape_risk
lalmonirhat sadar,sunday,morning,25.915,89.45,0.25240742271796424,0.06310185567949106,0.0,0.06310185567949106,0.03155092783974553,0.0,0.09465278351923659,8,2,0,2,1,0,3,Low,8.786111340769462,assault_risk
lalmonirhat sadar,sunday,night,25.915,89.45,0.10432468108136185,0.0,0.10432468108136185,0.0,0.0,0.0,0.0,1,0,1,0,0,0,0,Very Low,6.564870216220427,rape_risk
lalmonirhat sadar,thursday,afternoon,25.915,89.45,0.08393301376257369,0.0,0.08393301376257369,0.0,0.0,0.0,0.0,1,0,1,0,0,0,0,Very Low,6.258995206438605,rape_risk
lalmonirhat sadar,tuesday,morning,25.915000000000003,89.45,0.22518765933724166,0.11259382966862083,0.07506255311241389,0.0,0.0,0.037531276556206944,0.0,6,3,2,0,0,1,0,Low,8.377814890058625,murder_risk
lalmonirhat sadar,tuesday,night,25.915,89.45,0.13473917285668968,0.0,0.13473917285668968,0.0,0.0,0.0,0.0,2,0,2,0,0,0,0,Very Low,7.021087592850345,rape_risk
lalmonirhat sadar,wednesday,afternoon,25.915,89.45,0.1002547279509344,0.0,0.0,0.0,0.0,0.0,0.1002547279509344,1,0,0,0,0,0,1,Very Low,6.503820919264016,assault_risk
lalmonirhat sadar,wednesday,morning,25.915,89.45,0.19910326464042152,0.07964130585616862,0.03982065292808431,0.03982065292808431,0.03982065292808431,0.0,0.0,5,2,1,1,1,0,0,Very Low,7.986548969606323,murder_risk
lalmonirhat sadar,wednesday,night,25.915,89.45,0.1180579422185361,0.0,0.1180579422185361,0.0,0.0,0.0,0.0,1,0,1,0,0,0,0,Very Low,6.770869133278041,rape_risk
lalpur,thursday,noon,24.1833,88.975,0.24459538346754928,0.24459538346754928,0.0,0.0,0.0,0.0,0.0,1,1,0,0,0,0,0,Low,8.668930752013239,murder_risk
lalpur,wednesday,night,24.1833,88.975,0.25721964747535764,0.25721964747535764,0.0,0.0,0.0,0.0,0.0,1,1,0,0,0,0,0,Low,8.858294712130364,murder_risk
lama,friday,morning,21.775,92.2,0.12483349156297452,0.0,0.0,0.12483349156297452,0.0,0.0,0.0,2,0,0,2,0,0,0,Very Low,6.872502373444618,kidnap_risk
lama,friday,night,21.775,92.2,0.11967089106942286,0.0,0.11967089106942286,0.0,0.0,0.0,0.0,1,0,1,0,0,0,0,Very Low,6.795063366041343,rape_risk
lama,monday,evening,21.775,92.2,0.11371608257779495,0.0,0.11371608257779495,0.0,0.0,0.0,0.0,1,0,1,0,0,0,0,Very Low,6.705741238666924,rape_risk
lama,saturday,morning,21.774999999999995,92.2,0.15941168173638923,0.0,0.0,0.10627445449092615,0.053137227245463076,0.0,0.0,3,0,0,2,1,0,0,Very Low,7.3911752260458385,kidnap_risk
lama,saturday,night,21.775,92.2,0.20303557378965514,0.04060711475793103,0.0,0.0,0.16242845903172412,0.0,0.0,5,1,0,0,4,0,0,Low,8.045533606844828,bodyfound_risk
lama,sunday,morning,21.775,92.2,0.12436844855151083,0.0,0.0,0.062184224275755415,0.062184224275755415,0.0,0.0,2,0,0,1,1,0,0,Very Low,6.865526728272663,kidnap_risk
lama,thursday,morning,21.775,92.2,0.09467489215611577,0.0,0.0,0.09467489215611577,0.0,0.0,0.0,1,0,0,1,0,0,0,Very Low,6.420123382341736,kidnap_risk
lama,tuesday,morning,21.775,92.2,0.11859033799601372,0.0,0.0,0.11859033799601372,0.0,0.0,0.0,1,0,0,1,0,0,0,Very Low,6.778855069940206,kidnap_risk
lama,tuesday,night,21.775,92.2,0.2106571091229529,0.0,0.042131421824590586,0.16852568729836234,0.0,0.0,0.0,5,0,1,4,0,0,0,Low,8.159856636844294,kidnap_risk
lama,wednesday,night,21.774999999999995,92.2,0.17304656024544912,0.057682186748483036,0.057682186748483036,0.0,0.057682186748483036,0.0,0.0,3,1,1,0,1,0,0,Very Low,7.595698403681737,murder_risk
langadu,monday,afternoon,22.95,92.15,0.1883410570558915,0.0,0.0,0.0,0.1883410570558915,0.0,0.0,1,0,0,0,1,0,0,Very Low,7.825115855838373,bodyfound_risk
langadu,saturday,noon,22.95,92.15,0.1704363440649481,0.0,0.1704363440649481,0.0,0.0,0.0,0.0,1,0,1,0,0,0,0,Very Low,7.556545160974221,rape_risk
langadu,wednesday,morning,22.95,92.15,0.1814002134696713,0.0,0.0,0.0,0.1814002134696713,0.0,0.0,1,0,0,0,1,0,0,Very Low,7.72100320204507,bodyfound_risk
lohagara,friday,morning,22.31667,91.81667,0.13426586459120501,0.13426586459120501,0.0,0.0,0.0,0.0,0.0,1,1,0,0,0,0,0,Very Low,7.013987968868076,murder_risk
lohagara,friday,night,22.31667,91.81667,0.13100055527090587,0.0,0.0,0.0,0.0,0.13100055527090587,0.0,1,0,0,0,0,1,0,Very Low,6.965008329063588,robbery_risk
lohagara,monday,night,22.31667,91.81667,0.1497630646375509,0.0,0.1497630646375509,0.0,0.0,0.0,0.0,1,0,1,0,0,0,0,Very Low,7.246445969563263,rape_risk
lohagara,saturday,night,22.749985,90.739585,0.18720640263837052,0.09360320131918526,0.09360320131918526,0.0,0.0,0.0,0.0,2,1,1,0,0,0,0,Very Low,7.808096039575558,murder_risk
lohagara,sunday,morning,22.31667,91.81667,0.12500550893343484,0.0,0.0,0.12500550893343484,0.0,0.0,0.0,1,0,0,1,0,0,0,Very Low,6.875082634001522,kidnap_risk
lohagara,thursday,night,22.31667,91.81667,0.14228286987533675,0.14228286987533675,0.0,0.0,0.0,0.0,0.0,1,1,0,0,0,0,0,Very Low,7.134243048130051,murder_risk
lohagara,thursday,noon,23.1833,89.6625,0.13127376685724218,0.13127376685724218,0.0,0.0,0.0,0.0,0.0,1,1,0,0,0,0,0,Very Low,6.969106502858633,murder_risk
lohagara,wednesday,morning,22.749985,90.739585,0.16717972559303884,0.0,0.0,0.0,0.16717972559303884,0.0,0.0,2,0,0,0,2,0,0,Very Low,7.5076958838955825,bodyfound_risk
lohagara,wednesday,night,22.31667,91.81667,0.13884316222291782,0.13884316222291782,0.0,0.0,0.0,0.0,0.0,1,1,0,0,0,0,0,Very Low,7.082647433343768,murder_risk
louhajanj,thursday,evening,23.46,90.54,0.1938711217180154,0.1938711217180154,0.0,0.0,0.0,0.0,0.0,1,1,0,0,0,0,0,Very Low,7.908066825770231,murder_risk
louhajanj,thursday,morning,23.46,90.54,0.1912252908253262,0.0,0.0,0.0,0.1912252908253262,0.0,0.0,1,0,0,0,1,0,0,Very Low,7.868379362379892,bodyfound_risk
louhajanj,wednesday,morning,23.46,90.54,0.19638208970414228,0.0,0.0,0.0,0.19638208970414228,0.0,0.0,1,0,0,0,1,0,0,Very Low,7.945731345562134,bodyfound_risk
madarganj,friday,morning,24.8917,89.75,0.18807364023864293,0.0,0.0,0.0,0.18807364023864293,0.0,0.0,1,0,0,0,1,0,0,Very Low,7.821104603579644,bodyfound_risk
madarganj,sunday,night,24.8917,89.75,0.26731908054527476,0.13365954027263738,0.0,0.13365954027263738,0.0,0.0,0.0,2,1,0,1,0,0,0,Low,9.009786208179122,murder_risk
madarganj,tuesday,evening,24.8917,89.75,0.18155118101477613,0.0,0.18155118101477613,0.0,0.0,0.0,0.0,1,0,1,0,0,0,0,Very Low,7.723267715221642,rape_risk
madaripur sadar,friday,afternoon,23.1667,90.2083,0.11806753615733098,0.0,0.0,0.0,0.11806753615733098,0.0,0.0,1,0,0,0,1,0,0,Very Low,6.771013042359964,bodyfound_risk
madaripur sadar,monday,morning,23.1667,90.2083,0.12243289959956855,0.0,0.0,0.0,0.12243289959956855,0.0,0.0,1,0,0,0,1,0,0,Very Low,6.836493493993528,bodyfound_risk
madaripur sadar,saturday,night,23.1667,90.2083,0.13211510550750652,0.13211510550750652,0.0,0.0,0.0,0.0,0.0,1,1,0,0,0,0,0,Very Low,6.981726582612598,murder_risk
madaripur sadar,sunday,morning,23.1667,90.2083,0.13379884853541388,0.0,0.0,0.0,0.0,0.13379884853541388,0.0,1,0,0,0,0,1,0,Very Low,7.006982728031208,robbery_risk
madaripur sadar,thursday,night,23.1667,90.2083,0.13139380884776417,0.0,0.0,0.0,0.13139380884776417,0.0,0.0,1,0,0,0,1,0,0,Very Low,6.970907132716462,bodyfound_risk
madaripur sadar,thursday,noon,23.1667,90.2083,0.1282253746726199,0.0,0.1282253746726199,0.0,0.0,0.0,0.0,1,0,1,0,0,0,0,Very Low,6.923380620089299,rape_risk
madaripur sadar,tuesday,evening,23.1667,90.2083,0.17796773035479144,0.08898386517739572,0.08898386517739572,0.0,0.0,0.0,0.0,2,1,1,0,0,0,0,Very Low,7.669515955321872,murder_risk
madaripur sadar,wednesday,morning,23.1667,90.2083,0.17722543638545335,0.0,0.0,0.0,0.17722543638545335,0.0,0.0,2,0,0,0,2,0,0,Very Low,7.6583815457818005,bodyfound_risk
madaripur sadar,wednesday,noon,23.1667,90.2083,0.13326312144338803,0.0,0.0,0.0,0.0,0.0,0.13326312144338803,1,0,0,0,0,0,1,Very Low,6.99894682165082,assault_risk
madhabpur,friday,night,24.1028,91.2917,0.17424173542470928,0.08712086771235464,0.04356043385617732,0.0,0.0,0.0,0.04356043385617732,4,2,1,0,0,0,1,Very Low,7.613626031370639,murder_risk
madhabpur,monday,morning,24.1028,91.2917,0.1175622290647339,0.0,0.0,0.0,0.0,0.1175622290647339,0.0,1,0,0,0,0,1,0,Very Low,6.763433435971009,robbery_risk
madhabpur,monday,night,24.1028,91.2917,0.13644040097805016,0.13644040097805016,0.0,0.0,0.0,0.0,0.0,2,2,0,0,0,0,0,Very Low,7.046606014670752,murder_risk
madhabpur,saturday,morning,24.1028,91.2917,0.11257927976405156,0.0,0.0,0.05628963988202578,0.0,0.0,0.05628963988202578,2,0,0,1,0,0,1,Very Low,6.688689196460773,kidnap_risk
madhabpur,saturday,night,24.1028,91.2917,0.17281410051462284,0.17281410051462284,0.0,0.0,0.0,0.0,0.0,4,4,0,0,0,0,0,Very Low,7.592211507719343,murder_risk
madhabpur,sunday,evening,24.1028,91.2917,0.11121643168559668,0.0,0.11121643168559668,0.0,0.0,0.0,0.0,1,0,1,0,0,0,0,Very Low,6.668246475283951,rape_risk
madhabpur,sunday,night,24.1028,91.2917,0.18437983433774585,0.0,0.036875966867549174,0.0,0.0,0.1475038674701967,0.0,5,0,1,0,0,4,0,Very Low,7.765697515066188,robbery_risk
madhabpur,thursday,night,24.1028,91.2917,0.15227483401184827,0.05075827800394942,0.0,0.0,0.0,0.05075827800394942,0.05075827800394942,3,1,0,0,0,1,1,Very Low,7.284122510177724,murder_risk
madhabpur,tuesday,morning,24.1028,91.2917,0.10884540835478133,0.0,0.05442270417739067,0.0,0.0,0.0,0.05442270417739067,2,0,1,0,0,0,1,Very Low,6.63268112532172,rape_risk
madhabpur,tuesday,night,24.1028,91.2917,0.18587552795164541,0.046468881987911353,0.13940664596373406,0.0,0.0,0.0,0.0,4,1,3,0,0,0,0,Very Low,7.788132919274681,rape_risk
madhabpur,wednesday,night,24.1028,91.2917,0.09769678486045603,0.0,0.0,0.0,0.0,0.0,0.09769678486045603,1,0,0,0,0,0,1,Very Low,6.465451772906841,assault_risk
madhubagh,friday,morning,23.784506,90.403409,0.5832109510767376,0.0,0.5832109510767376,0.0,0.0,0.0,0.0,1,0,1,0,0,0,0,High,13.748164266151065,rape_risk
madhukhali,friday,morning,23.5417,89.6306,0.13937971735569987,0.13937971735569987,0.0,0.0,0.0,0.0,0.0,1,1,0,0,0,0,0,Very Low,7.090695760335498,murder_risk
madhukhali,friday,night,23.5417,89.6306,0.131728161878385,0.0,0.0,0.131728161878385,0.0,0.0,0.0,1,0,0,1,0,0,0,Very Low,6.975922428175775,kidnap_risk
madhukhali,monday,night,23.5417,89.6306,0.1777380248598175,0.08886901242990874,0.0,0.0,0.0,0.08886901242990874,0.0,2,1,0,0,0,1,0,Very Low,7.666070372897263,murder_risk
madhukhali,saturday,night,23.541700000000002,89.6306,0.2112299936335793,0.0,0.07040999787785976,0.0,0.0,0.0,0.14081999575571952,3,0,1,0,0,0,2,Low,8.168449904503689,assault_risk
madhukhali,thursday,night,23.5417,89.6306,0.1264813531613499,0.0,0.1264813531613499,0.0,0.0,0.0,0.0,1,0,1,0,0,0,0,Very Low,6.897220297420248,rape_risk
madhukhali,tuesday,night,23.5417,89.6306,0.1316779342802608,0.0,0.0,0.0,0.1316779342802608,0.0,0.0,1,0,0,0,1,0,0,Very Low,6.975169014203912,bodyfound_risk
madhukhali,wednesday,morning,23.5417,89.6306,0.12818018636786613,0.0,0.0,0.0,0.12818018636786613,0.0,0.0,1,0,0,0,1,0,0,Very Low,6.922702795517992,bodyfound_risk
madhupur,friday,evening,24.61667,90.01806,0.12247295547687578,0.0,0.12247295547687578,0.0,0.0,0.0,0.0,1,0,1,0,0,0,0,Very Low,6.8370943321531366,rape_risk
madhupur,friday,night,24.61667,90.01806,0.3115155142846507,0.17800886530551466,0.133506648979136,0.0,0.0,0.0,0.0,7,4,3,0,0,0,0,Low,9.67273271426976,murder_risk
madhupur,monday,evening,24.61667,90.01806,0.14789759923550125,0.0,0.14789759923550125,0.0,0.0,0.0,0.0,2,0,2,0,0,0,0,Very Low,7.218463988532519,rape_risk
madhupur,monday,night,24.61667,90.01806,0.15196707815921723,0.15196707815921723,0.0,0.0,0.0,0.0,0.0,2,2,0,0,0,0,0,Very Low,7.279506172388258,murder_risk
madhupur,saturday,morning,24.61667,90.01806,0.21411412187337955,0.0,0.0,0.0,0.21411412187337955,0.0,0.0,5,0,0,0,5,0,0,Low,8.211711828100693,bodyfound_risk
madhupur,thursday,night,24.61667,90.01806,0.15406698994693296,0.0,0.15406698994693296,0.0,0.0,0.0,0.0,2,0,2,0,0,0,0,Very Low,7.311004849203995,rape_risk
madhupur,tuesday,night,24.61667,90.01806,0.11617621635104541,0.11617621635104541,0.0,0.0,0.0,0.0,0.0,1,1,0,0,0,0,0,Very Low,6.742643245265681,murder_risk
madhupur,tuesday,noon,24.61667,90.01806,0.11903279611852297,0.0,0.11903279611852297,0.0,0.0,0.0,0.0,1,0,1,0,0,0,0,Very Low,6.7854919417778445,rape_risk
madhupur,wednesday,night,24.61667,90.01806,0.12078186970793103,0.0,0.12078186970793103,0.0,0.0,0.0,0.0,1,0,1,0,0,0,0,Very Low,6.811728045618965,rape_risk
magura sadar,friday,morning,23.4875,89.4208,0.1371206082538436,0.0,0.0,0.1371206082538436,0.0,0.0,0.0,1,0,0,1,0,0,0,Very Low,7.056809123807653,kidnap_risk
magura sadar,friday,night,23.4875,89.4208,0.14016614759513896,0.0,0.0,0.0,0.0,0.0,0.14016614759513896,1,0,0,0,0,0,1,Very Low,7.102492213927084,assault_risk
magura sadar,monday,morning,23.4875,89.4208,0.1478187328925789,0.1478187328925789,0.0,0.0,0.0,0.0,0.0,1,1,0,0,0,0,0,Very Low,7.217280993388684,murder_risk
magura sadar,monday,night,23.4875,89.4208,0.21018877946563647,0.07006292648854548,0.0,0.0,0.0,0.07006292648854548,0.07006292648854548,3,1,0,0,0,1,1,Low,8.152831691984547,murder_risk
magura sadar,saturday,night,23.4875,89.4208,0.13685327030240396,0.0,0.0,0.0,0.13685327030240396,0.0,0.0,1,0,0,0,1,0,0,Very Low,7.0527990545360595,bodyfound_risk
magura sadar,thursday,morning,23.4875,89.4208,0.13871479392696484,0.0,0.0,0.0,0.0,0.13871479392696484,0.0,1,0,0,0,0,1,0,Very Low,7.080721908904472,robbery_risk
magura sadar,thursday,night,23.4875,89.4208,0.12809265949894316,0.0,0.0,0.0,0.0,0.0,0.12809265949894316,1,0,0,0,0,0,1,Very Low,6.9213898924841475,assault_risk
magura sadar,wednesday,morning,23.4875,89.4208,0.15510373295147153,0.0,0.0,0.0,0.15510373295147153,0.0,0.0,1,0,0,0,1,0,0,Very Low,7.3265559942720735,bodyfound_risk
magura sadar,wednesday,night,23.4875,89.4208,0.1423040862513426,0.0,0.0,0.1423040862513426,0.0,0.0,0.0,1,0,0,1,0,0,0,Very Low,7.134561293770139,kidnap_risk
malibagh,monday,morning,23.728907000000003,90.41713699999998,0.42675007717916924,0.28450005145277946,0.0,0.0,0.0,0.14225002572638973,0.0,3,2,0,0,0,1,0,Moderate,11.40125115768754,murder_risk
malibagh,sunday,afternoon,23.728907,90.417137,0.30970981911442635,0.0,0.0,0.0,0.0,0.30970981911442635,0.0,1,0,0,0,0,1,0,Low,9.645647286716395,robbery_risk
malibagh,thursday,night,23.728907,90.417137,0.31092241695395445,0.0,0.0,0.0,0.31092241695395445,0.0,0.0,1,0,0,0,1,0,0,Low,9.663836254309317,bodyfound_risk
malibagh,wednesday,morning,23.728907,90.417137,0.3153750415937079,0.3153750415937079,0.0,0.0,0.0,0.0,0.0,1,1,0,0,0,0,0,Low,9.730625623905619,murder_risk
malibagh,wednesday,night,23.728907,90.417137,0.36209057242272613,0.0,0.18104528621136307,0.0,0.18104528621136307,0.0,0.0,2,0,1,0,1,0,0,Moderate,10.431358586340892,rape_risk
manda,friday,evening,23.729159,90.441764,0.3372704174561643,0.3372704174561643,0.0,0.0,0.0,0.0,0.0,1,1,0,0,0,0,0,Low,10.059056261842464,murder_risk
manda,friday,night,24.775,88.67,0.17327679125887185,0.17327679125887185,0.0,0.0,0.0,0.0,0.0,1,1,0,0,0,0,0,Very Low,7.599151868883078,murder_risk
manda,monday,night,24.775,88.67,0.1698164420918008,0.1698164420918008,0.0,0.0,0.0,0.0,0.0,1,1,0,0,0,0,0,Very Low,7.547246631377012,murder_risk
manda,tuesday,morning,24.775,88.67,0.16892609042858786,0.0,0.0,0.0,0.16892609042858786,0.0,0.0,1,0,0,0,1,0,0,Very Low,7.533891356428818,bodyfound_risk
manda,wednesday,morning,24.775,88.67,0.17323003998398373,0.17323003998398373,0.0,0.0,0.0,0.0,0.0,1,1,0,0,0,0,0,Very Low,7.598450599759756,murder_risk
manik mia avenue,saturday,morning,23.758698,90.380792,0.5721422963476228,0.0,0.0,0.0,0.5721422963476228,0.0,0.0,1,0,0,0,1,0,0,High,13.582134445214342,bodyfound_risk
manikchari,tuesday,night,22.8347,91.8361,0.3946633894504881,0.3946633894504881,0.0,0.0,0.0,0.0,0.0,1,1,0,0,0,0,0,Moderate,10.919950841757322,murder_risk
manikganj,sunday,night,23.85,90.01,0.43602591751891057,0.0,0.43602591751891057,0.0,0.0,0.0,0.0,1,0,1,0,0,0,0,Moderate,11.540388762783659,rape_risk
manikganj,thursday,evening,23.85,90.01,0.4220927484035156,0.0,0.4220927484035156,0.0,0.0,0.0,0.0,1,0,1,0,0,0,0,Moderate,11.331391226052734,rape_risk
manikganj sadar,friday,morning,23.85,90.0111,0.14421662565803123,0.0,0.0,0.07210831282901561,0.07210831282901561,0.0,0.0,2,0,0,1,1,0,0,Very Low,7.163249384870468,kidnap_risk
manikganj sadar,friday,night,23.85,90.0111,0.11751232902770567,0.0,0.0,0.0,0.0,0.11751232902770567,0.0,1,0,0,0,0,1,0,Very Low,6.762684935415585,robbery_risk
manikganj sadar,monday,morning,23.85,90.0111,0.13935201230431396,0.0,0.0,0.0,0.13935201230431396,0.0,0.0,2,0,0,0,2,0,0,Very Low,7.090280184564709,bodyfound_risk
manikganj sadar,sunday,morning,23.85,90.0111,0.1319689174182341,0.0,0.0,0.0,0.06598445870911705,0.0,0.06598445870911705,2,0,0,0,1,0,1,Very Low,6.979533761273512,bodyfound_risk
manikganj sadar,sunday,night,23.85,90.0111,0.13732896708513984,0.0,0.0,0.0,0.0,0.13732896708513984,0.0,2,0,0,0,0,2,0,Very Low,7.059934506277098,robbery_risk
manikganj sadar,sunday,noon,23.85,90.0111,0.1083578650982815,0.0,0.0,0.0,0.0,0.0,0.1083578650982815,1,0,0,0,0,0,1,Very Low,6.625367976474223,assault_risk
manikganj sadar,thursday,morning,23.85,90.0111,0.19951812887074183,0.0,0.04987953221768546,0.0,0.09975906443537091,0.04987953221768546,0.0,4,0,1,0,2,1,0,Very Low,7.992771933061127,bodyfound_risk
manikganj sadar,thursday,night,23.85,90.0111,0.10979153507578383,0.0,0.10979153507578383,0.0,0.0,0.0,0.0,1,0,1,0,0,0,0,Very Low,6.646873026136758,rape_risk
manikganj sadar,tuesday,night,23.85,90.0111,0.1412557421590117,0.1412557421590117,0.0,0.0,0.0,0.0,0.0,2,2,0,0,0,0,0,Very Low,7.118836132385176,murder_risk
manikganj sadar,wednesday,morning,23.85,90.0111,0.09417390678598313,0.0,0.0,0.0,0.09417390678598313,0.0,0.0,1,0,0,0,1,0,0,Very Low,6.4126086017897475,bodyfound_risk
manikganj sadar,wednesday,night,23.85,90.0111,0.13424910960011094,0.0,0.0,0.0,0.0,0.06712455480005547,0.06712455480005547,2,0,0,0,0,1,1,Very Low,7.013736644001664,robbery_risk
maniknagar,wednesday,noon,23.728907,90.417137,0.5746417752733579,0.0,0.0,0.0,0.0,0.0,0.5746417752733579,1,0,0,0,0,0,1,High,13.619626629100368,assault_risk
manirampur,friday,afternoon,23.0167,89.2333,0.12833753190232483,0.0,0.0,0.0,0.12833753190232483,0.0,0.0,1,0,0,0,1,0,0,Very Low,6.925062978534872,bodyfound_risk
manirampur,friday,evening,23.0167,89.2333,0.12389621694959131,0.0,0.0,0.12389621694959131,0.0,0.0,0.0,1,0,0,1,0,0,0,Very Low,6.85844325424387,kidnap_risk
manirampur,friday,night,23.0167,89.2333,0.15362473191536286,0.07681236595768143,0.07681236595768143,0.0,0.0,0.0,0.0,2,1,1,0,0,0,0,Very Low,7.304370978730443,murder_risk
manirampur,friday,noon,23.0167,89.2333,0.10009996034233781,0.0,0.10009996034233781,0.0,0.0,0.0,0.0,1,0,1,0,0,0,0,Very Low,6.501499405135068,rape_risk
manirampur,monday,evening,23.0167,89.2333,0.14628702311656666,0.0,0.07314351155828333,0.0,0.07314351155828333,0.0,0.0,2,0,1,0,1,0,0,Very Low,7.1943053467485,rape_risk
manirampur,monday,night,23.0167,89.2333,0.1571867151322081,0.0,0.1571867151322081,0.0,0.0,0.0,0.0,2,0,2,0,0,0,0,Very Low,7.357800726983122,rape_risk
manirampur,monday,noon,23.0167,89.2333,0.13110952637192427,0.0,0.13110952637192427,0.0,0.0,0.0,0.0,1,0,1,0,0,0,0,Very Low,6.966642895578865,rape_risk
manirampur,saturday,noon,23.0167,89.2333,0.1351669288515082,0.1351669288515082,0.0,0.0,0.0,0.0,0.0,1,1,0,0,0,0,0,Very Low,7.027503932772623,murder_risk
manirampur,sunday,morning,23.0167,89.2333,0.12349547134148241,0.0,0.0,0.0,0.0,0.0,0.12349547134148241,1,0,0,0,0,0,1,Very Low,6.852432070122236,assault_risk
manirampur,sunday,night,23.0167,89.2333,0.2015949436693632,0.0,0.2015949436693632,0.0,0.0,0.0,0.0,4,0,4,0,0,0,0,Low,8.023924155040447,rape_risk
manirampur,thursday,evening,23.0167,89.2333,0.12560425891243052,0.0,0.0,0.12560425891243052,0.0,0.0,0.0,1,0,0,1,0,0,0,Very Low,6.884063883686458,kidnap_risk
manirampur,thursday,night,23.0167,89.2333,0.1904636255573321,0.0,0.09523181277866605,0.0,0.09523181277866605,0.0,0.0,4,0,2,0,2,0,0,Very Low,7.856954383359982,rape_risk
manirampur,thursday,noon,23.0167,89.2333,0.09908453299790101,0.09908453299790101,0.0,0.0,0.0,0.0,0.0,1,1,0,0,0,0,0,Very Low,6.486267994968515,murder_risk
manirampur,tuesday,morning,23.0167,89.2333,0.13176754125760393,0.13176754125760393,0.0,0.0,0.0,0.0,0.0,1,1,0,0,0,0,0,Very Low,6.976513118864059,murder_risk
manirampur,tuesday,night,23.0167,89.2333,0.1769982341489244,0.1179988227659496,0.0589994113829748,0.0,0.0,0.0,0.0,3,2,1,0,0,0,0,Very Low,7.654973512233866,murder_risk
manirampur,wednesday,evening,23.0167,89.2333,0.12907844610344923,0.0,0.12907844610344923,0.0,0.0,0.0,0.0,1,0,1,0,0,0,0,Very Low,6.936176691551738,rape_risk
manirampur,wednesday,morning,23.0167,89.2333,0.13298956143382412,0.13298956143382412,0.0,0.0,0.0,0.0,0.0,1,1,0,0,0,0,0,Very Low,6.994843421507362,murder_risk
manirampur,wednesday,night,23.0167,89.2333,0.20471054646724934,0.10235527323362467,0.051177636616812336,0.0,0.051177636616812336,0.0,0.0,4,2,1,0,1,0,0,Low,8.07065819700874,murder_risk
mathbaria,monday,morning,22.2869,89.9667,0.1770534849470703,0.11803565663138019,0.0,0.0,0.05901782831569009,0.0,0.0,3,2,0,0,1,0,0,Very Low,7.655802274206055,murder_risk
mathbaria,monday,night,22.2869,89.9667,0.15026979090157533,0.15026979090157533,0.0,0.0,0.0,0.0,0.0,2,2,0,0,0,0,0,Very Low,7.25404686352363,murder_risk
mathbaria,saturday,morning,22.2869,89.9667,0.15666688065154627,0.0,0.0,0.05222229355051542,0.0,0.0,0.10444458710103084,3,0,0,1,0,0,2,Very Low,7.3500032097731935,assault_risk
mathbaria,sunday,afternoon,22.2869,89.9667,0.11306170227235984,0.0,0.11306170227235984,0.0,0.0,0.0,0.0,1,0,1,0,0,0,0,Very Low,6.695925534085397,rape_risk
mathbaria,sunday,morning,22.2869,89.9667,0.14729009037558533,0.07364504518779266,0.0,0.0,0.0,0.0,0.07364504518779266,2,1,0,0,0,0,1,Very Low,7.20935135563378,murder_risk
mathbaria,sunday,night,22.2869,89.9667,0.12487294020188408,0.0,0.12487294020188408,0.0,0.0,0.0,0.0,1,0,1,0,0,0,0,Very Low,6.8730941030282615,rape_risk
mathbaria,thursday,morning,22.2869,89.9667,0.12210200002740403,0.0,0.12210200002740403,0.0,0.0,0.0,0.0,1,0,1,0,0,0,0,Very Low,6.83153000041106,rape_risk
mathbaria,thursday,night,22.2869,89.9667,0.18679513834256195,0.0,0.18679513834256195,0.0,0.0,0.0,0.0,3,0,3,0,0,0,0,Very Low,7.80192707513843,rape_risk
mathbaria,tuesday,morning,22.2869,89.9667,0.21512381089424198,0.10756190544712099,0.10756190544712099,0.0,0.0,0.0,0.0,4,2,2,0,0,0,0,Low,8.22685716341363,murder_risk
matikata,monday,night,23.728907,90.417137,0.5903795472505584,0.0,0.0,0.0,0.5903795472505584,0.0,0.0,1,0,0,0,1,0,0,High,13.855693208758376,bodyfound_risk
matiranga,saturday,morning,23.0417,91.875,0.16243739273673008,0.0,0.0,0.0,0.16243739273673008,0.0,0.0,1,0,0,0,1,0,0,Very Low,7.436560891050951,bodyfound_risk
matiranga,tuesday,morning,23.0417,91.875,0.16608022394203448,0.0,0.0,0.0,0.16608022394203448,0.0,0.0,1,0,0,0,1,0,0,Very Low,7.491203359130517,bodyfound_risk
matiranga,tuesday,night,23.0417,91.875,0.16973514121125344,0.16973514121125344,0.0,0.0,0.0,0.0,0.0,1,1,0,0,0,0,0,Very Low,7.5460271181688015,murder_risk
matiranga,wednesday,morning,23.0417,91.875,0.16259230169681355,0.0,0.0,0.0,0.16259230169681355,0.0,0.0,1,0,0,0,1,0,0,Very Low,7.438884525452203,bodyfound_risk
matuail,saturday,evening,23.728907,90.417137,0.5827486108297322,0.0,0.0,0.0,0.5827486108297322,0.0,0.0,1,0,0,0,1,0,0,High,13.741229162445983,bodyfound_risk
mehendiganj,monday,evening,22.8319,90.5333,0.21707352898006582,0.0,0.21707352898006582,0.0,0.0,0.0,0.0,1,0,1,0,0,0,0,Low,8.256102934700987,rape_risk
mehendiganj,saturday,night,22.8319,90.5333,0.19982015730127373,0.0,0.0,0.0,0.0,0.0,0.19982015730127373,1,0,0,0,0,0,1,Very Low,7.9973023595191055,assault_risk
mehendiganj,tuesday,night,22.8319,90.5333,0.20349136409413676,0.20349136409413676,0.0,0.0,0.0,0.0,0.0,1,1,0,0,0,0,0,Low,8.052370461412051,murder_risk
meherpur sadar,friday,night,23.775,88.6417,0.1490569821334798,0.0,0.0,0.0,0.0,0.1490569821334798,0.0,1,0,0,0,0,1,0,Very Low,7.235854732002197,robbery_risk
meherpur sadar,saturday,night,23.775,88.6417,0.14533443800996743,0.0,0.0,0.0,0.0,0.14533443800996743,0.0,1,0,0,0,0,1,0,Very Low,7.180016570149512,robbery_risk
meherpur sadar,sunday,afternoon,23.775,88.6417,0.15511686834723945,0.15511686834723945,0.0,0.0,0.0,0.0,0.0,1,1,0,0,0,0,0,Very Low,7.326753025208592,murder_risk
meherpur sadar,thursday,night,23.775,88.6417,0.2158789420914681,0.10793947104573405,0.0,0.0,0.10793947104573405,0.0,0.0,2,1,0,0,1,0,0,Low,8.238184131372021,murder_risk
meherpur sadar,thursday,noon,23.775,88.6417,0.1479431419067973,0.1479431419067973,0.0,0.0,0.0,0.0,0.0,1,1,0,0,0,0,0,Very Low,7.21914712860196,murder_risk
melandah,friday,evening,24.9667,89.8333,0.11500699877640277,0.0,0.0,0.0,0.0,0.0,0.11500699877640277,1,0,0,0,0,0,1,Very Low,6.725104981646042,assault_risk
melandah,friday,morning,24.9667,89.8333,0.1793940594286231,0.0,0.0,0.0,0.1793940594286231,0.0,0.0,3,0,0,0,3,0,0,Very Low,7.690910891429347,bodyfound_risk
melandah,monday,morning,24.9667,89.8333,0.11408220072713356,0.0,0.0,0.0,0.11408220072713356,0.0,0.0,1,0,0,0,1,0,0,Very Low,6.711233010907003,bodyfound_risk
melandah,monday,night,24.9667,89.8333,0.13322739921004456,0.13322739921004456,0.0,0.0,0.0,0.0,0.0,1,1,0,0,0,0,0,Very Low,6.998410988150669,murder_risk
melandah,saturday,morning,24.9667,89.8333,0.20125335679231615,0.06708445226410538,0.0,0.0,0.13416890452821076,0.0,0.0,3,1,0,0,2,0,0,Low,8.018800351884742,bodyfound_risk
melandah,saturday,night,24.9667,89.8333,0.08045963501549618,0.08045963501549618,0.0,0.0,0.0,0.0,0.0,1,1,0,0,0,0,0,Very Low,6.206894525232443,murder_risk
melandah,thursday,morning,24.9667,89.8333,0.13703757603709704,0.0,0.13703757603709704,0.0,0.0,0.0,0.0,1,0,1,0,0,0,0,Very Low,7.055563640556455,rape_risk
melandah,thursday,night,24.9667,89.8333,0.12090768938027305,0.12090768938027305,0.0,0.0,0.0,0.0,0.0,1,1,0,0,0,0,0,Very Low,6.813615340704096,murder_risk
melandah,tuesday,night,24.9667,89.8333,0.12559782065034503,0.0,0.12559782065034503,0.0,0.0,0.0,0.0,1,0,1,0,0,0,0,Very Low,6.8839673097551755,rape_risk
melandah,tuesday,noon,24.9667,89.8333,0.12174640939021854,0.0,0.0,0.0,0.12174640939021854,0.0,0.0,1,0,0,0,1,0,0,Very Low,6.826196140853278,bodyfound_risk
melandah,wednesday,evening,24.9667,89.8333,0.11391953508340931,0.0,0.11391953508340931,0.0,0.0,0.0,0.0,1,0,1,0,0,0,0,Very Low,6.70879302625114,rape_risk
melandah,wednesday,night,24.9667,89.8333,0.11967069883685334,0.11967069883685334,0.0,0.0,0.0,0.0,0.0,1,1,0,0,0,0,0,Very Low,6.7950604825528,murder_risk
mirpur,friday,afternoon,23.805381,90.374565,0.2914796379800905,0.2914796379800905,0.0,0.0,0.0,0.0,0.0,1,1,0,0,0,0,0,Low,9.372194569701357,murder_risk
mirpur,friday,morning,23.805381,90.374565,0.26050276955830987,0.0,0.0,0.0,0.26050276955830987,0.0,0.0,1,0,0,0,1,0,0,Low,8.907541543374649,bodyfound_risk
mirpur,friday,night,23.823655142857145,90.17819857142857,0.3903167229542574,0.0,0.22303812740243278,0.0,0.055759531850608196,0.055759531850608196,0.055759531850608196,7,0,4,0,1,1,1,Moderate,10.85475084431386,rape_risk
mirpur,friday,noon,23.805381,90.374565,0.29927437315996586,0.0,0.0,0.14963718657998293,0.14963718657998293,0.0,0.0,2,0,0,1,1,0,0,Low,9.489115597399488,kidnap_risk
mirpur,monday,afternoon,23.805381,90.374565,0.32712104554892063,0.0,0.0,0.10904034851630687,0.21808069703261374,0.0,0.0,3,0,0,1,2,0,0,Low,9.906815683233809,bodyfound_risk
mirpur,monday,evening,23.9333,89.0,0.13804834317359277,0.0,0.0,0.13804834317359277,0.0,0.0,0.0,2,0,0,2,0,0,0,Very Low,7.070725147603891,kidnap_risk
mirpur,monday,morning,23.805381,90.374565,0.30833896391937327,0.20555930927958216,0.0,0.0,0.10277965463979108,0.0,0.0,3,2,0,0,1,0,0,Low,9.6250844587906,murder_risk
mirpur,monday,night,23.805381,90.374565,0.3064006281947659,0.0,0.0,0.0,0.20426708546317723,0.10213354273158862,0.0,3,0,0,0,2,1,0,Low,9.596009422921489,bodyfound_risk
mirpur,saturday,afternoon,23.805381,90.374565,0.28487385040224206,0.0,0.28487385040224206,0.0,0.0,0.0,0.0,1,0,1,0,0,0,0,Low,9.273107756033632,rape_risk
mirpur,saturday,evening,23.890660333333333,89.45818833333334,0.32064951665481395,0.0,0.0,0.21376634443654263,0.10688317221827132,0.0,0.0,3,0,0,2,1,0,0,Low,9.80974274982221,kidnap_risk
mirpur,saturday,night,23.805381,90.374565,0.3561015661780636,0.0,0.21366093970683817,0.0,0.14244062647122543,0.0,0.0,5,0,3,0,2,0,0,Moderate,10.341523492670955,rape_risk
mirpur,sunday,evening,23.8693405,89.68728250000001,0.2807668136872529,0.0,0.0,0.14038340684362646,0.0,0.14038340684362646,0.0,2,0,0,1,0,1,0,Low,9.211502205308793,kidnap_risk
mirpur,sunday,morning,23.805381,90.374565,0.34246461724810473,0.0,0.06849292344962095,0.1369858468992419,0.1369858468992419,0.0,0.0,5,0,1,2,2,0,0,Low,10.136969258721571,kidnap_risk
mirpur,sunday,night,23.805381,90.374565,0.3742711347720692,0.053467304967438456,0.10693460993487691,0.0,0.10693460993487691,0.053467304967438456,0.053467304967438456,7,1,2,0,2,1,1,Moderate,10.614067021581038,rape_risk
mirpur,sunday,noon,23.805381,90.374565,0.33561120984460374,0.16780560492230187,0.0,0.08390280246115094,0.0,0.0,0.08390280246115094,4,2,0,1,0,0,1,Low,10.034168147669057,murder_risk
mirpur,thursday,evening,23.9333,89.0,0.1389556567950558,0.0,0.0,0.1389556567950558,0.0,0.0,0.0,2,0,0,2,0,0,0,Very Low,7.084334851925837,kidnap_risk
mirpur,thursday,morning,23.805381,90.374565,0.301949385573157,0.0,0.0,0.0,0.0,0.0,0.301949385573157,2,0,0,0,0,0,2,Low,9.529240783597356,assault_risk
mirpur,thursday,night,23.805381,90.374565,0.323929279365372,0.0,0.0,0.080982319841343,0.0,0.242946959524029,0.0,4,0,0,1,0,3,0,Low,9.85893919048058,robbery_risk
mirpur,tuesday,afternoon,23.805381,90.374565,0.30203152859289145,0.0,0.15101576429644573,0.0,0.15101576429644573,0.0,0.0,2,0,1,0,1,0,0,Low,9.53047292889337,rape_risk
mirpur,tuesday,evening,23.805381,90.374565,0.29131858068142624,0.0,0.0,0.0,0.0,0.0,0.29131858068142624,1,0,0,0,0,0,1,Low,9.369778710221393,assault_risk
mirpur,tuesday,morning,23.837360750000002,90.03092375,0.32803797904834864,0.0,0.0,0.08200949476208716,0.16401898952417432,0.08200949476208716,0.0,4,0,0,1,2,1,0,Low,9.92056968572523,bodyfound_risk
mirpur,tuesday,night,23.826700833333334,90.14547083333333,0.37516733870148955,0.18758366935074477,0.06252788978358159,0.0,0.0,0.06252788978358159,0.06252788978358159,6,3,1,0,0,1,1,Moderate,10.627510080522343,murder_risk
mirpur,wednesday,morning,23.805381,90.374565,0.2967061916183006,0.0,0.0,0.0,0.2967061916183006,0.0,0.0,2,0,0,0,2,0,0,Low,9.45059287427451,bodyfound_risk
mirpur,wednesday,night,23.848020666666667,89.91637666666668,0.30130264182263816,0.0,0.10043421394087938,0.10043421394087938,0.0,0.0,0.10043421394087938,3,0,1,1,0,0,1,Low,9.519539627339572,rape_risk
mirpur,wednesday,noon,23.9333,89.0,0.10527016380828402,0.10527016380828402,0.0,0.0,0.0,0.0,0.0,1,1,0,0,0,0,0,Very Low,6.57905245712426,murder_risk
mirsharai,friday,night,22.31667,91.81667,0.1138431357221066,0.0,0.0,0.0,0.0,0.1138431357221066,0.0,1,0,0,0,0,1,0,Very Low,6.707647035831599,robbery_risk
mirsharai,monday,afternoon,22.31667,91.81667,0.14853906179305165,0.07426953089652583,0.0,0.0,0.07426953089652583,0.0,0.0,2,1,0,0,1,0,0,Very Low,7.2280859268957744,murder_risk
mirsharai,monday,morning,22.31667,91.81667,0.11258368143052114,0.0,0.0,0.0,0.0,0.11258368143052114,0.0,1,0,0,0,0,1,0,Very Low,6.688755221457817,robbery_risk
mirsharai,saturday,morning,22.31667,91.81667,0.15681147495392475,0.0,0.0,0.07840573747696238,0.07840573747696238,0.0,0.0,2,0,0,1,1,0,0,Very Low,7.352172124308871,kidnap_risk
mirsharai,saturday,night,22.31667,91.81667,0.11885350646572043,0.0,0.11885350646572043,0.0,0.0,0.0,0.0,1,0,1,0,0,0,0,Very Low,6.782802596985807,rape_risk
mirsharai,sunday,morning,22.31667,91.81667,0.157853897980073,0.05261796599335766,0.0,0.0,0.05261796599335766,0.0,0.05261796599335766,3,1,0,0,1,0,1,Very Low,7.367808469701095,murder_risk
mirsharai,sunday,night,22.31667,91.81667,0.0874677070203311,0.0,0.0874677070203311,0.0,0.0,0.0,0.0,1,0,1,0,0,0,0,Very Low,6.312015605304967,rape_risk
mirsharai,thursday,night,22.31667,91.81667,0.11528708056362263,0.0,0.0,0.0,0.0,0.11528708056362263,0.0,1,0,0,0,0,1,0,Very Low,6.729306208454339,robbery_risk
mirsharai,tuesday,morning,22.31667,91.81667,0.13964892439295107,0.0,0.0,0.0,0.13964892439295107,0.0,0.0,2,0,0,0,2,0,0,Very Low,7.094733865894266,bodyfound_risk
mirsharai,tuesday,night,22.31667,91.81667,0.11851074767038025,0.11851074767038025,0.0,0.0,0.0,0.0,0.0,1,1,0,0,0,0,0,Very Low,6.777661215055704,murder_risk
mirsharai,wednesday,night,22.31667,91.81667,0.11846536356821946,0.0,0.11846536356821946,0.0,0.0,0.0,0.0,1,0,1,0,0,0,0,Very Low,6.776980453523292,rape_risk
mirzaganj,friday,night,22.3625,90.2417,0.2521454126561537,0.2521454126561537,0.0,0.0,0.0,0.0,0.0,1,1,0,0,0,0,0,Low,8.782181189842305,murder_risk
mirzaganj,monday,night,22.3625,90.2417,0.2604675690605961,0.0,0.2604675690605961,0.0,0.0,0.0,0.0,1,0,1,0,0,0,0,Low,8.907013535908941,rape_risk
mirzapur,friday,morning,24.1083,90.0917,0.12554505921393294,0.0,0.0,0.0,0.12554505921393294,0.0,0.0,1,0,0,0,1,0,0,Very Low,6.883175888208994,bodyfound_risk
mirzapur,friday,night,24.1083,90.0917,0.25093837595240776,0.18820378196430582,0.06273459398810194,0.0,0.0,0.0,0.0,4,3,1,0,0,0,0,Low,8.764075639286116,murder_risk
mirzapur,monday,night,24.1083,90.0917,0.12546758102327984,0.0,0.0,0.0,0.0,0.12546758102327984,0.0,1,0,0,0,0,1,0,Very Low,6.882013715349197,robbery_risk
mirzapur,saturday,night,24.1083,90.0917,0.1425630549198407,0.1425630549198407,0.0,0.0,0.0,0.0,0.0,1,1,0,0,0,0,0,Very Low,7.1384458237976105,murder_risk
mirzapur,sunday,morning,24.1083,90.0917,0.1269611761614034,0.0,0.0,0.1269611761614034,0.0,0.0,0.0,1,0,0,1,0,0,0,Very Low,6.904417642421051,kidnap_risk
mirzapur,sunday,night,24.1083,90.0917,0.11102360824632024,0.0,0.0,0.0,0.0,0.11102360824632024,0.0,1,0,0,0,0,1,0,Very Low,6.6653541236948035,robbery_risk
mirzapur,thursday,morning,24.1083,90.0917,0.12366681644385033,0.0,0.0,0.0,0.12366681644385033,0.0,0.0,1,0,0,0,1,0,0,Very Low,6.8550022466577545,bodyfound_risk
mirzapur,tuesday,morning,24.1083,90.0917,0.15437697886592266,0.0,0.0,0.0,0.15437697886592266,0.0,0.0,2,0,0,0,2,0,0,Very Low,7.31565468298884,bodyfound_risk
mirzapur,wednesday,night,24.1083,90.0917,0.12987451498495378,0.12987451498495378,0.0,0.0,0.0,0.0,0.0,1,1,0,0,0,0,0,Very Low,6.948117724774306,murder_risk
mithapukur,friday,morning,25.5417,89.2833,0.1369933550558342,0.0,0.0,0.0,0.0,0.1369933550558342,0.0,1,0,0,0,0,1,0,Very Low,7.054900325837513,robbery_risk
mithapukur,friday,night,25.5417,89.2833,0.15518075927295802,0.0,0.15518075927295802,0.0,0.0,0.0,0.0,1,0,1,0,0,0,0,Very Low,7.32771138909437,rape_risk
mithapukur,monday,afternoon,25.5417,89.2833,0.13871416859638075,0.0,0.0,0.0,0.13871416859638075,0.0,0.0,1,0,0,0,1,0,0,Very Low,7.080712528945711,bodyfound_risk
mithapukur,monday,morning,25.5417,89.2833,0.13701431376153958,0.0,0.0,0.0,0.13701431376153958,0.0,0.0,1,0,0,0,1,0,0,Very Low,7.055214706423094,bodyfound_risk
mithapukur,monday,night,25.5417,89.2833,0.15336217373283956,0.0,0.15336217373283956,0.0,0.0,0.0,0.0,1,0,1,0,0,0,0,Very Low,7.300432605992594,rape_risk
mithapukur,sunday,morning,25.5417,89.2833,0.17136066594662883,0.0,0.0,0.0,0.17136066594662883,0.0,0.0,2,0,0,0,2,0,0,Very Low,7.570409989199432,bodyfound_risk
mithapukur,thursday,morning,25.5417,89.2833,0.11142964262072565,0.0,0.0,0.0,0.0,0.0,0.11142964262072565,1,0,0,0,0,0,1,Very Low,6.671444639310884,assault_risk
mithapukur,tuesday,night,25.5417,89.2833,0.11897320911422067,0.0,0.11897320911422067,0.0,0.0,0.0,0.0,1,0,1,0,0,0,0,Very Low,6.78459813671331,rape_risk
mithapukur,wednesday,night,25.5417,89.2833,0.17150956291475622,0.08575478145737811,0.0,0.0,0.0,0.0,0.08575478145737811,2,1,0,0,0,0,1,Very Low,7.5726434437213435,murder_risk
modhubagh,thursday,evening,23.784506,90.403409,0.5692343973204367,0.0,0.0,0.5692343973204367,0.0,0.0,0.0,1,0,0,1,0,0,0,High,13.538515959806551,kidnap_risk
moghbazar,friday,night,23.754232,90.410831,0.29172382823853465,0.0,0.0,0.0,0.29172382823853465,0.0,0.0,1,0,0,0,1,0,0,Low,9.375857423578019,bodyfound_risk
moghbazar,monday,afternoon,23.754232,90.410831,0.3243191238160891,0.0,0.0,0.0,0.16215956190804456,0.16215956190804456,0.0,2,0,0,0,1,1,0,Low,9.864786857241338,bodyfound_risk
moghbazar,monday,evening,23.754232,90.410831,0.30653851989720504,0.0,0.0,0.0,0.30653851989720504,0.0,0.0,1,0,0,0,1,0,0,Low,9.598077798458075,bodyfound_risk
moghbazar,monday,morning,23.754232,90.410831,0.2904762615816486,0.0,0.0,0.0,0.2904762615816486,0.0,0.0,1,0,0,0,1,0,0,Low,9.357143923724728,bodyfound_risk
moghbazar,monday,night,23.754232,90.410831,0.31190128638099324,0.0,0.0,0.0,0.0,0.0,0.31190128638099324,1,0,0,0,0,0,1,Low,9.6785192957149,assault_risk
moghbazar,saturday,noon,23.754232,90.410831,0.295526162574386,0.0,0.0,0.0,0.0,0.295526162574386,0.0,1,0,0,0,0,1,0,Low,9.432892438615792,robbery_risk
moghbazar,sunday,afternoon,23.754232,90.410831,0.27692730869775467,0.0,0.0,0.0,0.0,0.0,0.27692730869775467,1,0,0,0,0,0,1,Low,9.15390963046632,assault_risk
moghbazar,sunday,morning,23.754232,90.410831,0.3014880394333306,0.0,0.0,0.3014880394333306,0.0,0.0,0.0,1,0,0,1,0,0,0,Low,9.522320591499959,kidnap_risk
moghbazar,thursday,noon,23.754232,90.410831,0.3208932874762456,0.3208932874762456,0.0,0.0,0.0,0.0,0.0,1,1,0,0,0,0,0,Low,9.813399312143684,murder_risk
moghbazar,tuesday,night,23.754232,90.410831,0.3005481771755506,0.0,0.0,0.0,0.0,0.3005481771755506,0.0,1,0,0,0,0,1,0,Low,9.508222657633258,robbery_risk
moghbazar,wednesday,morning,23.754232,90.410831,0.3024013161325605,0.0,0.0,0.0,0.0,0.3024013161325605,0.0,1,0,0,0,0,1,0,Low,9.536019741988408,robbery_risk
mohakhali,monday,night,23.784506,90.403409,0.3388902501121751,0.0,0.0,0.16944512505608755,0.16944512505608755,0.0,0.0,2,0,0,1,1,0,0,Low,10.083353751682626,kidnap_risk
mohakhali,saturday,morning,23.784506,90.403409,0.2990779266754717,0.0,0.0,0.0,0.2990779266754717,0.0,0.0,1,0,0,0,1,0,0,Low,9.486168900132075,bodyfound_risk
mohakhali,sunday,morning,23.784506,90.403409,0.3076171898520654,0.3076171898520654,0.0,0.0,0.0,0.0,0.0,1,1,0,0,0,0,0,Low,9.61425784778098,murder_risk
mohakhali,sunday,night,23.784506,90.403409,0.302213971379667,0.0,0.0,0.0,0.302213971379667,0.0,0.0,1,0,0,0,1,0,0,Low,9.533209570695005,bodyfound_risk
mohakhali,sunday,noon,23.784506,90.403409,0.2968827785109414,0.0,0.0,0.0,0.0,0.0,0.2968827785109414,1,0,0,0,0,0,1,Low,9.45324167766412,assault_risk
mohakhali,tuesday,night,23.784506,90.403409,0.31644405482483406,0.0,0.0,0.0,0.0,0.31644405482483406,0.0,1,0,0,0,0,1,0,Low,9.746660822372512,robbery_risk
mohakhali,wednesday,morning,23.784506,90.403409,0.3620600234583792,0.1810300117291896,0.0,0.0,0.1810300117291896,0.0,0.0,2,1,0,0,1,0,0,Moderate,10.430900351875689,murder_risk
mohakhali,wednesday,night,23.784506,90.403409,0.2972888520373191,0.0,0.0,0.0,0.0,0.0,0.2972888520373191,1,0,0,0,0,0,1,Low,9.459332780559787,assault_risk
mohakhali,wednesday,noon,23.784506,90.403409,0.31667786453507596,0.0,0.0,0.0,0.31667786453507596,0.0,0.0,1,0,0,0,1,0,0,Low,9.75016796802614,bodyfound_risk
mohalchari,friday,night,23.0417,91.9944,0.22305574646495327,0.0,0.0,0.0,0.0,0.0,0.22305574646495327,1,0,0,0,0,0,1,Low,8.345836196974298,assault_risk
mohalchari,monday,morning,23.0417,91.9944,0.23310645585969725,0.23310645585969725,0.0,0.0,0.0,0.0,0.0,1,1,0,0,0,0,0,Low,8.496596837895458,murder_risk
mohammadpur,friday,morning,23.038424,91.0859495,0.30251982910915326,0.0,0.0,0.0,0.30251982910915326,0.0,0.0,2,0,0,0,2,0,0,Low,9.537797436637298,bodyfound_risk
mohammadpur,friday,night,23.760178,90.355229,0.28045958999148224,0.0,0.0,0.0,0.0,0.28045958999148224,0.0,1,0,0,0,0,1,0,Low,9.206893849872234,robbery_risk
mohammadpur,monday,night,23.760178,90.355229,0.3188106071817096,0.1594053035908548,0.1594053035908548,0.0,0.0,0.0,0.0,2,1,1,0,0,0,0,Low,9.782159107725644,murder_risk
mohammadpur,saturday,afternoon,23.760178,90.355229,0.2903901415295856,0.0,0.2903901415295856,0.0,0.0,0.0,0.0,1,0,1,0,0,0,0,Low,9.355852122943784,rape_risk
mohammadpur,saturday,morning,23.760178,90.355229,0.2901072650534196,0.0,0.0,0.0,0.2901072650534196,0.0,0.0,1,0,0,0,1,0,0,Low,9.351608975801295,bodyfound_risk
mohammadpur,saturday,night,23.760178,90.355229,0.29808650446538987,0.0,0.0,0.0,0.14904325223269493,0.0,0.14904325223269493,2,0,0,0,1,0,1,Low,9.471297566980848,bodyfound_risk
mohammadpur,sunday,evening,23.760178,90.355229,0.29137566969660744,0.0,0.29137566969660744,0.0,0.0,0.0,0.0,1,0,1,0,0,0,0,Low,9.370635045449111,rape_risk
mohammadpur,sunday,night,23.760178,90.355229,0.3153279997927247,0.15766399989636234,0.15766399989636234,0.0,0.0,0.0,0.0,2,1,1,0,0,0,0,Low,9.729919996890871,murder_risk
mohammadpur,sunday,noon,23.760178,90.355229,0.30019512859785485,0.0,0.0,0.0,0.0,0.0,0.30019512859785485,2,0,0,0,0,0,2,Low,9.502926928967824,assault_risk
mohammadpur,thursday,morning,23.760178,90.355229,0.3272002051337938,0.0,0.0,0.0,0.10906673504459792,0.10906673504459792,0.10906673504459792,3,0,0,0,1,1,1,Low,9.908003077006907,bodyfound_risk
mohammadpur,thursday,night,23.760178,90.355229,0.3344487912364071,0.3344487912364071,0.0,0.0,0.0,0.0,0.0,3,3,0,0,0,0,0,Low,10.016731868546106,murder_risk
mohammadpur,thursday,noon,23.760178,90.355229,0.2867887529220723,0.0,0.0,0.0,0.2867887529220723,0.0,0.0,1,0,0,0,1,0,0,Low,9.301831293831084,bodyfound_risk
mohammadpur,tuesday,morning,23.760178,90.355229,0.3275741541702674,0.0,0.0,0.10919138472342246,0.0,0.0,0.21838276944684493,3,0,0,1,0,0,2,Low,9.913612312554012,assault_risk
mohammadpur,tuesday,night,23.760178,90.355229,0.27872080527521836,0.0,0.0,0.0,0.0,0.0,0.27872080527521836,1,0,0,0,0,0,1,Low,9.180812079128275,assault_risk
mohammadpur,wednesday,afternoon,23.760178,90.355229,0.29992961272694824,0.0,0.0,0.0,0.29992961272694824,0.0,0.0,1,0,0,0,1,0,0,Low,9.498944190904224,bodyfound_risk
mohammadpur,wednesday,morning,23.760178,90.355229,0.28593541575676273,0.0,0.0,0.14296770787838137,0.14296770787838137,0.0,0.0,2,0,0,1,1,0,0,Low,9.289031236351441,kidnap_risk
mohammadpur,wednesday,night,23.760178,90.355229,0.3585239308098383,0.3585239308098383,0.0,0.0,0.0,0.0,0.0,3,3,0,0,0,0,0,Moderate,10.377858962147574,murder_risk
moheshkhali,monday,night,21.55,91.95,0.13332376432838947,0.0,0.0,0.0,0.0,0.0,0.13332376432838947,1,0,0,0,0,0,1,Very Low,6.999856464925842,assault_risk
moheshkhali,saturday,night,21.55,91.95,0.19562785698906182,0.0,0.0,0.0,0.0,0.1304185713260412,0.0652092856630206,3,0,0,0,0,2,1,Very Low,7.934417854835927,robbery_risk
moheshkhali,thursday,morning,21.55,91.95,0.1289564999145753,0.0,0.0,0.1289564999145753,0.0,0.0,0.0,1,0,0,1,0,0,0,Very Low,6.93434749871863,kidnap_risk
moheshkhali,thursday,night,21.55,91.95,0.16653409830625188,0.08326704915312594,0.0,0.0,0.0,0.08326704915312594,0.0,2,1,0,0,0,1,0,Very Low,7.498011474593778,murder_risk
moheshkhali,thursday,noon,21.55,91.95,0.14075540035774115,0.0,0.14075540035774115,0.0,0.0,0.0,0.0,2,0,2,0,0,0,0,Very Low,7.111331005366117,rape_risk
moheshkhali,tuesday,evening,21.55,91.95,0.10775375802384612,0.0,0.10775375802384612,0.0,0.0,0.0,0.0,1,0,1,0,0,0,0,Very Low,6.616306370357692,rape_risk
moheshpur,friday,morning,23.35,88.9125,0.1283498726203945,0.0,0.0,0.1283498726203945,0.0,0.0,0.0,1,0,0,1,0,0,0,Very Low,6.925248089305917,kidnap_risk
moheshpur,friday,night,23.35,88.9125,0.1836887546060908,0.1836887546060908,0.0,0.0,0.0,0.0,0.0,2,2,0,0,0,0,0,Very Low,7.755331319091362,murder_risk
moheshpur,sunday,morning,23.35,88.9125,0.1402591388879129,0.0,0.0,0.1402591388879129,0.0,0.0,0.0,1,0,0,1,0,0,0,Very Low,7.103887083318693,kidnap_risk
moheshpur,thursday,night,23.35,88.9125,0.133079502272836,0.0,0.133079502272836,0.0,0.0,0.0,0.0,1,0,1,0,0,0,0,Very Low,6.99619253409254,rape_risk
moheshpur,tuesday,night,23.35,88.9125,0.1476661950679008,0.1476661950679008,0.0,0.0,0.0,0.0,0.0,1,1,0,0,0,0,0,Very Low,7.214992926018512,murder_risk
moheshpur,wednesday,morning,23.35,88.9125,0.18169041290946064,0.0,0.0,0.0,0.18169041290946064,0.0,0.0,2,0,0,0,2,0,0,Very Low,7.725356193641909,bodyfound_risk
moheshpur,wednesday,night,23.35,88.9125,0.11787319472256474,0.0,0.11787319472256474,0.0,0.0,0.0,0.0,1,0,1,0,0,0,0,Very Low,6.768097920838471,rape_risk
mohonpur,friday,night,24.5639,88.65,0.3339876522492719,0.3339876522492719,0.0,0.0,0.0,0.0,0.0,2,2,0,0,0,0,0,Low,10.009814783739078,murder_risk
mohonpur,sunday,night,24.5639,88.65,0.1933627683562432,0.1933627683562432,0.0,0.0,0.0,0.0,0.0,1,1,0,0,0,0,0,Very Low,7.900441525343648,murder_risk
mollahat,sunday,morning,22.8887,89.771842,0.17827172791875506,0.0,0.17827172791875506,0.0,0.0,0.0,0.0,1,0,1,0,0,0,0,Very Low,7.674075918781326,rape_risk
mollahat,tuesday,night,22.8887,89.771842,0.2620388463361391,0.0,0.13101942316806955,0.0,0.13101942316806955,0.0,0.0,2,0,1,0,1,0,0,Low,8.930582695042087,rape_risk
mollahat,wednesday,night,22.8887,89.771842,0.17770789445245816,0.17770789445245816,0.0,0.0,0.0,0.0,0.0,1,1,0,0,0,0,0,Very Low,7.665618416786872,murder_risk
mongla,friday,evening,22.4833,89.6083,0.1364036164418334,0.0,0.0,0.0,0.0,0.0,0.1364036164418334,1,0,0,0,0,0,1,Very Low,7.046054246627501,assault_risk
mongla,friday,morning,22.4833,89.6083,0.18376500467040946,0.0,0.0,0.18376500467040946,0.0,0.0,0.0,2,0,0,2,0,0,0,Very Low,7.756475070056142,kidnap_risk
mongla,monday,morning,22.4833,89.6083,0.14911004184259574,0.0,0.0,0.14911004184259574,0.0,0.0,0.0,1,0,0,1,0,0,0,Very Low,7.2366506276389355,kidnap_risk
mongla,saturday,morning,22.4833,89.6083,0.14402220886747752,0.0,0.0,0.14402220886747752,0.0,0.0,0.0,1,0,0,1,0,0,0,Very Low,7.160333133012163,kidnap_risk
mongla,saturday,night,22.4833,89.6083,0.12862643787950676,0.0,0.12862643787950676,0.0,0.0,0.0,0.0,1,0,1,0,0,0,0,Very Low,6.929396568192601,rape_risk
mongla,saturday,noon,22.4833,89.6083,0.1354516298796156,0.0,0.0,0.1354516298796156,0.0,0.0,0.0,1,0,0,1,0,0,0,Very Low,7.031774448194234,kidnap_risk
monipur,sunday,noon,23.800242,90.366958,0.6112179545688692,0.6112179545688692,0.0,0.0,0.0,0.0,0.0,3,3,0,0,0,0,0,High,14.168269318533039,murder_risk
monohargonj,monday,night,23.1667,91.0667,0.3984604505954871,0.0,0.0,0.0,0.3984604505954871,0.0,0.0,1,0,0,0,1,0,0,Moderate,10.976906758932307,bodyfound_risk
monpura,friday,morning,22.2986,90.9792,0.1377254832092511,0.0,0.0,0.0,0.1377254832092511,0.0,0.0,1,0,0,0,1,0,0,Very Low,7.065882248138767,bodyfound_risk
monpura,monday,night,22.2986,90.9792,0.1440260949484892,0.1440260949484892,0.0,0.0,0.0,0.0,0.0,1,1,0,0,0,0,0,Very Low,7.160391424227338,murder_risk
monpura,saturday,evening,22.2986,90.9792,0.1275263496335725,0.0,0.1275263496335725,0.0,0.0,0.0,0.0,1,0,1,0,0,0,0,Very Low,6.912895244503588,rape_risk
monpura,sunday,morning,22.2986,90.9792,0.13732393414583188,0.0,0.0,0.13732393414583188,0.0,0.0,0.0,1,0,0,1,0,0,0,Very Low,7.059859012187478,kidnap_risk
monpura,tuesday,evening,22.2986,90.9792,0.13848497087413325,0.0,0.0,0.0,0.0,0.13848497087413325,0.0,1,0,0,0,0,1,0,Very Low,7.077274563111999,robbery_risk
monpura,tuesday,night,22.2986,90.9792,0.14635071125620003,0.0,0.0,0.0,0.0,0.14635071125620003,0.0,1,0,0,0,0,1,0,Very Low,7.195260668843,robbery_risk
monpura,wednesday,night,22.2986,90.9792,0.13069420443442364,0.0,0.13069420443442364,0.0,0.0,0.0,0.0,1,0,1,0,0,0,0,Very Low,6.960413066516354,rape_risk
morrelganj,friday,night,22.45,89.8583,0.22810601518075277,0.11405300759037638,0.05702650379518819,0.0,0.05702650379518819,0.0,0.0,4,2,1,0,1,0,0,Low,8.421590227711292,murder_risk
morrelganj,monday,night,22.45,89.8583,0.131497155255576,0.131497155255576,0.0,0.0,0.0,0.0,0.0,1,1,0,0,0,0,0,Very Low,6.97245732883364,murder_risk
morrelganj,monday,noon,22.45,89.8583,0.12362578824947257,0.12362578824947257,0.0,0.0,0.0,0.0,0.0,1,1,0,0,0,0,0,Very Low,6.854386823742089,murder_risk
morrelganj,saturday,night,22.45,89.8583,0.14820876629685736,0.07410438314842868,0.0,0.0,0.07410438314842868,0.0,0.0,2,1,0,0,1,0,0,Very Low,7.22313149445286,murder_risk
morrelganj,sunday,night,22.45,89.8583,0.12400896277301354,0.12400896277301354,0.0,0.0,0.0,0.0,0.0,1,1,0,0,0,0,0,Very Low,6.8601344415952035,murder_risk
morrelganj,thursday,night,22.45,89.8583,0.11617851448866381,0.0,0.0,0.0,0.11617851448866381,0.0,0.0,1,0,0,0,1,0,0,Very Low,6.742677717329958,bodyfound_risk
morrelganj,tuesday,morning,22.45,89.8583,0.12366982983907936,0.0,0.0,0.12366982983907936,0.0,0.0,0.0,1,0,0,1,0,0,0,Very Low,6.85504744758619,kidnap_risk
morrelganj,tuesday,night,22.45,89.8583,0.11385387087434751,0.0,0.11385387087434751,0.0,0.0,0.0,0.0,1,0,1,0,0,0,0,Very Low,6.707808063115213,rape_risk
morrelganj,wednesday,night,22.45,89.8583,0.19594898923251758,0.13063265948834504,0.06531632974417252,0.0,0.0,0.0,0.0,3,2,1,0,0,0,0,Very Low,7.939234838487764,murder_risk
motijheel,friday,morning,23.737051,90.423374,0.30474453708481936,0.0,0.0,0.0,0.30474453708481936,0.0,0.0,1,0,0,0,1,0,0,Low,9.57116805627229,bodyfound_risk
motijheel,friday,night,23.737051,90.423374,0.2988382852882169,0.0,0.0,0.0,0.0,0.0,0.2988382852882169,1,0,0,0,0,0,1,Low,9.482574279323252,assault_risk
motijheel,monday,afternoon,23.737051,90.423374,0.2979902051043087,0.0,0.0,0.0,0.2979902051043087,0.0,0.0,1,0,0,0,1,0,0,Low,9.469853076564629,bodyfound_risk
motijheel,monday,morning,23.737051,90.423374,0.2997601968235881,0.0,0.0,0.0,0.2997601968235881,0.0,0.0,1,0,0,0,1,0,0,Low,9.496402952353822,bodyfound_risk
motijheel,monday,night,23.737051,90.423374,0.298025038935665,0.0,0.0,0.0,0.0,0.298025038935665,0.0,1,0,0,0,0,1,0,Low,9.470375584034976,robbery_risk
motijheel,thursday,morning,23.737051,90.423374,0.33660695335875723,0.0,0.0,0.0,0.16830347667937862,0.0,0.16830347667937862,2,0,0,0,1,0,1,Low,10.049104300381359,bodyfound_risk
motijheel,thursday,night,23.737051,90.423374,0.3285187283993101,0.0,0.0,0.0,0.0,0.16425936419965506,0.16425936419965506,2,0,0,0,0,1,1,Low,9.927780925989651,robbery_risk
motijheel,tuesday,night,23.737051,90.423374,0.3058113641379617,0.0,0.0,0.3058113641379617,0.0,0.0,0.0,1,0,0,1,0,0,0,Low,9.587170462069427,kidnap_risk
motijheel,wednesday,evening,23.737051,90.423374,0.2924652720662683,0.0,0.0,0.0,0.2924652720662683,0.0,0.0,1,0,0,0,1,0,0,Low,9.386979080994024,bodyfound_risk
motijheel,wednesday,night,23.737051,90.423374,0.3129798397994081,0.0,0.0,0.0,0.0,0.3129798397994081,0.0,1,0,0,0,0,1,0,Low,9.694697596991121,robbery_risk
mouchak,thursday,noon,23.728907,90.417137,0.5825746378533859,0.0,0.0,0.0,0.5825746378533859,0.0,0.0,1,0,0,0,1,0,0,High,13.73861956780079,bodyfound_risk
moulvibazar sadar,friday,morning,24.4778,91.7667,0.10116268812366358,0.0,0.0,0.0,0.10116268812366358,0.0,0.0,1,0,0,0,1,0,0,Very Low,6.517440321854954,bodyfound_risk
moulvibazar sadar,friday,night,24.4778,91.7667,0.13768406204166134,0.13768406204166134,0.0,0.0,0.0,0.0,0.0,1,1,0,0,0,0,0,Very Low,7.06526093062492,murder_risk
moulvibazar sadar,saturday,night,24.4778,91.7667,0.19542541258508772,0.19542541258508772,0.0,0.0,0.0,0.0,0.0,3,3,0,0,0,0,0,Very Low,7.9313811887763155,murder_risk
moulvibazar sadar,sunday,evening,24.4778,91.7667,0.12565368375051544,0.12565368375051544,0.0,0.0,0.0,0.0,0.0,1,1,0,0,0,0,0,Very Low,6.8848052562577315,murder_risk
moulvibazar sadar,sunday,night,24.4778,91.7667,0.25702192101566074,0.1028087684062643,0.1028087684062643,0.0,0.0,0.0,0.05140438420313215,5,2,2,0,0,0,1,Low,8.85532881523491,murder_risk
moulvibazar sadar,thursday,night,24.4778,91.7667,0.1917389679399847,0.06391298931332823,0.06391298931332823,0.0,0.0,0.06391298931332823,0.0,3,1,1,0,0,1,0,Very Low,7.876084519099771,murder_risk
moulvibazar sadar,tuesday,morning,24.4778,91.7667,0.11920159955478152,0.0,0.0,0.0,0.0,0.11920159955478152,0.0,1,0,0,0,0,1,0,Very Low,6.788023993321723,robbery_risk
mugda,friday,morning,23.784506,90.403409,0.3434707057119083,0.0,0.3434707057119083,0.0,0.0,0.0,0.0,1,0,1,0,0,0,0,Low,10.152060585678624,rape_risk
mugda,friday,night,23.784506,90.403409,0.3337376522820199,0.0,0.0,0.0,0.3337376522820199,0.0,0.0,1,0,0,0,1,0,0,Low,10.006064784230299,bodyfound_risk
mugda,thursday,night,23.784506,90.403409,0.3559170003119319,0.3559170003119319,0.0,0.0,0.0,0.0,0.0,1,1,0,0,0,0,0,Moderate,10.33875500467898,murder_risk
mugda,wednesday,night,23.784506,90.403409,0.4020376758926683,0.0,0.20101883794633416,0.0,0.0,0.0,0.20101883794633416,2,0,1,0,0,0,1,Moderate,11.030565138390024,rape_risk
mujibnagar,monday,night,23.65,88.6,0.1908496685410069,0.0,0.0,0.0,0.0,0.0,0.1908496685410069,1,0,0,0,0,0,1,Very Low,7.8627450281151035,assault_risk
mujibnagar,saturday,night,23.65,88.6,0.18161954932724855,0.0,0.0,0.0,0.0,0.18161954932724855,0.0,1,0,0,0,0,1,0,Very Low,7.724293239908729,robbery_risk
mujibnagar,thursday,night,23.65,88.6,0.17272041676203875,0.0,0.0,0.0,0.0,0.17272041676203875,0.0,1,0,0,0,0,1,0,Very Low,7.590806251430582,robbery_risk
muksudpur,saturday,evening,23.3167,89.8667,0.1779062180175586,0.0,0.0,0.0,0.1779062180175586,0.0,0.0,1,0,0,0,1,0,0,Very Low,7.668593270263379,bodyfound_risk
muksudpur,thursday,night,23.3167,89.8667,0.2689886258544866,0.2689886258544866,0.0,0.0,0.0,0.0,0.0,2,2,0,0,0,0,0,Low,9.034829387817298,murder_risk
muksudpur,wednesday,morning,23.3167,89.8667,0.18651679911060312,0.0,0.0,0.0,0.18651679911060312,0.0,0.0,1,0,0,0,1,0,0,Very Low,7.797751986659047,bodyfound_risk
muktagacha,friday,morning,24.7583,90.2667,0.11395672388222468,0.0,0.0,0.0,0.11395672388222468,0.0,0.0,1,0,0,0,1,0,0,Very Low,6.70935085823337,bodyfound_risk
muktagacha,friday,night,24.7583,90.2667,0.1277929791726083,0.0,0.1277929791726083,0.0,0.0,0.0,0.0,1,0,1,0,0,0,0,Very Low,6.916894687589124,rape_risk
muktagacha,monday,morning,24.7583,90.2667,0.12195499179477712,0.0,0.12195499179477712,0.0,0.0,0.0,0.0,1,0,1,0,0,0,0,Very Low,6.829324876921657,rape_risk
muktagacha,monday,night,24.7583,90.2667,0.09714287022091746,0.09714287022091746,0.0,0.0,0.0,0.0,0.0,1,1,0,0,0,0,0,Very Low,6.457143053313762,murder_risk
muktagacha,monday,noon,24.7583,90.2667,0.1275177980785861,0.0,0.0,0.1275177980785861,0.0,0.0,0.0,1,0,0,1,0,0,0,Very Low,6.912766971178792,kidnap_risk
muktagacha,saturday,evening,24.7583,90.2667,0.11608873898259053,0.0,0.0,0.0,0.0,0.11608873898259053,0.0,1,0,0,0,0,1,0,Very Low,6.741331084738858,robbery_risk
muktagacha,saturday,morning,24.7583,90.2667,0.11227503555515835,0.0,0.0,0.0,0.0,0.0,0.11227503555515835,1,0,0,0,0,0,1,Very Low,6.684125533327375,assault_risk
muktagacha,saturday,night,24.7583,90.2667,0.11370550951488706,0.0,0.0,0.0,0.0,0.11370550951488706,0.0,1,0,0,0,0,1,0,Very Low,6.705582642723305,robbery_risk
muktagacha,sunday,morning,24.758300000000002,90.2667,0.16325246748803604,0.0,0.0,0.10883497832535735,0.0,0.0,0.054417489162678676,3,0,0,2,0,0,1,Very Low,7.44878701232054,kidnap_risk
muktagacha,sunday,night,24.7583,90.2667,0.14345137160216803,0.07172568580108402,0.0,0.0,0.07172568580108402,0.0,0.0,2,1,0,0,1,0,0,Very Low,7.15177057403252,murder_risk
muktagacha,thursday,morning,24.758300000000002,90.2667,0.1650384175668576,0.0550128058556192,0.0,0.0550128058556192,0.0550128058556192,0.0,0.0,3,1,0,1,1,0,0,Very Low,7.475576263502864,murder_risk
muktagacha,thursday,night,24.7583,90.2667,0.14348769651026141,0.0,0.07174384825513071,0.0,0.07174384825513071,0.0,0.0,2,0,1,0,1,0,0,Very Low,7.152315447653921,rape_risk
muktagacha,tuesday,evening,24.7583,90.2667,0.11255196880005464,0.0,0.0,0.0,0.11255196880005464,0.0,0.0,1,0,0,0,1,0,0,Very Low,6.68827953200082,bodyfound_risk
muktagacha,tuesday,morning,24.7583,90.2667,0.10620543051826033,0.0,0.0,0.0,0.0,0.0,0.10620543051826033,1,0,0,0,0,0,1,Very Low,6.593081457773905,assault_risk
muktagacha,wednesday,morning,24.7583,90.2667,0.11726688471796434,0.0,0.0,0.0,0.11726688471796434,0.0,0.0,1,0,0,0,1,0,0,Very Low,6.759003270769465,bodyfound_risk
muktagacha,wednesday,noon,24.7583,90.2667,0.12230178465020353,0.12230178465020353,0.0,0.0,0.0,0.0,0.0,1,1,0,0,0,0,0,Very Low,6.834526769753053,murder_risk
muladi,monday,noon,22.915,90.415,0.21702319170331238,0.0,0.0,0.0,0.21702319170331238,0.0,0.0,1,0,0,0,1,0,0,Low,8.255347875549685,bodyfound_risk
muladi,saturday,night,22.915,90.415,0.202908811012254,0.0,0.0,0.0,0.0,0.0,0.202908811012254,1,0,0,0,0,0,1,Low,8.04363216518381,assault_risk
muladi,sunday,morning,22.915,90.415,0.21056057416636992,0.0,0.0,0.0,0.21056057416636992,0.0,0.0,1,0,0,0,1,0,0,Low,8.158408612495549,bodyfound_risk
munda,thursday,morning,23.784506,90.403409,0.5713395888345987,0.0,0.0,0.0,0.5713395888345987,0.0,0.0,1,0,0,0,1,0,0,High,13.57009383251898,bodyfound_risk
munni shoroni,friday,evening,23.784506,90.403409,0.5739158585794688,0.0,0.0,0.0,0.0,0.0,0.5739158585794688,1,0,0,0,0,0,1,High,13.608737878692033,assault_risk
munshiganj,friday,afternoon,23.4583,90.5417,0.1887061586529241,0.0,0.0,0.0,0.0,0.0,0.1887061586529241,1,0,0,0,0,0,1,Very Low,7.8305923797938615,assault_risk
munshiganj,saturday,morning,23.4583,90.5417,0.18814130750229116,0.0,0.0,0.0,0.0,0.0,0.18814130750229116,1,0,0,0,0,0,1,Very Low,7.822119612534367,assault_risk
munshiganj,sunday,night,23.4583,90.5417,0.20591608404429043,0.0,0.0,0.0,0.0,0.0,0.20591608404429043,1,0,0,0,0,0,1,Low,8.088741260664357,assault_risk
munshiganj sadar,friday,night,23.4583,90.5417,0.13773693052624209,0.0,0.0,0.0,0.13773693052624209,0.0,0.0,1,0,0,0,1,0,0,Very Low,7.066053957893631,bodyfound_risk
munshiganj sadar,saturday,night,23.4583,90.5417,0.15923373989606593,0.15923373989606593,0.0,0.0,0.0,0.0,0.0,1,1,0,0,0,0,0,Very Low,7.388506098440989,murder_risk
munshiganj sadar,sunday,night,23.4583,90.5417,0.13727366270231586,0.0,0.0,0.13727366270231586,0.0,0.0,0.0,1,0,0,1,0,0,0,Very Low,7.059104940534738,kidnap_risk
munshiganj sadar,thursday,morning,23.4583,90.5417,0.14054773724663744,0.0,0.0,0.0,0.14054773724663744,0.0,0.0,1,0,0,0,1,0,0,Very Low,7.108216058699561,bodyfound_risk
munshiganj sadar,tuesday,afternoon,23.4583,90.5417,0.13392791421627687,0.0,0.0,0.0,0.13392791421627687,0.0,0.0,1,0,0,0,1,0,0,Very Low,7.008918713244153,bodyfound_risk
munshiganj sadar,tuesday,night,23.4583,90.5417,0.1383952797507347,0.1383952797507347,0.0,0.0,0.0,0.0,0.0,1,1,0,0,0,0,0,Very Low,7.07592919626102,murder_risk
munshiganj sadar,wednesday,night,23.4583,90.5417,0.14077796684325414,0.0,0.0,0.14077796684325414,0.0,0.0,0.0,1,0,0,1,0,0,0,Very Low,7.111669502648812,kidnap_risk
muradnagar,tuesday,night,23.6385,90.9325,0.21380340228839234,0.21380340228839234,0.0,0.0,0.0,0.0,0.0,1,1,0,0,0,0,0,Low,8.207051034325886,murder_risk
muradnagar,wednesday,morning,23.6385,90.9325,0.30608973364204844,0.0,0.0,0.30608973364204844,0.0,0.0,0.0,2,0,0,2,0,0,0,Low,9.591346004630726,kidnap_risk
muradpur,monday,night,23.784506,90.403409,0.5719033243774942,0.0,0.0,0.0,0.5719033243774942,0.0,0.0,1,0,0,0,1,0,0,High,13.578549865662414,bodyfound_risk
muslim nagar,tuesday,evening,23.729802,90.4126245,0.5765845839012651,0.0,0.5765845839012651,0.0,0.0,0.0,0.0,1,0,1,0,0,0,0,High,13.648768758518976,rape_risk
mymensingh sadar,friday,afternoon,24.75,90.4167,0.1162529381526117,0.0,0.0,0.0,0.0,0.0,0.1162529381526117,1,0,0,0,0,0,1,Very Low,6.743794072289176,assault_risk
mymensingh sadar,friday,evening,24.75,90.4167,0.11826523965924178,0.0,0.0,0.0,0.0,0.0,0.11826523965924178,1,0,0,0,0,0,1,Very Low,6.773978594888627,assault_risk
mymensingh sadar,friday,morning,24.75,90.4167,0.17550542734064667,0.04387635683516167,0.04387635683516167,0.04387635683516167,0.0,0.0,0.04387635683516167,4,1,1,1,0,0,1,Very Low,7.6325814101097,murder_risk
mymensingh sadar,friday,night,24.75,90.4167,0.22319523462628144,0.22319523462628144,0.0,0.0,0.0,0.0,0.0,6,6,0,0,0,0,0,Low,8.347928519394221,murder_risk
mymensingh sadar,friday,noon,24.75,90.4167,0.12867253155402764,0.12867253155402764,0.0,0.0,0.0,0.0,0.0,1,1,0,0,0,0,0,Very Low,6.930087973310415,murder_risk
mymensingh sadar,monday,evening,24.75,90.4167,0.12754461477032739,0.12754461477032739,0.0,0.0,0.0,0.0,0.0,1,1,0,0,0,0,0,Very Low,6.913169221554911,murder_risk
mymensingh sadar,monday,morning,24.75,90.4167,0.12643519175332563,0.0,0.0,0.0,0.12643519175332563,0.0,0.0,1,0,0,0,1,0,0,Very Low,6.896527876299885,bodyfound_risk
mymensingh sadar,monday,night,24.75,90.4167,0.213147149904937,0.07104904996831232,0.03552452498415616,0.03552452498415616,0.0,0.03552452498415616,0.03552452498415616,6,2,1,1,0,1,1,Low,8.197207248574054,murder_risk
mymensingh sadar,monday,noon,24.75,90.4167,0.12964904997662455,0.0,0.0,0.0,0.12964904997662455,0.0,0.0,2,0,0,0,2,0,0,Very Low,6.944735749649368,bodyfound_risk
mymensingh sadar,saturday,morning,24.75,90.4167,0.142528741423478,0.0,0.0,0.0,0.0,0.0,0.142528741423478,3,0,0,0,0,0,3,Very Low,7.137931121352169,assault_risk
mymensingh sadar,saturday,night,24.75,90.4167,0.12865114442291953,0.12865114442291953,0.0,0.0,0.0,0.0,0.0,1,1,0,0,0,0,0,Very Low,6.929767166343793,murder_risk
mymensingh sadar,sunday,evening,24.75,90.4167,0.1251139828004088,0.0,0.0625569914002044,0.0,0.0,0.0625569914002044,0.0,2,0,1,0,0,1,0,Very Low,6.876709742006132,rape_risk
mymensingh sadar,sunday,morning,24.75,90.4167,0.20322455667333222,0.03387075944555537,0.0,0.03387075944555537,0.06774151889111074,0.0,0.06774151889111074,6,1,0,1,2,0,2,Low,8.048368350099983,bodyfound_risk
mymensingh sadar,sunday,night,24.75,90.4167,0.1267136762260763,0.1267136762260763,0.0,0.0,0.0,0.0,0.0,1,1,0,0,0,0,0,Very Low,6.900705143391145,murder_risk
mymensingh sadar,sunday,noon,24.75,90.4167,0.12820778820536072,0.0,0.0,0.0,0.12820778820536072,0.0,0.0,1,0,0,0,1,0,0,Very Low,6.923116823080411,bodyfound_risk
mymensingh sadar,thursday,morning,24.75,90.4167,0.14151128888855802,0.0,0.0,0.0,0.14151128888855802,0.0,0.0,2,0,0,0,2,0,0,Very Low,7.12266933332837,bodyfound_risk
mymensingh sadar,thursday,night,24.75,90.4167,0.20391169042866628,0.16312935234293302,0.0,0.0,0.0,0.040782338085733255,0.0,5,4,0,0,0,1,0,Low,8.058675356429994,murder_risk
mymensingh sadar,tuesday,morning,24.75,90.4167,0.17899846542321454,0.0,0.0,0.08949923271160727,0.08949923271160727,0.0,0.0,4,0,0,2,2,0,0,Very Low,7.684976981348218,kidnap_risk
mymensingh sadar,tuesday,night,24.75,90.4167,0.3488085190709214,0.2616063893031911,0.0581347531784869,0.0,0.02906737658924345,0.0,0.0,12,9,2,0,1,0,0,Low,10.23212778606382,murder_risk
mymensingh sadar,wednesday,afternoon,24.75,90.4167,0.1468014891303261,0.07340074456516305,0.0,0.0,0.07340074456516305,0.0,0.0,2,1,0,0,1,0,0,Very Low,7.202022336954892,murder_risk
mymensingh sadar,wednesday,evening,24.75,90.4167,0.15022253442641081,0.07511126721320541,0.07511126721320541,0.0,0.0,0.0,0.0,2,1,1,0,0,0,0,Very Low,7.253338016396162,murder_risk
mymensingh sadar,wednesday,morning,24.75,90.4167,0.13629900227153446,0.0,0.0,0.0,0.06814950113576723,0.0,0.06814950113576723,2,0,0,0,1,0,1,Very Low,7.044485034073017,bodyfound_risk
mymensingh sadar,wednesday,night,24.75,90.4167,0.1774317759503037,0.08871588797515186,0.04435794398757593,0.0,0.0,0.04435794398757593,0.0,4,2,1,0,0,1,0,Very Low,7.6614766392545555,murder_risk
mymensingh sadar,wednesday,noon,24.75,90.4167,0.13787210192688054,0.06893605096344027,0.0,0.0,0.0,0.0,0.06893605096344027,2,1,0,0,0,0,1,Very Low,7.068081528903209,murder_risk
nababpur,friday,morning,23.728907,90.417137,0.5901296730608934,0.0,0.0,0.0,0.5901296730608934,0.0,0.0,1,0,0,0,1,0,0,High,13.8519450959134,bodyfound_risk
nabiganj,friday,night,24.56667,91.515,0.12260202397523935,0.12260202397523935,0.0,0.0,0.0,0.0,0.0,1,1,0,0,0,0,0,Very Low,6.83903035962859,murder_risk
nabiganj,monday,morning,24.56667,91.515,0.1577163827593347,0.1577163827593347,0.0,0.0,0.0,0.0,0.0,2,2,0,0,0,0,0,Very Low,7.36574574139002,murder_risk
nabiganj,monday,night,24.56667,91.515,0.115870810049298,0.0,0.0,0.0,0.0,0.115870810049298,0.0,1,0,0,0,0,1,0,Very Low,6.73806215073947,robbery_risk
nabiganj,saturday,morning,24.56667,91.515,0.1469253689079259,0.0,0.0,0.0,0.1469253689079259,0.0,0.0,2,0,0,0,2,0,0,Very Low,7.2038805336188885,bodyfound_risk
nabiganj,saturday,night,24.56667,91.515,0.12530333266036023,0.0,0.0,0.0,0.06265166633018011,0.06265166633018011,0.0,2,0,0,0,1,1,0,Very Low,6.879549989905403,bodyfound_risk
nabiganj,tuesday,morning,24.56667,91.515,0.11457038605739808,0.0,0.0,0.0,0.0,0.0,0.11457038605739808,1,0,0,0,0,0,1,Very Low,6.718555790860972,assault_risk
nabiganj,tuesday,night,24.56667,91.515,0.16096437136029246,0.08048218568014623,0.08048218568014623,0.0,0.0,0.0,0.0,2,1,1,0,0,0,0,Very Low,7.414465570404387,murder_risk
nabiganj,wednesday,morning,24.56667,91.515,0.09527262004070253,0.0,0.0,0.09527262004070253,0.0,0.0,0.0,1,0,0,1,0,0,0,Very Low,6.429089300610538,kidnap_risk
nabiganj,wednesday,night,24.56667,91.515,0.1467028303652142,0.0733514151826071,0.0,0.0,0.0,0.0,0.0733514151826071,2,1,0,0,0,0,1,Very Low,7.200542455478213,murder_risk
nabinagar,friday,night,23.8833,90.9833,0.1365693106058281,0.0,0.1365693106058281,0.0,0.0,0.0,0.0,2,0,2,0,0,0,0,Very Low,7.048539659087422,rape_risk
nabinagar,monday,night,23.8833,90.9833,0.15670221631418008,0.0,0.0,0.0,0.0,0.0,0.15670221631418008,2,0,0,0,0,0,2,Very Low,7.350533244712701,assault_risk
nabinagar,saturday,morning,23.8833,90.9833,0.15068945427807545,0.0,0.0,0.0,0.15068945427807545,0.0,0.0,2,0,0,0,2,0,0,Very Low,7.260341814171132,bodyfound_risk
nabinagar,saturday,night,23.8833,90.9833,0.15967443866865033,0.15967443866865033,0.0,0.0,0.0,0.0,0.0,2,2,0,0,0,0,0,Very Low,7.395116580029756,murder_risk
nabinagar,sunday,night,23.8833,90.9833,0.15129668547685415,0.15129668547685415,0.0,0.0,0.0,0.0,0.0,2,2,0,0,0,0,0,Very Low,7.269450282152812,murder_risk
nabinagar,tuesday,night,23.8833,90.9833,0.2281997677535425,0.11409988387677125,0.0,0.0,0.11409988387677125,0.0,0.0,4,2,0,0,2,0,0,Low,8.422996516303137,murder_risk
nabinagar,wednesday,night,23.8833,90.9833,0.15979745330147532,0.15979745330147532,0.0,0.0,0.0,0.0,0.0,2,2,0,0,0,0,0,Very Low,7.3969617995221295,murder_risk
nachol,friday,morning,24.73092,88.41722,0.14184038583436667,0.0,0.0,0.14184038583436667,0.0,0.0,0.0,1,0,0,1,0,0,0,Very Low,7.1276057875155,kidnap_risk
nachol,monday,morning,24.73092,88.41722,0.1400016947400835,0.0,0.0,0.0,0.0,0.0,0.1400016947400835,1,0,0,0,0,0,1,Very Low,7.100025421101252,assault_risk
nachol,saturday,noon,24.73092,88.41722,0.14755689180788173,0.0,0.0,0.0,0.0,0.0,0.14755689180788173,1,0,0,0,0,0,1,Very Low,7.213353377118226,assault_risk
nachol,tuesday,afternoon,24.73092,88.41722,0.14178562451623933,0.0,0.0,0.0,0.14178562451623933,0.0,0.0,1,0,0,0,1,0,0,Very Low,7.12678436774359,bodyfound_risk
nachol,tuesday,morning,24.73092,88.41722,0.16029498332541484,0.0,0.0,0.0,0.16029498332541484,0.0,0.0,1,0,0,0,1,0,0,Very Low,7.404424749881223,bodyfound_risk
nachol,wednesday,night,24.73092,88.41722,0.14187185826085708,0.0,0.0,0.0,0.14187185826085708,0.0,0.0,1,0,0,0,1,0,0,Very Low,7.128077873912856,bodyfound_risk
nagarkanda,monday,morning,23.4153,89.8917,0.1434262098992928,0.0,0.0,0.1434262098992928,0.0,0.0,0.0,1,0,0,1,0,0,0,Very Low,7.151393148489392,kidnap_risk
nagarkanda,sunday,morning,23.4153,89.8917,0.24590067470852245,0.16393378313901497,0.08196689156950748,0.0,0.0,0.0,0.0,3,2,1,0,0,0,0,Low,8.688510120627836,murder_risk
nagarkanda,wednesday,evening,23.4153,89.8917,0.14909715590382067,0.0,0.0,0.0,0.14909715590382067,0.0,0.0,1,0,0,0,1,0,0,Very Low,7.23645733855731,bodyfound_risk
nagarkanda,wednesday,morning,23.4153,89.8917,0.23499530797615367,0.0,0.07833176932538455,0.0,0.1566635386507691,0.0,0.0,3,0,1,0,2,0,0,Low,8.524929619642306,bodyfound_risk
nagarpur,friday,morning,24.05,89.86806,0.1427856925469448,0.1427856925469448,0.0,0.0,0.0,0.0,0.0,1,1,0,0,0,0,0,Very Low,7.1417853882041715,murder_risk
nagarpur,sunday,morning,24.05,89.86806,0.1798471001556809,0.0,0.0,0.0,0.1798471001556809,0.0,0.0,2,0,0,0,2,0,0,Very Low,7.697706502335214,bodyfound_risk
nagarpur,sunday,night,24.05,89.86806,0.23719283243021722,0.15812855495347813,0.0,0.0,0.0,0.0,0.07906427747673907,3,2,0,0,0,0,1,Low,8.557892486453259,murder_risk
nagarpur,tuesday,morning,24.05,89.86806,0.1194961291220197,0.0,0.0,0.0,0.0,0.0,0.1194961291220197,1,0,0,0,0,0,1,Very Low,6.792441936830295,assault_risk
nagarpur,tuesday,night,24.05,89.86806,0.140671404917648,0.140671404917648,0.0,0.0,0.0,0.0,0.0,1,1,0,0,0,0,0,Very Low,7.11007107376472,murder_risk
nageshwari,thursday,morning,25.9792,89.7083,0.41359617328830073,0.0,0.0,0.0,0.41359617328830073,0.0,0.0,1,0,0,0,1,0,0,Moderate,11.20394259932451,bodyfound_risk
naikhongchhari,friday,morning,21.4167,92.1833,0.17415719800340262,0.08707859900170131,0.0,0.08707859900170131,0.0,0.0,0.0,2,1,0,1,0,0,0,Very Low,7.61235797005104,murder_risk
naikhongchhari,monday,noon,21.4167,92.1833,0.13493193294013883,0.0,0.13493193294013883,0.0,0.0,0.0,0.0,1,0,1,0,0,0,0,Very Low,7.023978994102082,rape_risk
naikhongchhari,saturday,morning,21.4167,92.1833,0.11753293578569746,0.0,0.0,0.11753293578569746,0.0,0.0,0.0,1,0,0,1,0,0,0,Very Low,6.762994036785462,kidnap_risk
naikhongchhari,saturday,noon,21.4167,92.1833,0.11907745297997677,0.0,0.0,0.0,0.11907745297997677,0.0,0.0,1,0,0,0,1,0,0,Very Low,6.786161794699652,bodyfound_risk
naikhongchhari,sunday,night,21.4167,92.1833,0.12200244454221454,0.0,0.0,0.12200244454221454,0.0,0.0,0.0,1,0,0,1,0,0,0,Very Low,6.830036668133218,kidnap_risk
naikhongchhari,thursday,night,21.4167,92.1833,0.12261416661301075,0.0,0.0,0.0,0.0,0.0,0.12261416661301075,1,0,0,0,0,0,1,Very Low,6.8392124991951615,assault_risk
naikhongchhari,wednesday,evening,21.4167,92.1833,0.12330283328001379,0.0,0.12330283328001379,0.0,0.0,0.0,0.0,1,0,1,0,0,0,0,Very Low,6.849542499200207,rape_risk
naikhongchhari,wednesday,morning,21.4167,92.1833,0.12472364835855937,0.0,0.0,0.12472364835855937,0.0,0.0,0.0,1,0,0,1,0,0,0,Very Low,6.870854725378391,kidnap_risk
nakhalpara,saturday,noon,23.728907,90.417137,0.41889456071152587,0.0,0.0,0.0,0.0,0.0,0.41889456071152587,1,0,0,0,0,0,1,Moderate,11.283418410672887,assault_risk
nakhalpara,thursday,noon,23.728907,90.417137,0.42824616637035917,0.42824616637035917,0.0,0.0,0.0,0.0,0.0,1,1,0,0,0,0,0,Moderate,11.423692495555388,murder_risk
nalchity,friday,night,22.6222,90.2708,0.16210259117628106,0.0,0.16210259117628106,0.0,0.0,0.0,0.0,1,0,1,0,0,0,0,Very Low,7.431538867644216,rape_risk
nalchity,sunday,afternoon,22.6222,90.2708,0.15691240482682234,0.15691240482682234,0.0,0.0,0.0,0.0,0.0,1,1,0,0,0,0,0,Very Low,7.3536860724023345,murder_risk
nalchity,sunday,morning,22.6222,90.2708,0.16090360941815224,0.0,0.0,0.16090360941815224,0.0,0.0,0.0,1,0,0,1,0,0,0,Very Low,7.413554141272284,kidnap_risk
nalchity,thursday,night,22.6222,90.2708,0.16190675802174476,0.0,0.16190675802174476,0.0,0.0,0.0,0.0,1,0,1,0,0,0,0,Very Low,7.428601370326172,rape_risk
nalchity,tuesday,night,22.6222,90.2708,0.13958122478698004,0.0,0.13958122478698004,0.0,0.0,0.0,0.0,1,0,1,0,0,0,0,Very Low,7.093718371804701,rape_risk
nalchity,wednesday,morning,22.6222,90.2708,0.17027153898017544,0.0,0.0,0.0,0.17027153898017544,0.0,0.0,1,0,0,0,1,0,0,Very Low,7.554073084702631,bodyfound_risk
nalchity,wednesday,night,22.6222,90.2708,0.15971135258613914,0.15971135258613914,0.0,0.0,0.0,0.0,0.0,1,1,0,0,0,0,0,Very Low,7.395670288792087,murder_risk
nalitabari,friday,morning,25.08333,90.18528,0.19801745188397735,0.0,0.0,0.0,0.19801745188397735,0.0,0.0,1,0,0,0,1,0,0,Very Low,7.97026177825966,bodyfound_risk
nalitabari,sunday,night,25.08333,90.18528,0.19579420569601053,0.0,0.19579420569601053,0.0,0.0,0.0,0.0,1,0,1,0,0,0,0,Very Low,7.936913085440158,rape_risk
nalitabari,thursday,evening,25.08333,90.18528,0.18447246498683395,0.0,0.0,0.0,0.18447246498683395,0.0,0.0,1,0,0,0,1,0,0,Very Low,7.76708697480251,bodyfound_risk
nandail,friday,morning,24.5667,90.6833,0.09574461470136487,0.0,0.0,0.0,0.09574461470136487,0.0,0.0,1,0,0,0,1,0,0,Very Low,6.436169220520473,bodyfound_risk
nandail,friday,night,24.5667,90.6833,0.2444364120023569,0.19554912960188553,0.04888728240047138,0.0,0.0,0.0,0.0,5,4,1,0,0,0,0,Low,8.666546180035354,murder_risk
nandail,monday,night,24.5667,90.68329999999999,0.18459731099094823,0.0,0.06153243699698274,0.06153243699698274,0.0,0.0,0.06153243699698274,3,0,1,1,0,0,1,Very Low,7.768959664864223,rape_risk
nandail,saturday,afternoon,24.5667,90.6833,0.11875523499947839,0.11875523499947839,0.0,0.0,0.0,0.0,0.0,1,1,0,0,0,0,0,Very Low,6.781328524992176,murder_risk
nandail,saturday,night,24.5667,90.68329999999999,0.16934963365687083,0.05644987788562361,0.05644987788562361,0.0,0.0,0.0,0.05644987788562361,3,1,1,0,0,0,1,Very Low,7.540244504853062,murder_risk
nandail,sunday,morning,24.5667,90.6833,0.13564655440702417,0.0,0.0,0.0,0.0,0.0,0.13564655440702417,2,0,0,0,0,0,2,Very Low,7.034698316105363,assault_risk
nandail,thursday,morning,24.5667,90.6833,0.11373349734462984,0.0,0.11373349734462984,0.0,0.0,0.0,0.0,1,0,1,0,0,0,0,Very Low,6.706002460169447,rape_risk
nandail,thursday,night,24.5667,90.6833,0.11156913243356817,0.0,0.0,0.0,0.0,0.0,0.11156913243356817,1,0,0,0,0,0,1,Very Low,6.673536986503523,assault_risk
nandail,tuesday,evening,24.5667,90.6833,0.13319280568350333,0.0,0.13319280568350333,0.0,0.0,0.0,0.0,1,0,1,0,0,0,0,Very Low,6.99789208525255,rape_risk
nandail,wednesday,morning,24.5667,90.6833,0.11879862045180307,0.0,0.0,0.0,0.11879862045180307,0.0,0.0,1,0,0,0,1,0,0,Very Low,6.781979306777046,bodyfound_risk
nangalkot,thursday,night,23.16667,91.2,0.22729690044737783,0.0,0.0,0.0,0.0,0.22729690044737783,0.0,1,0,0,0,0,1,0,Low,8.409453506710667,robbery_risk
nangalkot,tuesday,afternoon,23.16667,91.2,0.25483509789311243,0.0,0.0,0.0,0.25483509789311243,0.0,0.0,1,0,0,0,1,0,0,Low,8.822526468396687,bodyfound_risk
naniarchar,friday,morning,22.8583,92.1167,0.24040708552247175,0.24040708552247175,0.0,0.0,0.0,0.0,0.0,1,1,0,0,0,0,0,Low,8.606106282837077,murder_risk
naniarchar,thursday,morning,22.8583,92.1167,0.2175747685022586,0.2175747685022586,0.0,0.0,0.0,0.0,0.0,1,1,0,0,0,0,0,Low,8.263621527533878,murder_risk
naogaon sadar,monday,morning,24.805,88.95,0.15963916102807868,0.0,0.0,0.0,0.15963916102807868,0.0,0.0,1,0,0,0,1,0,0,Very Low,7.39458741542118,bodyfound_risk
naogaon sadar,monday,noon,24.805,88.95,0.1643006577844919,0.0,0.1643006577844919,0.0,0.0,0.0,0.0,1,0,1,0,0,0,0,Very Low,7.464509866767378,rape_risk
naogaon sadar,saturday,morning,24.805,88.95,0.15518083018537832,0.0,0.0,0.0,0.0,0.0,0.15518083018537832,1,0,0,0,0,0,1,Very Low,7.327712452780675,assault_risk
naogaon sadar,tuesday,morning,24.805,88.95,0.1611853224071132,0.0,0.0,0.0,0.1611853224071132,0.0,0.0,1,0,0,0,1,0,0,Very Low,7.417779836106698,bodyfound_risk
naogaon sadar,wednesday,night,24.805,88.95,0.17107567607704005,0.17107567607704005,0.0,0.0,0.0,0.0,0.0,1,1,0,0,0,0,0,Very Low,7.5661351411556,murder_risk
narail sadar,friday,night,23.175,89.505,0.1899098942447197,0.0,0.1899098942447197,0.0,0.0,0.0,0.0,1,0,1,0,0,0,0,Very Low,7.848648413670796,rape_risk
narail sadar,monday,night,23.175,89.505,0.19083167864405692,0.0,0.19083167864405692,0.0,0.0,0.0,0.0,1,0,1,0,0,0,0,Very Low,7.862475179660854,rape_risk
narail sadar,sunday,afternoon,23.175,89.505,0.1655928180497882,0.0,0.0,0.0,0.1655928180497882,0.0,0.0,1,0,0,0,1,0,0,Very Low,7.483892270746823,bodyfound_risk
narail sadar,thursday,morning,23.175,89.505,0.1729121887364586,0.0,0.0,0.0,0.0,0.1729121887364586,0.0,1,0,0,0,0,1,0,Very Low,7.593682831046879,robbery_risk
narail sadar,wednesday,morning,23.175,89.505,0.18105400853143677,0.18105400853143677,0.0,0.0,0.0,0.0,0.0,1,1,0,0,0,0,0,Very Low,7.715810127971551,murder_risk
narayanganj sadar,friday,afternoon,23.6,90.5,0.12485722366094867,0.0,0.0,0.0,0.12485722366094867,0.0,0.0,1,0,0,0,1,0,0,Very Low,6.87285835491423,bodyfound_risk
narayanganj sadar,friday,evening,23.6,90.5,0.13497381070844133,0.13497381070844133,0.0,0.0,0.0,0.0,0.0,1,1,0,0,0,0,0,Very Low,7.02460716062662,murder_risk
narayanganj sadar,friday,morning,23.6,90.5,0.18060716649718683,0.04515179162429671,0.0,0.0,0.1354553748728901,0.0,0.0,4,1,0,0,3,0,0,Very Low,7.709107497457802,bodyfound_risk
narayanganj sadar,friday,night,23.600000000000005,90.5,0.21048979399121825,0.0,0.03508163233186971,0.03508163233186971,0.10524489699560913,0.03508163233186971,0.0,6,0,1,1,3,1,0,Low,8.157346909868274,bodyfound_risk
narayanganj sadar,friday,noon,23.6,90.5,0.13899433164907,0.0,0.0,0.0,0.13899433164907,0.0,0.0,2,0,0,0,2,0,0,Very Low,7.08491497473605,bodyfound_risk
narayanganj sadar,monday,evening,23.6,90.5,0.1313684844230807,0.0,0.1313684844230807,0.0,0.0,0.0,0.0,1,0,1,0,0,0,0,Very Low,6.970527266346211,rape_risk
narayanganj sadar,monday,morning,23.600000000000005,90.5,0.18122852120381372,0.18122852120381372,0.0,0.0,0.0,0.0,0.0,3,3,0,0,0,0,0,Very Low,7.718427818057206,murder_risk
narayanganj sadar,monday,night,23.6,90.5,0.23895889315779978,0.06827396947365708,0.06827396947365708,0.0,0.10241095421048561,0.0,0.0,7,2,2,0,3,0,0,Low,8.584383397366997,bodyfound_risk
narayanganj sadar,saturday,evening,23.600000000000005,90.5,0.15938918824885195,0.0,0.0,0.05312972941628398,0.05312972941628398,0.05312972941628398,0.0,3,0,0,1,1,1,0,Very Low,7.390837823732779,kidnap_risk
narayanganj sadar,saturday,morning,23.600000000000005,90.5,0.17018046919345664,0.056726823064485545,0.0,0.056726823064485545,0.0,0.0,0.056726823064485545,3,1,0,1,0,0,1,Very Low,7.5527070379018495,murder_risk
narayanganj sadar,saturday,night,23.6,90.5,0.2549287137695804,0.0,0.09559826766359264,0.0,0.0637321784423951,0.0637321784423951,0.03186608922119755,8,0,3,0,2,2,1,Low,8.823930706543706,rape_risk
narayanganj sadar,saturday,noon,23.6,90.5,0.1473543010430018,0.0,0.0736771505215009,0.0,0.0736771505215009,0.0,0.0,2,0,1,0,1,0,0,Very Low,7.2103145156450275,rape_risk
narayanganj sadar,sunday,afternoon,23.6,90.5,0.12625030823249878,0.0,0.0,0.0,0.0,0.12625030823249878,0.0,1,0,0,0,0,1,0,Very Low,6.893754623487482,robbery_risk
narayanganj sadar,sunday,morning,23.6,90.5,0.19403151197510912,0.03880630239502183,0.03880630239502183,0.0,0.07761260479004366,0.03880630239502183,0.0,5,1,1,0,2,1,0,Very Low,7.910472679626636,bodyfound_risk
narayanganj sadar,sunday,night,23.600000000000005,90.5,0.16631741901858244,0.0,0.05543913967286081,0.11087827934572161,0.0,0.0,0.0,3,0,1,2,0,0,0,Very Low,7.494761285278736,kidnap_risk
narayanganj sadar,sunday,noon,23.6,90.5,0.1273527386173617,0.0,0.0,0.0,0.1273527386173617,0.0,0.0,1,0,0,0,1,0,0,Very Low,6.910291079260426,bodyfound_risk
narayanganj sadar,thursday,afternoon,23.6,90.5,0.12720207998252733,0.0,0.0,0.0,0.12720207998252733,0.0,0.0,1,0,0,0,1,0,0,Very Low,6.90803119973791,bodyfound_risk
narayanganj sadar,thursday,morning,23.6,90.5,0.18416583515125928,0.04604145878781482,0.0,0.0,0.04604145878781482,0.04604145878781482,0.04604145878781482,4,1,0,0,1,1,1,Very Low,7.762487527268889,murder_risk
narayanganj sadar,thursday,night,23.6,90.5,0.15349163683019926,0.0,0.15349163683019926,0.0,0.0,0.0,0.0,2,0,2,0,0,0,0,Very Low,7.302374552452989,rape_risk
narayanganj sadar,tuesday,afternoon,23.6,90.5,0.14169705455570933,0.14169705455570933,0.0,0.0,0.0,0.0,0.0,1,1,0,0,0,0,0,Very Low,7.12545581833564,murder_risk
narayanganj sadar,tuesday,evening,23.6,90.5,0.14020780250601067,0.0,0.0,0.0,0.0,0.0,0.14020780250601067,1,0,0,0,0,0,1,Very Low,7.1031170375901596,assault_risk
narayanganj sadar,tuesday,morning,23.600000000000005,90.5,0.18213209195277857,0.060710697317592856,0.060710697317592856,0.060710697317592856,0.0,0.0,0.0,3,1,1,1,0,0,0,Very Low,7.731981379291678,murder_risk
narayanganj sadar,tuesday,night,23.6,90.5,0.23926903003672303,0.10254387001573843,0.03418129000524615,0.03418129000524615,0.0,0.03418129000524615,0.03418129000524615,7,3,1,1,0,1,1,Low,8.589035450550845,murder_risk
narayanganj sadar,wednesday,night,23.6,90.5,0.24301112182966234,0.1735793727354731,0.0,0.0,0.03471587454709462,0.0,0.03471587454709462,7,5,0,0,1,0,1,Low,8.645166827444935,murder_risk
naria,saturday,night,23.3,90.4,0.267255744379844,0.267255744379844,0.0,0.0,0.0,0.0,0.0,1,1,0,0,0,0,0,Low,9.00883616569766,murder_risk
naria,sunday,afternoon,23.3,90.4,0.2478951130675043,0.2478951130675043,0.0,0.0,0.0,0.0,0.0,1,1,0,0,0,0,0,Low,8.718426696012564,murder_risk
narsingdi sadar,friday,evening,23.9167,90.725,0.12525510776406695,0.0,0.0,0.0,0.0,0.12525510776406695,0.0,1,0,0,0,0,1,0,Very Low,6.878826616461004,robbery_risk
narsingdi sadar,sunday,evening,23.9167,90.725,0.16021965197158455,0.16021965197158455,0.0,0.0,0.0,0.0,0.0,2,2,0,0,0,0,0,Very Low,7.403294779573768,murder_risk
narsingdi sadar,thursday,night,23.916700000000002,90.72499999999998,0.2114643398391927,0.0704881132797309,0.0704881132797309,0.0,0.0704881132797309,0.0,0.0,3,1,1,0,1,0,0,Low,8.17196509758789,murder_risk
narsingdi sadar,tuesday,night,23.9167,90.725,0.27635501035053334,0.16581300621032,0.0,0.05527100207010667,0.0,0.05527100207010667,0.0,5,3,0,1,0,1,0,Low,9.145325155258,murder_risk
narsingdi sadar,wednesday,night,23.916700000000002,90.72499999999998,0.1936541815016833,0.0,0.0,0.06455139383389442,0.0,0.12910278766778885,0.0,3,0,0,1,0,2,0,Very Low,7.904812722525249,robbery_risk
nasirnagar,monday,night,24.207,91.2097,0.23936891924035542,0.11968445962017771,0.0,0.0,0.0,0.0,0.11968445962017771,4,2,0,0,0,0,2,Low,8.590533788605331,murder_risk
nasirnagar,saturday,night,24.207,91.2097,0.1451496236887967,0.0,0.0,0.0,0.0,0.0,0.1451496236887967,2,0,0,0,0,0,2,Very Low,7.1772443553319505,assault_risk
nasirnagar,tuesday,afternoon,24.207,91.2097,0.16968999468753768,0.16968999468753768,0.0,0.0,0.0,0.0,0.0,2,2,0,0,0,0,0,Very Low,7.545349920313065,murder_risk
nasirnagar,tuesday,night,24.207,91.2097,0.23104539108128225,0.11552269554064112,0.0,0.0,0.11552269554064112,0.0,0.0,4,2,0,0,2,0,0,Low,8.465680866219234,murder_risk
nasirnagar,wednesday,night,24.207,91.2097,0.16068929187136993,0.0,0.16068929187136993,0.0,0.0,0.0,0.0,2,0,2,0,0,0,0,Very Low,7.4103393780705495,rape_risk
natore sadar,friday,morning,24.4139,88.93,0.16402574366985095,0.0,0.0,0.08201287183492548,0.08201287183492548,0.0,0.0,2,0,0,1,1,0,0,Very Low,7.460386155047765,kidnap_risk
natore sadar,monday,morning,24.4139,88.93,0.13720023906878037,0.0,0.0,0.0,0.13720023906878037,0.0,0.0,1,0,0,0,1,0,0,Very Low,7.058003586031706,bodyfound_risk
natore sadar,saturday,morning,24.4139,88.93,0.15181689435541218,0.0,0.0,0.15181689435541218,0.0,0.0,0.0,1,0,0,1,0,0,0,Very Low,7.277253415331183,kidnap_risk
natore sadar,saturday,night,24.4139,88.93,0.17462316435441744,0.08731158217720872,0.08731158217720872,0.0,0.0,0.0,0.0,2,1,1,0,0,0,0,Very Low,7.619347465316261,murder_risk
natore sadar,sunday,morning,24.4139,88.93,0.17252942033746482,0.0,0.0,0.08626471016873241,0.08626471016873241,0.0,0.0,2,0,0,1,1,0,0,Very Low,7.587941305061973,kidnap_risk
natore sadar,sunday,night,24.4139,88.93,0.17711171952776184,0.0,0.08855585976388092,0.0,0.0,0.0,0.08855585976388092,2,0,1,0,0,0,1,Very Low,7.6566757929164275,rape_risk
natore sadar,sunday,noon,24.4139,88.93,0.1388521783423426,0.0,0.0,0.0,0.0,0.0,0.1388521783423426,1,0,0,0,0,0,1,Very Low,7.082782675135139,assault_risk
natore sadar,thursday,night,24.4139,88.93,0.14262386494587156,0.0,0.0,0.0,0.0,0.0,0.14262386494587156,1,0,0,0,0,0,1,Very Low,7.139357974188073,assault_risk
natore sadar,tuesday,morning,24.4139,88.93,0.144046065132622,0.0,0.0,0.0,0.144046065132622,0.0,0.0,1,0,0,0,1,0,0,Very Low,7.16069097698933,bodyfound_risk
natore sadar,tuesday,night,24.4139,88.93,0.1780238832305449,0.08901194161527246,0.0,0.0,0.0,0.0,0.08901194161527246,2,1,0,0,0,0,1,Very Low,7.670358248458173,murder_risk
natore sadar,tuesday,noon,24.4139,88.93,0.11957190034693471,0.0,0.11957190034693471,0.0,0.0,0.0,0.0,1,0,1,0,0,0,0,Very Low,6.793578505204021,rape_risk
natore sadar,wednesday,morning,24.4139,88.93,0.15112960248650442,0.0,0.15112960248650442,0.0,0.0,0.0,0.0,1,0,1,0,0,0,0,Very Low,7.266944037297566,rape_risk
natore sadar,wednesday,night,24.4139,88.93,0.1789058215827361,0.08945291079136805,0.0,0.0,0.0,0.08945291079136805,0.0,2,1,0,0,0,1,0,Very Low,7.683587323741042,murder_risk
natunbazar,wednesday,afternoon,23.784506,90.403409,0.5932313008385579,0.0,0.5932313008385579,0.0,0.0,0.0,0.0,1,0,1,0,0,0,0,High,13.89846951257837,rape_risk
nawabganj,monday,morning,25.4167,89.0833,0.17866342248864162,0.17866342248864162,0.0,0.0,0.0,0.0,0.0,2,2,0,0,0,0,0,Very Low,7.679951337329625,murder_risk
nawabganj,monday,night,23.6667,90.1667,0.13355361921152595,0.0,0.13355361921152595,0.0,0.0,0.0,0.0,1,0,1,0,0,0,0,Very Low,7.003304288172889,rape_risk
nawabganj,saturday,morning,25.416700000000002,89.0833,0.2222271448311719,0.07407571494372396,0.0,0.0,0.14815142988744792,0.0,0.0,3,1,0,0,2,0,0,Low,8.333407172467577,bodyfound_risk
nawabganj,sunday,night,23.6667,90.1667,0.13661569971941817,0.0,0.0,0.0,0.0,0.13661569971941817,0.0,1,0,0,0,0,1,0,Very Low,7.049235495791272,robbery_risk
nawabganj,thursday,night,23.6667,90.1667,0.1361235281573367,0.0,0.1361235281573367,0.0,0.0,0.0,0.0,1,0,1,0,0,0,0,Very Low,7.04185292236005,rape_risk
nawabganj,wednesday,afternoon,25.4167,89.0833,0.1311078289456602,0.1311078289456602,0.0,0.0,0.0,0.0,0.0,1,1,0,0,0,0,0,Very Low,6.9666174341849025,murder_risk
nawabganj,wednesday,morning,25.4167,89.0833,0.13212766018896627,0.13212766018896627,0.0,0.0,0.0,0.0,0.0,1,1,0,0,0,0,0,Very Low,6.981914902834494,murder_risk
nawabpur,saturday,morning,23.728907,90.417137,0.5865543881935616,0.0,0.0,0.0,0.0,0.0,0.5865543881935616,1,0,0,0,0,0,1,High,13.798315822903424,assault_risk
nazirpur,friday,morning,22.7461,89.9678,0.12945110419456005,0.12945110419456005,0.0,0.0,0.0,0.0,0.0,1,1,0,0,0,0,0,Very Low,6.941766562918401,murder_risk
nazirpur,friday,noon,22.7461,89.9678,0.13332255466361403,0.0,0.0,0.0,0.0,0.0,0.13332255466361403,1,0,0,0,0,0,1,Very Low,6.99983831995421,assault_risk
nazirpur,monday,night,22.7461,89.9678,0.13338929085951212,0.0,0.0,0.0,0.0,0.0,0.13338929085951212,1,0,0,0,0,0,1,Very Low,7.000839362892682,assault_risk
nazirpur,saturday,afternoon,22.7461,89.9678,0.13738479107549623,0.0,0.13738479107549623,0.0,0.0,0.0,0.0,1,0,1,0,0,0,0,Very Low,7.060771866132443,rape_risk
nazirpur,sunday,night,22.7461,89.9678,0.1642985905811681,0.0,0.08214929529058405,0.0,0.0,0.0,0.08214929529058405,2,0,1,0,0,0,1,Very Low,7.464478858717522,rape_risk
nazirpur,thursday,morning,22.7461,89.9678,0.1829129042852327,0.09145645214261636,0.09145645214261636,0.0,0.0,0.0,0.0,2,1,1,0,0,0,0,Very Low,7.743693564278491,murder_risk
nazirpur,thursday,night,22.7461,89.9678,0.12981472042588799,0.0,0.0,0.0,0.12981472042588799,0.0,0.0,1,0,0,0,1,0,0,Very Low,6.947220806388319,bodyfound_risk
nazirpur,tuesday,night,22.7461,89.9678,0.13386878478698538,0.0,0.13386878478698538,0.0,0.0,0.0,0.0,1,0,1,0,0,0,0,Very Low,7.008031771804781,rape_risk
nazirpur,wednesday,night,22.7461,89.9678,0.13544621009250574,0.0,0.13544621009250574,0.0,0.0,0.0,0.0,1,0,1,0,0,0,0,Very Low,7.031693151387586,rape_risk
nesarabad,friday,night,22.7472,90.1036,0.17601182431244666,0.0,0.17601182431244666,0.0,0.0,0.0,0.0,2,0,2,0,0,0,0,Very Low,7.6401773646867,rape_risk
nesarabad,sunday,morning,22.7472,90.1036,0.1360064624193265,0.0,0.1360064624193265,0.0,0.0,0.0,0.0,1,0,1,0,0,0,0,Very Low,7.040096936289897,rape_risk
nesarabad,thursday,night,22.7472,90.1036,0.13226641497649627,0.13226641497649627,0.0,0.0,0.0,0.0,0.0,1,1,0,0,0,0,0,Very Low,6.983996224647444,murder_risk
nesarabad,tuesday,morning,22.747200000000003,90.10359999999999,0.2042599799418967,0.0,0.0,0.0,0.13617331996126447,0.0,0.06808665998063224,3,0,0,0,2,0,1,Low,8.06389969912845,bodyfound_risk
nesarabad,tuesday,night,22.7472,90.1036,0.1483814939550262,0.1483814939550262,0.0,0.0,0.0,0.0,0.0,1,1,0,0,0,0,0,Very Low,7.2257224093253924,murder_risk
nesarabad,tuesday,noon,22.7472,90.1036,0.1359863859063578,0.0,0.0,0.0,0.0,0.0,0.1359863859063578,1,0,0,0,0,0,1,Very Low,7.039795788595367,assault_risk
nesarabad,wednesday,noon,22.7472,90.1036,0.1315919050170023,0.0,0.0,0.0,0.0,0.0,0.1315919050170023,1,0,0,0,0,0,1,Very Low,6.973878575255035,assault_risk
netrokona sadar,friday,morning,24.875,90.7333,0.11911890738320455,0.0,0.0,0.11911890738320455,0.0,0.0,0.0,1,0,0,1,0,0,0,Very Low,6.786783610748068,kidnap_risk
netrokona sadar,friday,night,24.875,90.7333,0.12146709513927903,0.12146709513927903,0.0,0.0,0.0,0.0,0.0,1,1,0,0,0,0,0,Very Low,6.822006427089185,murder_risk
netrokona sadar,monday,evening,24.875,90.7333,0.1453618680609044,0.0,0.0,0.0726809340304522,0.0726809340304522,0.0,0.0,2,0,0,1,1,0,0,Very Low,7.180428020913566,kidnap_risk
netrokona sadar,monday,morning,24.875,90.7333,0.1575213334858399,0.07876066674291995,0.0,0.0,0.07876066674291995,0.0,0.0,2,1,0,0,1,0,0,Very Low,7.362820002287599,murder_risk
netrokona sadar,monday,night,24.875,90.7333,0.12164596327813126,0.12164596327813126,0.0,0.0,0.0,0.0,0.0,1,1,0,0,0,0,0,Very Low,6.824689449171969,murder_risk
netrokona sadar,saturday,morning,24.875,90.7333,0.13177778518542543,0.0,0.0,0.0,0.13177778518542543,0.0,0.0,1,0,0,0,1,0,0,Very Low,6.976666777781381,bodyfound_risk
netrokona sadar,saturday,night,24.875,90.7333,0.15579480165052012,0.15579480165052012,0.0,0.0,0.0,0.0,0.0,2,2,0,0,0,0,0,Very Low,7.336922024757802,murder_risk
netrokona sadar,thursday,afternoon,24.875,90.7333,0.12302788810519574,0.0,0.0,0.0,0.12302788810519574,0.0,0.0,1,0,0,0,1,0,0,Very Low,6.845418321577936,bodyfound_risk
netrokona sadar,thursday,evening,24.875,90.7333,0.12191048040081366,0.12191048040081366,0.0,0.0,0.0,0.0,0.0,1,1,0,0,0,0,0,Very Low,6.828657206012204,murder_risk
netrokona sadar,thursday,morning,24.875,90.7333,0.11472208422676697,0.0,0.0,0.0,0.11472208422676697,0.0,0.0,1,0,0,0,1,0,0,Very Low,6.720831263401505,bodyfound_risk
netrokona sadar,tuesday,night,24.875,90.7333,0.1268412770916969,0.1268412770916969,0.0,0.0,0.0,0.0,0.0,1,1,0,0,0,0,0,Very Low,6.9026191563754535,murder_risk
netrokona sadar,tuesday,noon,24.875,90.7333,0.1163872852755083,0.0,0.0,0.0,0.0,0.0,0.1163872852755083,1,0,0,0,0,0,1,Very Low,6.745809279132624,assault_risk
netrokona sadar,wednesday,night,24.875,90.7333,0.1457739073872727,0.0,0.07288695369363635,0.0,0.0,0.07288695369363635,0.0,2,0,1,0,0,1,0,Very Low,7.18660861080909,rape_risk
new eskaton,monday,night,23.746693,90.394921,0.3664096418012832,0.0,0.0,0.0,0.0,0.3664096418012832,0.0,1,0,0,0,0,1,0,Moderate,10.496144627019248,robbery_risk
new eskaton,tuesday,noon,23.746693,90.394921,0.48617150263056796,0.0,0.0,0.0,0.0,0.0,0.48617150263056796,2,0,0,0,0,0,2,Moderate,12.292572539458519,assault_risk
new market,friday,night,23.7350915,90.3842575,0.33906061932640896,0.33906061932640896,0.0,0.0,0.0,0.0,0.0,1,1,0,0,0,0,0,Low,10.085909289896135,murder_risk
new market,monday,morning,23.7350915,90.3842575,0.3265078934223618,0.0,0.0,0.0,0.3265078934223618,0.0,0.0,1,0,0,0,1,0,0,Low,9.897618401335427,bodyfound_risk
new market,sunday,evening,23.7350915,90.3842575,0.3439607996715895,0.0,0.0,0.3439607996715895,0.0,0.0,0.0,1,0,0,1,0,0,0,Low,10.159411995073842,kidnap_risk
new market,thursday,night,23.7350915,90.3842575,0.318744117838336,0.0,0.0,0.0,0.318744117838336,0.0,0.0,1,0,0,0,1,0,0,Low,9.781161767575039,bodyfound_risk
new market,wednesday,afternoon,23.7350915,90.3842575,0.34523991158629075,0.34523991158629075,0.0,0.0,0.0,0.0,0.0,1,1,0,0,0,0,0,Low,10.178598673794362,murder_risk
niamatpur,monday,night,24.8583,88.5667,0.39060311869828923,0.0,0.39060311869828923,0.0,0.0,0.0,0.0,1,0,1,0,0,0,0,Moderate,10.859046780474339,rape_risk
niketan,sunday,noon,23.77337857,90.4097081,0.43788169809185973,0.0,0.0,0.0,0.43788169809185973,0.0,0.0,1,0,0,0,1,0,0,Moderate,11.568225471377897,bodyfound_risk
niketan,tuesday,evening,23.77337857,90.4097081,0.44686542229032383,0.44686542229032383,0.0,0.0,0.0,0.0,0.0,1,1,0,0,0,0,0,Moderate,11.702981334354858,murder_risk
nikli,monday,night,24.3167,90.9333,0.2413866826147493,0.2413866826147493,0.0,0.0,0.0,0.0,0.0,1,1,0,0,0,0,0,Low,8.62080023922124,murder_risk
nikli,wednesday,night,24.3167,90.9333,0.23360117046672332,0.0,0.23360117046672332,0.0,0.0,0.0,0.0,1,0,1,0,0,0,0,Low,8.50401755700085,rape_risk
nilkhet,sunday,night,23.728907,90.417137,0.34589078298653925,0.0,0.0,0.0,0.0,0.0,0.34589078298653925,1,0,0,0,0,0,1,Low,10.188361744798089,assault_risk
nilkhet,thursday,night,23.728907,90.417137,0.35420140394387595,0.0,0.0,0.0,0.0,0.35420140394387595,0.0,1,0,0,0,0,1,0,Moderate,10.313021059158139,robbery_risk
nilkhet,tuesday,night,23.728907,90.417137,0.34507138509990476,0.0,0.0,0.0,0.0,0.0,0.34507138509990476,1,0,0,0,0,0,1,Low,10.176070776498571,assault_risk
nilkhet,wednesday,night,23.728907,90.417137,0.340669064173438,0.0,0.0,0.0,0.0,0.340669064173438,0.0,1,0,0,0,0,1,0,Low,10.11003596260157,robbery_risk
nilphamari sadar,friday,night,25.9417,88.8444,0.16881879613946374,0.16881879613946374,0.0,0.0,0.0,0.0,0.0,2,2,0,0,0,0,0,Very Low,7.532281942091956,murder_risk
nilphamari sadar,monday,morning,25.9417,88.8444,0.1528177821069402,0.0,0.0,0.0764088910534701,0.0764088910534701,0.0,0.0,2,0,0,1,1,0,0,Very Low,7.292266731604103,kidnap_risk
nilphamari sadar,sunday,morning,25.9417,88.8444,0.16518081256233574,0.08259040628116787,0.08259040628116787,0.0,0.0,0.0,0.0,2,1,1,0,0,0,0,Very Low,7.477712188435036,murder_risk
nilphamari sadar,thursday,evening,25.9417,88.8444,0.12054190939916234,0.0,0.12054190939916234,0.0,0.0,0.0,0.0,1,0,1,0,0,0,0,Very Low,6.8081286409874355,rape_risk
nilphamari sadar,thursday,morning,25.9417,88.8444,0.12076294987717388,0.0,0.0,0.0,0.12076294987717388,0.0,0.0,1,0,0,0,1,0,0,Very Low,6.811444248157608,bodyfound_risk
nilphamari sadar,thursday,night,25.9417,88.8444,0.15788516574563122,0.07894258287281561,0.07894258287281561,0.0,0.0,0.0,0.0,2,1,1,0,0,0,0,Very Low,7.368277486184468,murder_risk
nilphamari sadar,thursday,noon,25.9417,88.8444,0.15007031100007995,0.0,0.0,0.0,0.0,0.07503515550003997,0.07503515550003997,2,0,0,0,0,1,1,Very Low,7.251054665001199,robbery_risk
nilphamari sadar,tuesday,morning,25.9417,88.8444,0.12088920930252631,0.0,0.0,0.0,0.12088920930252631,0.0,0.0,1,0,0,0,1,0,0,Very Low,6.813338139537895,bodyfound_risk
nilphamari sadar,wednesday,morning,25.9417,88.8444,0.14227653800020157,0.0,0.0,0.14227653800020157,0.0,0.0,0.0,2,0,0,2,0,0,0,Very Low,7.1341480700030235,kidnap_risk
nilphamari sadar,wednesday,night,25.9417,88.8444,0.1322461173577663,0.1322461173577663,0.0,0.0,0.0,0.0,0.0,1,1,0,0,0,0,0,Very Low,6.9836917603664945,murder_risk
noakhali sadar,friday,night,22.8256,91.1014,0.15347084213661158,0.07673542106830579,0.0,0.0,0.0,0.0,0.07673542106830579,2,1,0,0,0,0,1,Very Low,7.302062632049173,murder_risk
noakhali sadar,friday,noon,22.8256,91.1014,0.12391331435545679,0.0,0.0,0.0,0.0,0.12391331435545679,0.0,1,0,0,0,0,1,0,Very Low,6.858699715331852,robbery_risk
noakhali sadar,monday,morning,22.8256,91.1014,0.12427672858936592,0.0,0.0,0.0,0.0,0.12427672858936592,0.0,1,0,0,0,0,1,0,Very Low,6.8641509288404885,robbery_risk
noakhali sadar,monday,night,22.8256,91.1014,0.1266761197972194,0.1266761197972194,0.0,0.0,0.0,0.0,0.0,1,1,0,0,0,0,0,Very Low,6.900141796958291,murder_risk
noakhali sadar,monday,noon,22.8256,91.1014,0.11682598399430491,0.0,0.11682598399430491,0.0,0.0,0.0,0.0,1,0,1,0,0,0,0,Very Low,6.752389759914574,rape_risk
noakhali sadar,saturday,afternoon,22.8256,91.1014,0.137811718122097,0.137811718122097,0.0,0.0,0.0,0.0,0.0,1,1,0,0,0,0,0,Very Low,7.0671757718314545,murder_risk
noakhali sadar,saturday,night,22.8256,91.1014,0.1371194193001044,0.1371194193001044,0.0,0.0,0.0,0.0,0.0,1,1,0,0,0,0,0,Very Low,7.056791289501566,murder_risk
noakhali sadar,saturday,noon,22.8256,91.1014,0.15117234705121999,0.0,0.0,0.0,0.0,0.07558617352560999,0.07558617352560999,2,0,0,0,0,1,1,Very Low,7.2675852057683,robbery_risk
noakhali sadar,sunday,night,22.8256,91.1014,0.12071124872046127,0.0,0.0,0.12071124872046127,0.0,0.0,0.0,1,0,0,1,0,0,0,Very Low,6.810668730806919,kidnap_risk
noakhali sadar,thursday,morning,22.8256,91.1014,0.13416081044752032,0.0,0.0,0.0,0.13416081044752032,0.0,0.0,1,0,0,0,1,0,0,Very Low,7.012412156712805,bodyfound_risk
noakhali sadar,thursday,night,22.8256,91.1014,0.12251902261274722,0.0,0.12251902261274722,0.0,0.0,0.0,0.0,1,0,1,0,0,0,0,Very Low,6.837785339191209,rape_risk
noakhali sadar,wednesday,evening,22.8256,91.1014,0.11961626924543717,0.0,0.0,0.0,0.11961626924543717,0.0,0.0,1,0,0,0,1,0,0,Very Low,6.7942440386815575,bodyfound_risk
noakhali sadar,wednesday,morning,22.8256,91.1014,0.116339908392813,0.0,0.0,0.0,0.116339908392813,0.0,0.0,1,0,0,0,1,0,0,Very Low,6.745098625892195,bodyfound_risk
noakhali sadar,wednesday,night,22.8256,91.1014,0.12104070550015725,0.12104070550015725,0.0,0.0,0.0,0.0,0.0,1,1,0,0,0,0,0,Very Low,6.815610582502359,murder_risk
nokla,monday,noon,24.98333,90.18333,0.2466486620680497,0.2466486620680497,0.0,0.0,0.0,0.0,0.0,1,1,0,0,0,0,0,Low,8.699729931020745,murder_risk
nokla,thursday,morning,24.98333,90.18333,0.24858305057877184,0.0,0.0,0.0,0.24858305057877184,0.0,0.0,1,0,0,0,1,0,0,Low,8.728745758681578,bodyfound_risk
nondigram,friday,night,24.6611,89.2333,0.14139830359562278,0.0,0.14139830359562278,0.0,0.0,0.0,0.0,1,0,1,0,0,0,0,Very Low,7.120974553934341,rape_risk
nondigram,saturday,night,24.6611,89.2333,0.1587100320760138,0.1587100320760138,0.0,0.0,0.0,0.0,0.0,1,1,0,0,0,0,0,Very Low,7.380650481140207,murder_risk
nondigram,sunday,morning,24.6611,89.2333,0.14799369218460473,0.14799369218460473,0.0,0.0,0.0,0.0,0.0,1,1,0,0,0,0,0,Very Low,7.2199053827690705,murder_risk
nondigram,sunday,noon,24.6611,89.2333,0.13081746042306092,0.0,0.0,0.0,0.0,0.0,0.13081746042306092,1,0,0,0,0,0,1,Very Low,6.962261906345914,assault_risk
nondigram,thursday,night,24.6611,89.2333,0.14896652557954043,0.0,0.14896652557954043,0.0,0.0,0.0,0.0,1,0,1,0,0,0,0,Very Low,7.234497883693106,rape_risk
nondigram,wednesday,night,24.6611,89.2333,0.20186501285588898,0.0,0.20186501285588898,0.0,0.0,0.0,0.0,2,0,2,0,0,0,0,Low,8.027975192838335,rape_risk
old dhaka,friday,morning,23.794413,90.413735,0.3118364224352829,0.3118364224352829,0.0,0.0,0.0,0.0,0.0,1,1,0,0,0,0,0,Low,9.677546336529243,murder_risk
old dhaka,friday,night,23.794413,90.413735,0.298093973958241,0.0,0.0,0.0,0.0,0.298093973958241,0.0,1,0,0,0,0,1,0,Low,9.471409609373616,robbery_risk
old dhaka,monday,night,23.794413,90.413735,0.341856991801828,0.170928495900914,0.0,0.0,0.0,0.0,0.170928495900914,2,1,0,0,0,0,1,Low,10.12785487702742,murder_risk
old dhaka,thursday,night,23.794413000000002,90.41373500000002,0.3649555345602203,0.12165184485340676,0.0,0.0,0.0,0.24330368970681351,0.0,3,1,0,0,0,2,0,Moderate,10.474333018403303,robbery_risk
old dhaka,thursday,noon,23.794413,90.413735,0.33505454386146666,0.0,0.0,0.0,0.0,0.16752727193073333,0.16752727193073333,2,0,0,0,0,1,1,Low,10.025818157922,robbery_risk
old dhaka,wednesday,morning,23.794413,90.413735,0.3236056177158131,0.0,0.0,0.0,0.0,0.3236056177158131,0.0,2,0,0,0,0,2,0,Low,9.854084265737196,robbery_risk
old dhaka,wednesday,night,23.794413,90.413735,0.2986962171390748,0.0,0.0,0.0,0.0,0.2986962171390748,0.0,1,0,0,0,0,1,0,Low,9.480443257086122,robbery_risk
paba,monday,night,24.4417,88.6278,0.15466013551831245,0.0,0.15466013551831245,0.0,0.0,0.0,0.0,1,0,1,0,0,0,0,Very Low,7.319902032774687,rape_risk
paba,saturday,noon,24.4417,88.6278,0.13221269055802798,0.0,0.0,0.0,0.13221269055802798,0.0,0.0,1,0,0,0,1,0,0,Very Low,6.98319035837042,bodyfound_risk
paba,sunday,night,24.4417,88.6278,0.1453817961296461,0.0,0.1453817961296461,0.0,0.0,0.0,0.0,1,0,1,0,0,0,0,Very Low,7.180726941944691,rape_risk
paba,thursday,afternoon,24.4417,88.6278,0.14859316508291098,0.0,0.0,0.0,0.0,0.0,0.14859316508291098,1,0,0,0,0,0,1,Very Low,7.228897476243665,assault_risk
paba,thursday,morning,24.4417,88.6278,0.11628288115500574,0.0,0.11628288115500574,0.0,0.0,0.0,0.0,1,0,1,0,0,0,0,Very Low,6.744243217325086,rape_risk
paba,thursday,night,24.4417,88.6278,0.13562601177057962,0.0,0.0,0.0,0.13562601177057962,0.0,0.0,1,0,0,0,1,0,0,Very Low,7.034390176558695,bodyfound_risk
paba,tuesday,night,24.4417,88.6278,0.13937071605483675,0.13937071605483675,0.0,0.0,0.0,0.0,0.0,1,1,0,0,0,0,0,Very Low,7.090560740822552,murder_risk
paba,wednesday,evening,24.4417,88.6278,0.1360343213649269,0.0,0.0,0.1360343213649269,0.0,0.0,0.0,1,0,0,1,0,0,0,Very Low,7.040514820473904,kidnap_risk
pabna sadar,friday,afternoon,24.005,89.25,0.1354702189520746,0.0677351094760373,0.0,0.0,0.0677351094760373,0.0,0.0,2,1,0,0,1,0,0,Very Low,7.032053284281119,murder_risk
pabna sadar,friday,evening,24.005,89.25,0.13983662324994492,0.13983662324994492,0.0,0.0,0.0,0.0,0.0,2,2,0,0,0,0,0,Very Low,7.097549348749174,murder_risk
pabna sadar,friday,morning,24.005,89.25,0.11528463880521005,0.0,0.0,0.0,0.11528463880521005,0.0,0.0,1,0,0,0,1,0,0,Very Low,6.7292695820781505,bodyfound_risk
pabna sadar,friday,night,24.005,89.25,0.15782269478287303,0.15782269478287303,0.0,0.0,0.0,0.0,0.0,2,2,0,0,0,0,0,Very Low,7.367340421743096,murder_risk
pabna sadar,monday,evening,24.005,89.25,0.11889574351394641,0.11889574351394641,0.0,0.0,0.0,0.0,0.0,1,1,0,0,0,0,0,Very Low,6.783436152709196,murder_risk
pabna sadar,monday,night,24.005,89.25,0.25273508089321345,0.18052505778086675,0.0,0.03610501155617335,0.0,0.03610501155617335,0.0,7,5,0,1,0,1,0,Low,8.791026213398201,murder_risk
pabna sadar,saturday,night,24.005,89.25,0.2389527653002384,0.06827221865721096,0.03413610932860548,0.03413610932860548,0.03413610932860548,0.0,0.06827221865721096,7,2,1,1,1,0,2,Low,8.584291479503577,murder_risk
pabna sadar,sunday,night,24.005,89.25,0.16692009228410873,0.11128006152273914,0.05564003076136957,0.0,0.0,0.0,0.0,3,2,1,0,0,0,0,Very Low,7.503801384261632,murder_risk
pabna sadar,thursday,morning,24.005,89.25,0.15429496840882204,0.05143165613627401,0.0,0.0,0.05143165613627401,0.0,0.05143165613627401,3,1,0,0,1,0,1,Very Low,7.31442452613233,murder_risk
pabna sadar,thursday,night,24.005,89.25,0.2258097192830084,0.1129048596415042,0.037634953213834726,0.0,0.07526990642766945,0.0,0.0,6,3,1,0,2,0,0,Low,8.387145789245126,murder_risk
pabna sadar,tuesday,afternoon,24.005,89.25,0.10611312180559357,0.0,0.0,0.0,0.10611312180559357,0.0,0.0,1,0,0,0,1,0,0,Very Low,6.591696827083903,bodyfound_risk
pabna sadar,tuesday,evening,24.005,89.25,0.11385218761126198,0.0,0.0,0.11385218761126198,0.0,0.0,0.0,1,0,0,1,0,0,0,Very Low,6.7077828141689295,kidnap_risk
pabna sadar,tuesday,morning,24.005,89.25,0.1289177483557434,0.0,0.0,0.0,0.1289177483557434,0.0,0.0,1,0,0,0,1,0,0,Very Low,6.933766225336151,bodyfound_risk
pabna sadar,tuesday,night,24.005,89.25,0.20835868922252848,0.1666869513780228,0.0,0.0,0.0,0.0416717378445057,0.0,5,4,0,0,0,1,0,Low,8.125380338337926,murder_risk
pabna sadar,wednesday,morning,24.005,89.25,0.12166078152067834,0.06083039076033917,0.0,0.0,0.0,0.0,0.06083039076033917,2,1,0,0,0,0,1,Very Low,6.824911722810175,murder_risk
pabna sadar,wednesday,night,24.005,89.25,0.20658618315149524,0.03443103052524921,0.03443103052524921,0.0,0.06886206105049841,0.0,0.06886206105049841,6,1,1,0,2,0,2,Low,8.098792747272428,bodyfound_risk
pahartali,friday,night,22.358732,91.775428,0.32566586617099313,0.0,0.32566586617099313,0.0,0.0,0.0,0.0,1,0,1,0,0,0,0,Low,9.884987992564897,rape_risk
pahartali,tuesday,morning,22.358732,91.775428,0.3065499512039207,0.0,0.0,0.0,0.0,0.0,0.3065499512039207,1,0,0,0,0,0,1,Low,9.598249268058812,assault_risk
pakundia,friday,morning,24.3333,90.6833,0.19050459598339337,0.09525229799169668,0.0,0.0,0.09525229799169668,0.0,0.0,2,1,0,0,1,0,0,Very Low,7.8575689397509,murder_risk
pakundia,saturday,night,24.3333,90.6833,0.14608169696573176,0.14608169696573176,0.0,0.0,0.0,0.0,0.0,1,1,0,0,0,0,0,Very Low,7.191225454485976,murder_risk
pakundia,thursday,noon,24.3333,90.6833,0.1641619961303945,0.1641619961303945,0.0,0.0,0.0,0.0,0.0,1,1,0,0,0,0,0,Very Low,7.462429941955918,murder_risk
pakundia,tuesday,night,24.3333,90.6833,0.14630833032212048,0.14630833032212048,0.0,0.0,0.0,0.0,0.0,1,1,0,0,0,0,0,Very Low,7.1946249548318075,murder_risk
pakundia,wednesday,morning,24.3333,90.6833,0.14820723991214294,0.0,0.0,0.0,0.14820723991214294,0.0,0.0,1,0,0,0,1,0,0,Very Low,7.223108598682144,bodyfound_risk
palash,thursday,night,23.95,90.625,0.25127197775582966,0.0,0.25127197775582966,0.0,0.0,0.0,0.0,2,0,2,0,0,0,0,Low,8.769079666337445,rape_risk
palash,tuesday,morning,23.95,90.625,0.18251562627057713,0.0,0.0,0.0,0.0,0.18251562627057713,0.0,1,0,0,0,0,1,0,Very Low,7.737734394058657,robbery_risk
palash,wednesday,evening,23.95,90.625,0.18976461370046357,0.0,0.18976461370046357,0.0,0.0,0.0,0.0,1,0,1,0,0,0,0,Very Low,7.846469205506954,rape_risk
palashbari,sunday,morning,25.2833,89.35,0.19298311042813882,0.19298311042813882,0.0,0.0,0.0,0.0,0.0,1,1,0,0,0,0,0,Very Low,7.8947466564220825,murder_risk
palashbari,sunday,night,25.2833,89.35,0.15925662100912977,0.0,0.0,0.0,0.0,0.0,0.15925662100912977,1,0,0,0,0,0,1,Very Low,7.388849315136946,assault_risk
palashbari,thursday,night,25.2833,89.35,0.2510934884598946,0.1255467442299473,0.0,0.0,0.0,0.0,0.1255467442299473,2,1,0,0,0,0,1,Low,8.766402326898419,murder_risk
pallabi,friday,night,23.827398,90.364473,0.2971038920271588,0.0,0.0,0.0,0.0,0.0,0.2971038920271588,1,0,0,0,0,0,1,Low,9.456558380407383,assault_risk
pallabi,monday,morning,23.827398,90.364473,0.3344120946767719,0.16720604733838595,0.0,0.0,0.16720604733838595,0.0,0.0,2,1,0,0,1,0,0,Low,10.016181420151579,murder_risk
pallabi,saturday,noon,23.827398,90.364473,0.301079084052451,0.0,0.0,0.0,0.301079084052451,0.0,0.0,1,0,0,0,1,0,0,Low,9.516186260786764,bodyfound_risk
pallabi,sunday,morning,23.827398,90.364473,0.2993513211576797,0.2993513211576797,0.0,0.0,0.0,0.0,0.0,1,1,0,0,0,0,0,Low,9.490269817365196,murder_risk
pallabi,sunday,noon,23.827398,90.364473,0.3034920616070892,0.0,0.0,0.0,0.3034920616070892,0.0,0.0,1,0,0,0,1,0,0,Low,9.552380924106338,bodyfound_risk
pallabi,thursday,evening,23.827398,90.364473,0.3150861660224322,0.0,0.3150861660224322,0.0,0.0,0.0,0.0,1,0,1,0,0,0,0,Low,9.726292490336483,rape_risk
pallabi,thursday,night,23.827398,90.364473,0.3351363936654528,0.0,0.0,0.1675681968327264,0.1675681968327264,0.0,0.0,2,0,0,1,1,0,0,Low,10.027045904981792,kidnap_risk
pallabi,tuesday,evening,23.827398,90.364473,0.32399683441214244,0.0,0.0,0.0,0.32399683441214244,0.0,0.0,2,0,0,0,2,0,0,Low,9.859952516182137,bodyfound_risk
pallabi,tuesday,night,23.827398,90.364473,0.33874177909708736,0.0,0.33874177909708736,0.0,0.0,0.0,0.0,2,0,2,0,0,0,0,Low,10.081126686456312,rape_risk
pallabi,wednesday,morning,23.827398,90.364473,0.2988092261606075,0.2988092261606075,0.0,0.0,0.0,0.0,0.0,1,1,0,0,0,0,0,Low,9.482138392409112,murder_risk
paltan,monday,morning,23.73368,90.413005,0.3064571078232766,0.0,0.0,0.0,0.0,0.0,0.3064571078232766,1,0,0,0,0,0,1,Low,9.59685661734915,assault_risk
paltan,monday,night,23.73368,90.413005,0.3103326246867742,0.0,0.0,0.0,0.0,0.3103326246867742,0.0,1,0,0,0,0,1,0,Low,9.654989370301614,robbery_risk
paltan,saturday,morning,23.73368,90.413005,0.3102262811523405,0.0,0.0,0.0,0.3102262811523405,0.0,0.0,1,0,0,0,1,0,0,Low,9.653394217285108,bodyfound_risk
paltan,sunday,evening,23.73368,90.413005,0.3184761798661624,0.0,0.3184761798661624,0.0,0.0,0.0,0.0,1,0,1,0,0,0,0,Low,9.777142697992435,rape_risk
paltan,sunday,night,23.73368,90.413005,0.3526443797014789,0.0,0.0,0.3526443797014789,0.0,0.0,0.0,2,0,0,2,0,0,0,Moderate,10.289665695522183,kidnap_risk
paltan,tuesday,evening,23.73368,90.413005,0.30446210783225036,0.0,0.0,0.0,0.0,0.0,0.30446210783225036,1,0,0,0,0,0,1,Low,9.566931617483755,assault_risk
paltan,tuesday,morning,23.73368,90.413005,0.3100825068197985,0.0,0.0,0.0,0.0,0.0,0.3100825068197985,1,0,0,0,0,0,1,Low,9.651237602296977,assault_risk
panchagarh sadar,friday,night,26.3347,88.5583,0.1395646110213159,0.06978230551065795,0.0,0.0,0.06978230551065795,0.0,0.0,2,1,0,0,1,0,0,Very Low,7.093469165319739,murder_risk
panchagarh sadar,monday,evening,26.3347,88.55829999999999,0.1685436638774449,0.0,0.05618122129248163,0.0,0.11236244258496327,0.0,0.0,3,0,1,0,2,0,0,Very Low,7.528154958161673,bodyfound_risk
panchagarh sadar,monday,night,26.3347,88.5583,0.11761157233539195,0.11761157233539195,0.0,0.0,0.0,0.0,0.0,1,1,0,0,0,0,0,Very Low,6.764173585030879,murder_risk
panchagarh sadar,saturday,night,26.3347,88.5583,0.13982937688153013,0.06991468844076507,0.0,0.0,0.0,0.06991468844076507,0.0,2,1,0,0,0,1,0,Very Low,7.097440653222952,murder_risk
panchagarh sadar,sunday,morning,26.3347,88.5583,0.12675251139865168,0.0,0.12675251139865168,0.0,0.0,0.0,0.0,1,0,1,0,0,0,0,Very Low,6.901287670979775,rape_risk
panchagarh sadar,thursday,evening,26.3347,88.5583,0.11062952758713493,0.0,0.0,0.0,0.11062952758713493,0.0,0.0,1,0,0,0,1,0,0,Very Low,6.659442913807024,bodyfound_risk
panchagarh sadar,thursday,night,26.3347,88.5583,0.11659646814107756,0.11659646814107756,0.0,0.0,0.0,0.0,0.0,1,1,0,0,0,0,0,Very Low,6.748947022116163,murder_risk
panchagarh sadar,tuesday,afternoon,26.3347,88.5583,0.11647629542244031,0.0,0.0,0.0,0.11647629542244031,0.0,0.0,1,0,0,0,1,0,0,Very Low,6.747144431336604,bodyfound_risk
panchagarh sadar,tuesday,evening,26.3347,88.5583,0.1415761651458316,0.0,0.0707880825729158,0.0,0.0707880825729158,0.0,0.0,2,0,1,0,1,0,0,Very Low,7.123642477187474,rape_risk
panchagarh sadar,tuesday,night,26.3347,88.5583,0.12498729213572529,0.0,0.0,0.062493646067862646,0.0,0.0,0.062493646067862646,2,0,0,1,0,0,1,Very Low,6.874809382035879,kidnap_risk
panchagarh sadar,wednesday,evening,26.3347,88.5583,0.10819817075476604,0.0,0.10819817075476604,0.0,0.0,0.0,0.0,1,0,1,0,0,0,0,Very Low,6.6229725613214905,rape_risk
panchagarh sadar,wednesday,morning,26.3347,88.5583,0.11374229914930457,0.0,0.0,0.11374229914930457,0.0,0.0,0.0,1,0,0,1,0,0,0,Very Low,6.706134487239568,kidnap_risk
panchari,friday,night,23.29,91.9,0.14203605486589993,0.14203605486589993,0.0,0.0,0.0,0.0,0.0,1,1,0,0,0,0,0,Very Low,7.130540822988499,murder_risk
panchari,monday,morning,23.29,91.9,0.1164795920437222,0.0,0.0,0.1164795920437222,0.0,0.0,0.0,1,0,0,1,0,0,0,Very Low,6.747193880655833,kidnap_risk
panchari,sunday,morning,23.29,91.9,0.2005782832697529,0.10028914163487646,0.0,0.10028914163487646,0.0,0.0,0.0,2,1,0,1,0,0,0,Low,8.008674249046294,murder_risk
panchari,thursday,evening,23.29,91.9,0.13717536676069322,0.13717536676069322,0.0,0.0,0.0,0.0,0.0,1,1,0,0,0,0,0,Very Low,7.057630501410398,murder_risk
panchari,tuesday,morning,23.29,91.9,0.1150049931469715,0.0,0.0,0.0,0.1150049931469715,0.0,0.0,1,0,0,0,1,0,0,Very Low,6.725074897204573,bodyfound_risk
panchbibi,friday,evening,25.195,89.02,0.11522985999535541,0.11522985999535541,0.0,0.0,0.0,0.0,0.0,1,1,0,0,0,0,0,Very Low,6.728447899930331,murder_risk
panchbibi,friday,night,25.195,89.02,0.15433308530909107,0.07716654265454553,0.07716654265454553,0.0,0.0,0.0,0.0,2,1,1,0,0,0,0,Very Low,7.314996279636366,murder_risk
panchbibi,monday,morning,25.195,89.02,0.11465566361718584,0.11465566361718584,0.0,0.0,0.0,0.0,0.0,1,1,0,0,0,0,0,Very Low,6.719834954257788,murder_risk
panchbibi,monday,night,25.195,89.02,0.12587709491346177,0.0,0.0,0.0,0.12587709491346177,0.0,0.0,1,0,0,0,1,0,0,Very Low,6.888156423701926,bodyfound_risk
panchbibi,saturday,evening,25.195,89.02,0.11368524880621327,0.0,0.11368524880621327,0.0,0.0,0.0,0.0,1,0,1,0,0,0,0,Very Low,6.705278732093199,rape_risk
panchbibi,saturday,night,25.195,89.02,0.10682125870339441,0.0,0.10682125870339441,0.0,0.0,0.0,0.0,1,0,1,0,0,0,0,Very Low,6.602318880550916,rape_risk
panchbibi,sunday,morning,25.195,89.02,0.1265082600142069,0.0,0.0,0.0,0.1265082600142069,0.0,0.0,1,0,0,0,1,0,0,Very Low,6.8976239002131035,bodyfound_risk
panchbibi,sunday,night,25.195,89.02,0.15848514655910922,0.0,0.15848514655910922,0.0,0.0,0.0,0.0,2,0,2,0,0,0,0,Very Low,7.377277198386638,rape_risk
panchbibi,thursday,morning,25.195,89.02,0.13794229623166443,0.0,0.0,0.0,0.13794229623166443,0.0,0.0,2,0,0,0,2,0,0,Very Low,7.069134443474967,bodyfound_risk
panchbibi,thursday,night,25.195000000000004,89.02,0.1563410710754502,0.0521136903584834,0.0,0.0,0.0,0.0,0.1042273807169668,3,1,0,0,0,0,2,Very Low,7.345116066131753,assault_risk
panchbibi,tuesday,morning,25.195,89.02,0.10984184232849657,0.0,0.0,0.0,0.0,0.10984184232849657,0.0,1,0,0,0,0,1,0,Very Low,6.647627634927448,robbery_risk
panchbibi,tuesday,night,25.195,89.02,0.11536028012821388,0.0,0.11536028012821388,0.0,0.0,0.0,0.0,1,0,1,0,0,0,0,Very Low,6.730404201923208,rape_risk
panchbibi,wednesday,afternoon,25.195,89.02,0.1374475782151665,0.1374475782151665,0.0,0.0,0.0,0.0,0.0,2,2,0,0,0,0,0,Very Low,7.061713673227498,murder_risk
panchbibi,wednesday,morning,25.195,89.02,0.12702788410945992,0.0,0.0,0.0,0.12702788410945992,0.0,0.0,1,0,0,0,1,0,0,Very Low,6.905418261641898,bodyfound_risk
panchbibi,wednesday,night,25.195,89.02,0.13176243559839906,0.13176243559839906,0.0,0.0,0.0,0.0,0.0,1,1,0,0,0,0,0,Very Low,6.976436533975986,murder_risk
pangsa,saturday,night,23.7917,89.4167,0.3109462926112393,0.15547314630561965,0.0,0.0,0.0,0.0,0.15547314630561965,2,1,0,0,0,0,1,Low,9.664194389168589,murder_risk
pangsa,tuesday,night,23.7917,89.4167,0.2122959688901919,0.2122959688901919,0.0,0.0,0.0,0.0,0.0,1,1,0,0,0,0,0,Low,8.18443953335288,murder_risk
panthapath,thursday,noon,23.750343,90.388695,0.5778058757691256,0.0,0.0,0.0,0.0,0.0,0.5778058757691256,1,0,0,0,0,0,1,High,13.667088136536883,assault_risk
parbatipur,friday,evening,25.6533,88.9155,0.09582686129506664,0.0,0.09582686129506664,0.0,0.0,0.0,0.0,1,0,1,0,0,0,0,Very Low,6.437402919426,rape_risk
parbatipur,friday,morning,25.6533,88.9155,0.1811340418510502,0.0,0.0905670209255251,0.0,0.0905670209255251,0.0,0.0,4,0,2,0,2,0,0,Very Low,7.717010627765752,rape_risk
parbatipur,friday,night,25.6533,88.9155,0.1302753120608364,0.0,0.0,0.0,0.0651376560304182,0.0651376560304182,0.0,2,0,0,0,1,1,0,Very Low,6.954129680912546,bodyfound_risk
parbatipur,monday,evening,25.6533,88.9155,0.11757247776457905,0.11757247776457905,0.0,0.0,0.0,0.0,0.0,1,1,0,0,0,0,0,Very Low,6.763587166468685,murder_risk
parbatipur,monday,morning,25.6533,88.9155,0.09583225898222256,0.0,0.0,0.0,0.0,0.0,0.09583225898222256,2,0,0,0,0,0,2,Very Low,6.437483884733338,assault_risk
parbatipur,monday,night,25.6533,88.9155,0.1228433592859139,0.1228433592859139,0.0,0.0,0.0,0.0,0.0,1,1,0,0,0,0,0,Very Low,6.842650389288709,murder_risk
parbatipur,saturday,morning,25.6533,88.9155,0.1447672032040541,0.0,0.0,0.0,0.0,0.07238360160202705,0.07238360160202705,2,0,0,0,0,1,1,Very Low,7.1715080480608115,robbery_risk
parbatipur,saturday,night,25.6533,88.9155,0.1038157466275908,0.0,0.0,0.0,0.0,0.1038157466275908,0.0,1,0,0,0,0,1,0,Very Low,6.557236199413862,robbery_risk
parbatipur,saturday,noon,25.6533,88.9155,0.11200856794690088,0.0,0.0,0.0,0.11200856794690088,0.0,0.0,1,0,0,0,1,0,0,Very Low,6.680128519203513,bodyfound_risk
parbatipur,sunday,morning,25.6533,88.9155,0.17918888097374092,0.0,0.04479722024343523,0.08959444048687046,0.04479722024343523,0.0,0.0,4,0,1,2,1,0,0,Very Low,7.687833214606114,kidnap_risk
parbatipur,sunday,night,25.6533,88.9155,0.12190110029847412,0.0,0.06095055014923706,0.0,0.0,0.0,0.06095055014923706,2,0,1,0,0,0,1,Very Low,6.828516504477111,rape_risk
parbatipur,sunday,noon,25.6533,88.9155,0.11635783944523133,0.0,0.11635783944523133,0.0,0.0,0.0,0.0,1,0,1,0,0,0,0,Very Low,6.74536759167847,rape_risk
parbatipur,thursday,morning,25.6533,88.9155,0.18868779181988427,0.03773755836397685,0.0,0.0,0.11321267509193056,0.0,0.03773755836397685,5,1,0,0,3,0,1,Very Low,7.830316877298264,bodyfound_risk
parbatipur,thursday,night,25.6533,88.9155,0.17278955731120355,0.08639477865560177,0.0,0.0,0.0,0.08639477865560177,0.0,4,2,0,0,0,2,0,Very Low,7.591843359668053,murder_risk
parbatipur,tuesday,morning,25.6533,88.9155,0.17306679437095132,0.0,0.04326669859273783,0.04326669859273783,0.04326669859273783,0.0,0.04326669859273783,4,0,1,1,1,0,1,Very Low,7.59600191556427,rape_risk
parbatipur,tuesday,night,25.6533,88.9155,0.11423622796340943,0.0,0.0,0.0,0.11423622796340943,0.0,0.0,1,0,0,0,1,0,0,Very Low,6.713543419451142,bodyfound_risk
parbatipur,tuesday,noon,25.6533,88.9155,0.21085041099368695,0.0,0.21085041099368695,0.0,0.0,0.0,0.0,5,0,5,0,0,0,0,Low,8.162756164905304,rape_risk
parbatipur,wednesday,night,25.6533,88.9155,0.1359705195851499,0.1359705195851499,0.0,0.0,0.0,0.0,0.0,1,1,0,0,0,0,0,Very Low,7.039557793777249,murder_risk
parbatipur,wednesday,noon,25.6533,88.9155,0.14271408598635227,0.0,0.14271408598635227,0.0,0.0,0.0,0.0,2,0,2,0,0,0,0,Very Low,7.140711289795284,rape_risk
patenga,monday,morning,22.2544,91.7948,0.45857011786504975,0.0,0.0,0.0,0.45857011786504975,0.0,0.0,1,0,0,0,1,0,0,Moderate,11.878551767975747,bodyfound_risk
patgram,friday,night,26.35,89.01667,0.135851955801582,0.0,0.0,0.0,0.0,0.0,0.135851955801582,1,0,0,0,0,0,1,Very Low,7.03777933702373,assault_risk
patgram,monday,evening,26.35,89.01667,0.13288193870447382,0.0,0.13288193870447382,0.0,0.0,0.0,0.0,1,0,1,0,0,0,0,Very Low,6.993229080567107,rape_risk
patgram,saturday,evening,26.35,89.01667,0.12296903185301719,0.0,0.12296903185301719,0.0,0.0,0.0,0.0,1,0,1,0,0,0,0,Very Low,6.844535477795258,rape_risk
patgram,sunday,morning,26.35,89.01667,0.12995537370300203,0.0,0.0,0.12995537370300203,0.0,0.0,0.0,1,0,0,1,0,0,0,Very Low,6.949330605545031,kidnap_risk
patgram,thursday,evening,26.35,89.01667,0.1335321698595323,0.0,0.1335321698595323,0.0,0.0,0.0,0.0,1,0,1,0,0,0,0,Very Low,7.002982547892985,rape_risk
patgram,thursday,night,26.35,89.01667,0.12959188909153332,0.0,0.0,0.0,0.0,0.12959188909153332,0.0,1,0,0,0,0,1,0,Very Low,6.943878336373,robbery_risk
patgram,tuesday,afternoon,26.35,89.01667,0.1300430572088606,0.0,0.0,0.0,0.0,0.0,0.1300430572088606,1,0,0,0,0,0,1,Very Low,6.950645858132909,assault_risk
patgram,tuesday,evening,26.35,89.01667,0.13353245325428642,0.0,0.13353245325428642,0.0,0.0,0.0,0.0,1,0,1,0,0,0,0,Very Low,7.002986798814296,rape_risk
pathorghata,monday,night,22.0458,89.9689,0.1249736825745052,0.1249736825745052,0.0,0.0,0.0,0.0,0.0,1,1,0,0,0,0,0,Very Low,6.874605238617578,murder_risk
pathorghata,saturday,morning,22.0458,89.9689,0.127739398960233,0.0,0.0,0.127739398960233,0.0,0.0,0.0,1,0,0,1,0,0,0,Very Low,6.916090984403495,kidnap_risk
pathorghata,thursday,morning,22.0458,89.9689,0.20572550393046968,0.06857516797682323,0.06857516797682323,0.06857516797682323,0.0,0.0,0.0,3,1,1,1,0,0,0,Low,8.085882558957046,murder_risk
pathorghata,thursday,night,22.0458,89.9689,0.13018233916647667,0.0,0.13018233916647667,0.0,0.0,0.0,0.0,1,0,1,0,0,0,0,Very Low,6.95273508749715,rape_risk
pathorghata,thursday,noon,22.0458,89.9689,0.1433505916581239,0.1433505916581239,0.0,0.0,0.0,0.0,0.0,1,1,0,0,0,0,0,Very Low,7.1502588748718585,murder_risk
pathorghata,tuesday,morning,22.0458,89.9689,0.16700662153135398,0.16700662153135398,0.0,0.0,0.0,0.0,0.0,2,2,0,0,0,0,0,Very Low,7.50509932297031,murder_risk
pathorghata,tuesday,night,22.0458,89.9689,0.1323919932604642,0.1323919932604642,0.0,0.0,0.0,0.0,0.0,1,1,0,0,0,0,0,Very Low,6.985879898906963,murder_risk
pathorghata,wednesday,morning,22.0458,89.9689,0.15901988945195272,0.0,0.0,0.07950994472597636,0.0,0.0,0.07950994472597636,2,0,0,1,0,0,1,Very Low,7.385298341779291,kidnap_risk
patiya,friday,afternoon,22.31667,91.81667,0.13188400410733833,0.0,0.0,0.0,0.13188400410733833,0.0,0.0,1,0,0,0,1,0,0,Very Low,6.978260061610075,bodyfound_risk
patiya,friday,morning,22.31667,91.81667,0.1717218634429904,0.0858609317214952,0.0,0.0,0.0858609317214952,0.0,0.0,2,1,0,0,1,0,0,Very Low,7.575827951644856,murder_risk
patiya,friday,night,22.31667,91.81667,0.1306847805178035,0.1306847805178035,0.0,0.0,0.0,0.0,0.0,1,1,0,0,0,0,0,Very Low,6.960271707767053,murder_risk
patiya,monday,morning,22.31667,91.81667,0.12327833546794448,0.0,0.0,0.0,0.0,0.0,0.12327833546794448,1,0,0,0,0,0,1,Very Low,6.849175032019167,assault_risk
patiya,monday,night,22.31667,91.81667,0.13071427462957302,0.13071427462957302,0.0,0.0,0.0,0.0,0.0,1,1,0,0,0,0,0,Very Low,6.960714119443596,murder_risk
patiya,sunday,night,22.31667,91.81667,0.12175801021412296,0.0,0.12175801021412296,0.0,0.0,0.0,0.0,1,0,1,0,0,0,0,Very Low,6.826370153211844,rape_risk
patiya,tuesday,night,22.31667,91.81667,0.17610764882500246,0.08805382441250123,0.08805382441250123,0.0,0.0,0.0,0.0,2,1,1,0,0,0,0,Very Low,7.641614732375037,murder_risk
patiya,wednesday,morning,22.31667,91.81667,0.16877715913142025,0.0,0.0,0.08438857956571012,0.08438857956571012,0.0,0.0,2,0,0,1,1,0,0,Very Low,7.531657386971304,kidnap_risk
patnitala,friday,morning,25.05,88.7333,0.17733040390812171,0.0,0.0,0.0,0.17733040390812171,0.0,0.0,1,0,0,0,1,0,0,Very Low,7.659956058621826,bodyfound_risk
patnitala,friday,night,25.05,88.7333,0.17475946020861632,0.17475946020861632,0.0,0.0,0.0,0.0,0.0,1,1,0,0,0,0,0,Very Low,7.621391903129245,murder_risk
patnitala,tuesday,night,25.05,88.7333,0.17464592946800767,0.17464592946800767,0.0,0.0,0.0,0.0,0.0,1,1,0,0,0,0,0,Very Low,7.619688942020115,murder_risk
patnitala,wednesday,night,25.05,88.7333,0.17591568961665444,0.17591568961665444,0.0,0.0,0.0,0.0,0.0,1,1,0,0,0,0,0,Very Low,7.638735344249817,murder_risk
patuakhali sadar,friday,morning,22.3542,90.3181,0.12457943660709829,0.0,0.0,0.12457943660709829,0.0,0.0,0.0,1,0,0,1,0,0,0,Very Low,6.868691549106474,kidnap_risk
patuakhali sadar,friday,night,22.3542,90.3181,0.12168749615198067,0.0,0.12168749615198067,0.0,0.0,0.0,0.0,1,0,1,0,0,0,0,Very Low,6.82531244227971,rape_risk
patuakhali sadar,monday,night,22.3542,90.3181,0.1358405948273783,0.0,0.0,0.0,0.0,0.1358405948273783,0.0,1,0,0,0,0,1,0,Very Low,7.037608922410675,robbery_risk
patuakhali sadar,monday,noon,22.3542,90.3181,0.12606811954206684,0.0,0.12606811954206684,0.0,0.0,0.0,0.0,1,0,1,0,0,0,0,Very Low,6.891021793131003,rape_risk
patuakhali sadar,saturday,evening,22.3542,90.3181,0.13438341260843975,0.13438341260843975,0.0,0.0,0.0,0.0,0.0,1,1,0,0,0,0,0,Very Low,7.015751189126597,murder_risk
patuakhali sadar,saturday,night,22.3542,90.3181,0.14619776326089362,0.0,0.07309888163044681,0.0,0.07309888163044681,0.0,0.0,2,0,1,0,1,0,0,Very Low,7.192966448913404,rape_risk
patuakhali sadar,sunday,night,22.354200000000002,90.3181,0.19015448546420727,0.12676965697613818,0.0,0.0,0.0,0.0,0.06338482848806909,3,2,0,0,0,0,1,Very Low,7.852317281963109,murder_risk
patuakhali sadar,thursday,morning,22.3542,90.3181,0.1527192235102617,0.07635961175513085,0.0,0.0,0.07635961175513085,0.0,0.0,2,1,0,0,1,0,0,Very Low,7.290788352653926,murder_risk
patuakhali sadar,thursday,night,22.3542,90.3181,0.13868616372417814,0.0,0.13868616372417814,0.0,0.0,0.0,0.0,1,0,1,0,0,0,0,Very Low,7.080292455862672,rape_risk
patuakhali sadar,tuesday,morning,22.3542,90.3181,0.14939953539256023,0.0,0.0,0.07469976769628012,0.07469976769628012,0.0,0.0,2,0,0,1,1,0,0,Very Low,7.240993030888403,kidnap_risk
patuakhali sadar,tuesday,night,22.3542,90.3181,0.14996215247288652,0.0,0.07498107623644326,0.0,0.0,0.0,0.07498107623644326,2,0,1,0,0,0,1,Very Low,7.249432287093297,rape_risk
patuakhali sadar,wednesday,morning,22.3542,90.3181,0.15385813128392806,0.0,0.0,0.15385813128392806,0.0,0.0,0.0,2,0,0,2,0,0,0,Very Low,7.307871969258921,kidnap_risk
patuakhali sadar,wednesday,night,22.3542,90.3181,0.22019333864346755,0.0,0.13211600318608052,0.0,0.0,0.08807733545738702,0.0,5,0,3,0,0,2,0,Low,8.302900079652012,rape_risk
patuatuli,sunday,evening,23.784506,90.403409,0.5858732800896086,0.0,0.0,0.0,0.0,0.0,0.5858732800896086,1,0,0,0,0,0,1,High,13.78809920134413,assault_risk
pekua,sunday,night,21.813624,91.964845,0.23216481793397223,0.0,0.0,0.0,0.0,0.23216481793397223,0.0,1,0,0,0,0,1,0,Low,8.482472269009584,robbery_risk
pekua,tuesday,noon,21.813624,91.964845,0.23992814103408272,0.0,0.23992814103408272,0.0,0.0,0.0,0.0,1,0,1,0,0,0,0,Low,8.598922115511241,rape_risk
phulbari,tuesday,morning,25.51667,88.88333,0.40570091804568276,0.0,0.0,0.0,0.0,0.40570091804568276,0.0,1,0,0,0,0,1,0,Moderate,11.085513770685242,robbery_risk
phulchari,thursday,morning,25.1917,89.6167,0.13530242116358876,0.0,0.0,0.0,0.0,0.0,0.13530242116358876,1,0,0,0,0,0,1,Very Low,7.0295363174538315,assault_risk
phulchari,tuesday,morning,25.1917,89.6167,0.2585428500162057,0.0,0.0,0.0861809500054019,0.0,0.0,0.1723619000108038,3,0,0,1,0,0,2,Low,8.878142750243086,assault_risk
phulchari,wednesday,morning,25.1917,89.6167,0.15367511400954798,0.0,0.0,0.0,0.0,0.15367511400954798,0.0,1,0,0,0,0,1,0,Very Low,7.30512671014322,robbery_risk
phulchari,wednesday,night,25.1917,89.6167,0.14806170491346415,0.14806170491346415,0.0,0.0,0.0,0.0,0.0,1,1,0,0,0,0,0,Very Low,7.220925573701962,murder_risk
phulpur,friday,afternoon,24.95,90.35,0.12942401129064973,0.0,0.0,0.0,0.12942401129064973,0.0,0.0,1,0,0,0,1,0,0,Very Low,6.941360169359746,bodyfound_risk
phulpur,friday,morning,24.95,90.35,0.13508997707101422,0.13508997707101422,0.0,0.0,0.0,0.0,0.0,1,1,0,0,0,0,0,Very Low,7.0263496560652134,murder_risk
phulpur,friday,night,24.95,90.35,0.14038392585305925,0.0,0.14038392585305925,0.0,0.0,0.0,0.0,1,0,1,0,0,0,0,Very Low,7.105758887795889,rape_risk
phulpur,monday,night,24.95,90.35,0.1413464574930993,0.1413464574930993,0.0,0.0,0.0,0.0,0.0,1,1,0,0,0,0,0,Very Low,7.120196862396489,murder_risk
phulpur,saturday,evening,24.95,90.35,0.1324662942098527,0.1324662942098527,0.0,0.0,0.0,0.0,0.0,1,1,0,0,0,0,0,Very Low,6.986994413147791,murder_risk
phulpur,thursday,afternoon,24.95,90.35,0.13369403961618337,0.0,0.0,0.0,0.0,0.0,0.13369403961618337,1,0,0,0,0,0,1,Very Low,7.0054105942427505,assault_risk
phulpur,thursday,night,24.95,90.35,0.14410065241560288,0.14410065241560288,0.0,0.0,0.0,0.0,0.0,1,1,0,0,0,0,0,Very Low,7.161509786234044,murder_risk
phulpur,tuesday,night,24.95,90.35,0.13891960429219014,0.13891960429219014,0.0,0.0,0.0,0.0,0.0,1,1,0,0,0,0,0,Very Low,7.083794064382852,murder_risk
phulpur,wednesday,evening,24.95,90.35,0.14336111078607666,0.14336111078607666,0.0,0.0,0.0,0.0,0.0,1,1,0,0,0,0,0,Very Low,7.15041666179115,murder_risk
phulpur,wednesday,night,24.95,90.35,0.18398266550703082,0.0,0.09199133275351541,0.0,0.09199133275351541,0.0,0.0,2,0,1,0,1,0,0,Very Low,7.7597399826054625,rape_risk
pirgacha,friday,night,25.58,89.4,0.1983430495259797,0.1983430495259797,0.0,0.0,0.0,0.0,0.0,2,2,0,0,0,0,0,Very Low,7.975145742889696,murder_risk
pirgacha,sunday,night,25.58,89.4,0.17232597183507756,0.0,0.08616298591753878,0.0,0.0,0.08616298591753878,0.0,2,0,1,0,0,1,0,Very Low,7.584889577526163,rape_risk
pirgacha,thursday,morning,25.58,89.4,0.13592626374194827,0.0,0.0,0.0,0.13592626374194827,0.0,0.0,1,0,0,0,1,0,0,Very Low,7.038893956129224,bodyfound_risk
pirgacha,thursday,night,25.58,89.4,0.17614506017186593,0.0,0.08807253008593297,0.0,0.0,0.0,0.08807253008593297,2,0,1,0,0,0,1,Very Low,7.642175902577989,rape_risk
pirgacha,tuesday,afternoon,25.58,89.4,0.136410045345982,0.0,0.136410045345982,0.0,0.0,0.0,0.0,1,0,1,0,0,0,0,Very Low,7.04615068018973,rape_risk
pirgacha,wednesday,morning,25.58,89.4,0.14009188117837157,0.0,0.0,0.14009188117837157,0.0,0.0,0.0,1,0,0,1,0,0,0,Very Low,7.101378217675574,kidnap_risk
pirganj,saturday,afternoon,25.8542,88.3667,0.13713716172111337,0.0,0.0,0.0,0.13713716172111337,0.0,0.0,1,0,0,0,1,0,0,Very Low,7.0570574258167005,bodyfound_risk
pirganj,saturday,noon,25.8542,88.3667,0.1399928940879263,0.0,0.1399928940879263,0.0,0.0,0.0,0.0,1,0,1,0,0,0,0,Very Low,7.099893411318895,rape_risk
pirganj,sunday,morning,25.8542,88.3667,0.13939829107227508,0.0,0.0,0.0,0.13939829107227508,0.0,0.0,1,0,0,0,1,0,0,Very Low,7.090974366084126,bodyfound_risk
pirganj,thursday,night,25.8542,88.3667,0.15816175300746343,0.0,0.07908087650373172,0.0,0.0,0.0,0.07908087650373172,2,0,1,0,0,0,1,Very Low,7.372426295111952,rape_risk
pirganj,tuesday,night,25.8542,88.3667,0.1423889704216788,0.1423889704216788,0.0,0.0,0.0,0.0,0.0,1,1,0,0,0,0,0,Very Low,7.135834556325182,murder_risk
pirganj,wednesday,afternoon,25.8542,88.3667,0.13425697303812367,0.0,0.13425697303812367,0.0,0.0,0.0,0.0,1,0,1,0,0,0,0,Very Low,7.013854595571855,rape_risk
pirganj,wednesday,evening,25.8542,88.3667,0.15208035740502085,0.0,0.0,0.0,0.15208035740502085,0.0,0.0,1,0,0,0,1,0,0,Very Low,7.281205361075313,bodyfound_risk
pirgonj,monday,morning,25.4153,89.3167,0.14810556286655374,0.0,0.0,0.0,0.14810556286655374,0.0,0.0,2,0,0,0,2,0,0,Very Low,7.221583442998306,bodyfound_risk
pirgonj,monday,night,25.4153,89.3167,0.1256904612167062,0.1256904612167062,0.0,0.0,0.0,0.0,0.0,1,1,0,0,0,0,0,Very Low,6.885356918250594,murder_risk
pirgonj,saturday,morning,25.4153,89.3167,0.10659840378926345,0.10659840378926345,0.0,0.0,0.0,0.0,0.0,1,1,0,0,0,0,0,Very Low,6.598976056838952,murder_risk
pirgonj,saturday,night,25.4153,89.3167,0.23553084995951867,0.11776542497975934,0.05888271248987967,0.05888271248987967,0.0,0.0,0.0,4,2,1,1,0,0,0,Low,8.53296274939278,murder_risk
pirgonj,sunday,morning,25.4153,89.3167,0.11836915620540306,0.0,0.0,0.11836915620540306,0.0,0.0,0.0,1,0,0,1,0,0,0,Very Low,6.775537343081046,kidnap_risk
pirgonj,thursday,afternoon,25.4153,89.3167,0.11942194952473206,0.0,0.0,0.0,0.0,0.0,0.11942194952473206,1,0,0,0,0,0,1,Very Low,6.791329242870981,assault_risk
pirgonj,thursday,morning,25.4153,89.3167,0.12838472561125958,0.0,0.0,0.0,0.12838472561125958,0.0,0.0,1,0,0,0,1,0,0,Very Low,6.925770884168894,bodyfound_risk
pirgonj,tuesday,morning,25.4153,89.31670000000001,0.17824026594556103,0.059413421981853676,0.0,0.0,0.11882684396370735,0.0,0.0,3,1,0,0,2,0,0,Very Low,7.673603989183416,bodyfound_risk
pirgonj,tuesday,noon,25.4153,89.3167,0.12224134162383746,0.0,0.0,0.0,0.12224134162383746,0.0,0.0,1,0,0,0,1,0,0,Very Low,6.833620124357562,bodyfound_risk
pirgonj,wednesday,morning,25.4153,89.3167,0.1373194712193579,0.0,0.0,0.1373194712193579,0.0,0.0,0.0,1,0,0,1,0,0,0,Very Low,7.059792068290369,kidnap_risk
pirgonj,wednesday,noon,25.4153,89.3167,0.12617489212967667,0.0,0.0,0.12617489212967667,0.0,0.0,0.0,1,0,0,1,0,0,0,Very Low,6.89262338194515,kidnap_risk
pirojpur sadar,friday,morning,22.5778,89.99,0.11209972025213566,0.0,0.0,0.0,0.11209972025213566,0.0,0.0,1,0,0,0,1,0,0,Very Low,6.681495803782035,bodyfound_risk
pirojpur sadar,monday,afternoon,22.5778,89.99,0.11772798678235194,0.11772798678235194,0.0,0.0,0.0,0.0,0.0,1,1,0,0,0,0,0,Very Low,6.765919801735279,murder_risk
pirojpur sadar,monday,morning,22.5778,89.99,0.15156342398833786,0.05052114132944595,0.0,0.0,0.0,0.0,0.1010422826588919,3,1,0,0,0,0,2,Very Low,7.273451359825068,assault_risk
pirojpur sadar,monday,night,22.5778,89.99,0.08864606430400801,0.0,0.0,0.0,0.08864606430400801,0.0,0.0,1,0,0,0,1,0,0,Very Low,6.32969096456012,bodyfound_risk
pirojpur sadar,saturday,night,22.5778,89.99,0.12799115900165992,0.0,0.0,0.0,0.06399557950082996,0.0,0.06399557950082996,2,0,0,0,1,0,1,Very Low,6.919867385024899,bodyfound_risk
pirojpur sadar,sunday,morning,22.5778,89.99,0.16219109677387894,0.0,0.10812739784925263,0.0,0.05406369892462631,0.0,0.0,3,0,2,0,1,0,0,Very Low,7.432866451608184,rape_risk
pirojpur sadar,sunday,noon,22.5778,89.99,0.12529100123517511,0.0,0.12529100123517511,0.0,0.0,0.0,0.0,1,0,1,0,0,0,0,Very Low,6.8793650185276265,rape_risk
pirojpur sadar,thursday,morning,22.5778,89.99,0.10619164632410323,0.0,0.0,0.0,0.10619164632410323,0.0,0.0,1,0,0,0,1,0,0,Very Low,6.592874694861548,bodyfound_risk
pirojpur sadar,thursday,night,22.5778,89.99,0.24767397547070708,0.10614598948744589,0.0353819964958153,0.0,0.0353819964958153,0.0,0.0707639929916306,7,3,1,0,1,0,2,Low,8.715109632060607,murder_risk
pirojpur sadar,thursday,noon,22.5778,89.99,0.17360616342943083,0.11573744228628721,0.057868721143143606,0.0,0.0,0.0,0.0,3,2,1,0,0,0,0,Very Low,7.6040924514414625,murder_risk
pirojpur sadar,tuesday,morning,22.5778,89.99,0.16753657120482043,0.04188414280120511,0.04188414280120511,0.0,0.04188414280120511,0.0,0.04188414280120511,4,1,1,0,1,0,1,Very Low,7.513048568072307,murder_risk
pirojpur sadar,tuesday,noon,22.5778,89.99,0.10059383956301395,0.0,0.0,0.0,0.10059383956301395,0.0,0.0,1,0,0,0,1,0,0,Very Low,6.508907593445209,bodyfound_risk
pirojpur sadar,wednesday,night,22.5778,89.99,0.1543323393679798,0.0,0.05144411312265993,0.05144411312265993,0.0,0.0,0.05144411312265993,3,0,1,1,0,0,1,Very Low,7.314985090519697,rape_risk
pirojpur sadar,wednesday,noon,22.5778,89.99,0.11050824949316217,0.11050824949316217,0.0,0.0,0.0,0.0,0.0,1,1,0,0,0,0,0,Very Low,6.6576237423974325,murder_risk
porsha,saturday,noon,25.025,88.4833,0.23872293699119917,0.0,0.0,0.0,0.23872293699119917,0.0,0.0,1,0,0,0,1,0,0,Low,8.580844054867988,bodyfound_risk
porsha,sunday,morning,25.025,88.4833,0.23849212417633947,0.0,0.0,0.0,0.23849212417633947,0.0,0.0,1,0,0,0,1,0,0,Low,8.577381862645092,bodyfound_risk
purbadhala,sunday,night,24.9333,90.6028,0.24218263154167324,0.24218263154167324,0.0,0.0,0.0,0.0,0.0,2,2,0,0,0,0,0,Low,8.632739473125099,murder_risk
purbadhala,tuesday,morning,24.9333,90.6028,0.15474588170330716,0.0,0.15474588170330716,0.0,0.0,0.0,0.0,1,0,1,0,0,0,0,Very Low,7.321188225549608,rape_risk
purbadhala,tuesday,night,24.9333,90.6028,0.2281331986121433,0.2281331986121433,0.0,0.0,0.0,0.0,0.0,2,2,0,0,0,0,0,Low,8.42199797918215,murder_risk
puthia,friday,night,24.375,88.85,0.13453953374822486,0.0,0.0,0.0,0.0,0.13453953374822486,0.0,1,0,0,0,0,1,0,Very Low,7.018093006223372,robbery_risk
puthia,monday,morning,24.375,88.85,0.1348495000983947,0.0,0.1348495000983947,0.0,0.0,0.0,0.0,1,0,1,0,0,0,0,Very Low,7.02274250147592,rape_risk
puthia,saturday,evening,24.375,88.85,0.13410780892467383,0.0,0.13410780892467383,0.0,0.0,0.0,0.0,1,0,1,0,0,0,0,Very Low,7.011617133870107,rape_risk
puthia,tuesday,afternoon,24.375,88.85,0.1436525959197746,0.0,0.0,0.0,0.0,0.0,0.1436525959197746,1,0,0,0,0,0,1,Very Low,7.154788938796619,assault_risk
puthia,tuesday,morning,24.375,88.84999999999998,0.2162587283641899,0.0,0.0,0.0,0.0720862427880633,0.0,0.1441724855761266,3,0,0,0,1,0,2,Low,8.243880925462848,assault_risk
puthia,wednesday,afternoon,24.375,88.85,0.13078653753277453,0.0,0.0,0.0,0.0,0.0,0.13078653753277453,1,0,0,0,0,0,1,Very Low,6.961798062991618,assault_risk
raigonj,friday,morning,24.5014,89.5347,0.14474721109578664,0.0,0.0,0.0,0.14474721109578664,0.0,0.0,1,0,0,0,1,0,0,Very Low,7.1712081664367995,bodyfound_risk
raigonj,monday,night,24.5014,89.5347,0.23155209915789626,0.23155209915789626,0.0,0.0,0.0,0.0,0.0,2,2,0,0,0,0,0,Low,8.473281487368444,murder_risk
raigonj,saturday,night,24.5014,89.5347,0.14098218231408843,0.0,0.0,0.0,0.0,0.14098218231408843,0.0,1,0,0,0,0,1,0,Very Low,7.1147327347113265,robbery_risk
raigonj,thursday,morning,24.5014,89.5347,0.15807889727398644,0.0,0.0,0.0,0.0,0.0,0.15807889727398644,1,0,0,0,0,0,1,Very Low,7.371183459109797,assault_risk
raigonj,tuesday,afternoon,24.5014,89.5347,0.1518812324167815,0.0,0.0,0.0,0.1518812324167815,0.0,0.0,1,0,0,0,1,0,0,Very Low,7.278218486251722,bodyfound_risk
raipur,friday,night,23.0333,90.775,0.17148926052459953,0.17148926052459953,0.0,0.0,0.0,0.0,0.0,1,1,0,0,0,0,0,Very Low,7.572338907868993,murder_risk
raipur,thursday,night,23.0333,90.775,0.16510418053817055,0.0,0.0,0.0,0.0,0.16510418053817055,0.0,1,0,0,0,0,1,0,Very Low,7.476562708072558,robbery_risk
raipur,tuesday,evening,23.0333,90.775,0.2573247429196381,0.0,0.2573247429196381,0.0,0.0,0.0,0.0,2,0,2,0,0,0,0,Low,8.859871143794571,rape_risk
raipura,friday,night,23.9667,90.875,0.23771893540833783,0.11885946770416891,0.0,0.11885946770416891,0.0,0.0,0.0,2,1,0,1,0,0,0,Low,8.565784031125068,murder_risk
raipura,monday,night,23.9667,90.875,0.16188050021063816,0.0,0.16188050021063816,0.0,0.0,0.0,0.0,1,0,1,0,0,0,0,Very Low,7.428207503159572,rape_risk
raipura,thursday,morning,23.9667,90.875,0.1687687665062042,0.1687687665062042,0.0,0.0,0.0,0.0,0.0,1,1,0,0,0,0,0,Very Low,7.531531497593063,murder_risk
raipura,tuesday,morning,23.9667,90.875,0.16988775771166476,0.16988775771166476,0.0,0.0,0.0,0.0,0.0,1,1,0,0,0,0,0,Very Low,7.548316365674971,murder_risk
rajabazar,thursday,night,23.728907,90.417137,0.574975976313471,0.0,0.0,0.0,0.0,0.574975976313471,0.0,1,0,0,0,0,1,0,High,13.624639644702064,robbery_risk
rajapur,friday,night,22.5667,90.1417,0.1555294100062422,0.0,0.1555294100062422,0.0,0.0,0.0,0.0,2,0,2,0,0,0,0,Very Low,7.3329411500936335,rape_risk
rajapur,monday,night,22.5667,90.1417,0.1414950941355042,0.0707475470677521,0.0,0.0,0.0707475470677521,0.0,0.0,2,1,0,0,1,0,0,Very Low,7.1224264120325635,murder_risk
rajapur,saturday,afternoon,22.5667,90.1417,0.11737241236463052,0.0,0.0,0.0,0.0,0.0,0.11737241236463052,1,0,0,0,0,0,1,Very Low,6.7605861854694576,assault_risk
rajapur,saturday,morning,22.5667,90.1417,0.0952740220699859,0.0,0.0,0.0,0.0952740220699859,0.0,0.0,1,0,0,0,1,0,0,Very Low,6.429110331049788,bodyfound_risk
rajapur,saturday,night,22.5667,90.1417,0.16349609467741358,0.0,0.054498698225804526,0.0,0.0,0.0,0.10899739645160905,3,0,1,0,0,0,2,Very Low,7.452441420161204,assault_risk
rajapur,sunday,morning,22.5667,90.1417,0.15535735009048718,0.0,0.0,0.0,0.15535735009048718,0.0,0.0,2,0,0,0,2,0,0,Very Low,7.330360251357307,bodyfound_risk
rajapur,sunday,night,22.5667,90.1417,0.1318228191529213,0.0,0.0,0.0,0.0,0.0,0.1318228191529213,2,0,0,0,0,0,2,Very Low,6.977342287293819,assault_risk
rajapur,thursday,night,22.5667,90.1417,0.11673846702219001,0.0,0.11673846702219001,0.0,0.0,0.0,0.0,1,0,1,0,0,0,0,Very Low,6.75107700533285,rape_risk
rajapur,tuesday,night,22.5667,90.1417,0.14753706239120926,0.07376853119560463,0.07376853119560463,0.0,0.0,0.0,0.0,2,1,1,0,0,0,0,Very Low,7.213055935868139,murder_risk
rajapur,wednesday,morning,22.5667,90.1417,0.108941148044963,0.0,0.108941148044963,0.0,0.0,0.0,0.0,1,0,1,0,0,0,0,Very Low,6.634117220674445,rape_risk
rajapur,wednesday,night,22.5667,90.1417,0.2112701310741506,0.0,0.08450805242966025,0.0,0.0,0.0,0.12676207864449035,5,0,2,0,0,0,3,Low,8.16905196611226,assault_risk
rajarhat,monday,night,25.8,89.55,0.3963352348519734,0.0,0.0,0.0,0.0,0.3963352348519734,0.0,1,0,0,0,0,1,0,Moderate,10.945028522779602,robbery_risk
rajasthali,friday,night,22.3833,92.2417,0.2294423520617944,0.2294423520617944,0.0,0.0,0.0,0.0,0.0,2,2,0,0,0,0,0,Low,8.441635280926915,murder_risk
rajasthali,tuesday,morning,22.3833,92.2417,0.1364728107732414,0.0,0.0,0.1364728107732414,0.0,0.0,0.0,1,0,0,1,0,0,0,Very Low,7.047092161598621,kidnap_risk
rajasthali,tuesday,night,22.3833,92.2417,0.1399510716428066,0.1399510716428066,0.0,0.0,0.0,0.0,0.0,1,1,0,0,0,0,0,Very Low,7.099266074642099,murder_risk
rajbari sadar,friday,morning,23.755,89.65,0.17103933024455678,0.0,0.08551966512227839,0.0,0.08551966512227839,0.0,0.0,2,0,1,0,1,0,0,Very Low,7.5655899536683515,rape_risk
rajbari sadar,friday,night,23.755,89.65,0.14939350953578262,0.0,0.07469675476789131,0.0,0.0,0.0,0.07469675476789131,2,0,1,0,0,0,1,Very Low,7.240902643036739,rape_risk
rajbari sadar,sunday,noon,23.755,89.65,0.1353333980520332,0.0,0.0,0.0,0.0,0.0,0.1353333980520332,1,0,0,0,0,0,1,Very Low,7.030000970780498,assault_risk
rajbari sadar,thursday,morning,23.755,89.65,0.12143624501389053,0.0,0.0,0.0,0.12143624501389053,0.0,0.0,1,0,0,0,1,0,0,Very Low,6.821543675208358,bodyfound_risk
rajbari sadar,thursday,noon,23.755,89.65,0.12887492541256998,0.0,0.0,0.0,0.0,0.0,0.12887492541256998,1,0,0,0,0,0,1,Very Low,6.93312388118855,assault_risk
rajbari sadar,tuesday,evening,23.755,89.65,0.1308151448819499,0.1308151448819499,0.0,0.0,0.0,0.0,0.0,1,1,0,0,0,0,0,Very Low,6.962227173229248,murder_risk
rajbari sadar,tuesday,morning,23.755,89.65,0.1093921980744526,0.0,0.0,0.0,0.1093921980744526,0.0,0.0,1,0,0,0,1,0,0,Very Low,6.640882971116789,bodyfound_risk
rajbari sadar,tuesday,night,23.755,89.65,0.13791866700108552,0.13791866700108552,0.0,0.0,0.0,0.0,0.0,1,1,0,0,0,0,0,Very Low,7.068780005016283,murder_risk
rajbari sadar,wednesday,night,23.755,89.65,0.13539043224775094,0.13539043224775094,0.0,0.0,0.0,0.0,0.0,1,1,0,0,0,0,0,Very Low,7.0308564837162635,murder_risk
rajnagar,saturday,morning,24.5194,91.8667,0.13309164012106459,0.0,0.0,0.13309164012106459,0.0,0.0,0.0,1,0,0,1,0,0,0,Very Low,6.996374601815969,kidnap_risk
rajnagar,thursday,morning,24.5194,91.8667,0.1347066394169185,0.0,0.0,0.1347066394169185,0.0,0.0,0.0,1,0,0,1,0,0,0,Very Low,7.020599591253777,kidnap_risk
rajnagar,thursday,night,24.5194,91.8667,0.13421612337565184,0.0,0.0,0.0,0.0,0.13421612337565184,0.0,1,0,0,0,0,1,0,Very Low,7.013241850634778,robbery_risk
rajnagar,tuesday,evening,24.5194,91.8667,0.13412237756437123,0.13412237756437123,0.0,0.0,0.0,0.0,0.0,1,1,0,0,0,0,0,Very Low,7.011835663465568,murder_risk
rajnagar,tuesday,morning,24.5194,91.8667,0.13292228557893537,0.13292228557893537,0.0,0.0,0.0,0.0,0.0,1,1,0,0,0,0,0,Very Low,6.993834283684031,murder_risk
rajnagar,wednesday,evening,24.5194,91.8667,0.24825786805141142,0.1655052453676076,0.0827526226838038,0.0,0.0,0.0,0.0,3,2,1,0,0,0,0,Low,8.723868020771171,murder_risk
rajoir,tuesday,morning,23.2083,90.0333,0.1702222402386598,0.0,0.1702222402386598,0.0,0.0,0.0,0.0,1,0,1,0,0,0,0,Very Low,7.5533336035798975,rape_risk
rajoir,tuesday,night,23.2083,90.0333,0.17955974780269884,0.17955974780269884,0.0,0.0,0.0,0.0,0.0,1,1,0,0,0,0,0,Very Low,7.693396217040483,murder_risk
rajoir,wednesday,afternoon,23.2083,90.0333,0.17980507662095105,0.17980507662095105,0.0,0.0,0.0,0.0,0.0,1,1,0,0,0,0,0,Very Low,7.697076149314266,murder_risk
rajoir,wednesday,morning,23.2083,90.0333,0.16792515551734388,0.0,0.0,0.0,0.16792515551734388,0.0,0.0,1,0,0,0,1,0,0,Very Low,7.518877332760159,bodyfound_risk
rajshahi central jail,saturday,evening,24.361729,88.599246,0.40548221902341247,0.0,0.0,0.0,0.0,0.0,0.40548221902341247,1,0,0,0,0,0,1,Moderate,11.082233285351187,assault_risk
rajshahi city,friday,afternoon,24.361729,88.599246,0.10384948452766316,0.0,0.0,0.0,0.0,0.10384948452766316,0.0,1,0,0,0,0,1,0,Very Low,6.557742267914947,robbery_risk
rajshahi city,friday,evening,24.361729,88.599246,0.10981357590315555,0.0,0.0,0.0,0.0,0.0,0.10981357590315555,1,0,0,0,0,0,1,Very Low,6.647203638547333,assault_risk
rajshahi city,friday,morning,24.361729,88.599246,0.13426992956667777,0.0,0.04475664318889259,0.0,0.04475664318889259,0.0,0.04475664318889259,3,0,1,0,1,0,1,Very Low,7.014048943500167,rape_risk
rajshahi city,friday,night,24.361729,88.599246,0.2074030359484475,0.02304478177204972,0.0,0.0,0.04608956354409944,0.0,0.13826869063229832,9,1,0,0,2,0,6,Low,8.111045539226712,assault_risk
rajshahi city,friday,noon,24.361729,88.599246,0.12958229064280233,0.06479114532140116,0.0,0.0,0.06479114532140116,0.0,0.0,2,1,0,0,1,0,0,Very Low,6.9437343596420344,murder_risk
rajshahi city,monday,afternoon,24.361729,88.599246,0.14911196597037607,0.0,0.0,0.0,0.0,0.0,0.14911196597037607,4,0,0,0,0,0,4,Very Low,7.236679489555641,assault_risk
rajshahi city,monday,evening,24.361729,88.599246,0.1210529658413379,0.0,0.0,0.0,0.06052648292066895,0.0,0.06052648292066895,2,0,0,0,1,0,1,Very Low,6.815794487620068,bodyfound_risk
rajshahi city,monday,morning,24.361729,88.599246,0.1267463691712698,0.0,0.1267463691712698,0.0,0.0,0.0,0.0,1,0,1,0,0,0,0,Very Low,6.901195537569047,rape_risk
rajshahi city,monday,night,24.361729,88.599246,0.2175682824375169,0.05439207060937923,0.0,0.0,0.08158810591406884,0.027196035304689614,0.05439207060937923,8,2,0,0,3,1,2,Low,8.263524236562754,bodyfound_risk
rajshahi city,saturday,afternoon,24.361729,88.599246,0.13901964943252998,0.0,0.046339883144176655,0.0,0.046339883144176655,0.0,0.046339883144176655,3,0,1,0,1,0,1,Very Low,7.0852947414879495,rape_risk
rajshahi city,saturday,evening,24.361729,88.599246,0.13048697260708217,0.06524348630354108,0.0,0.0,0.06524348630354108,0.0,0.0,2,1,0,0,1,0,0,Very Low,6.957304589106233,murder_risk
rajshahi city,saturday,morning,24.361729,88.599246,0.13448342314548456,0.06724171157274228,0.06724171157274228,0.0,0.0,0.0,0.0,2,1,1,0,0,0,0,Very Low,7.017251347182269,murder_risk
rajshahi city,saturday,night,24.361729,88.599246,0.1639762621014465,0.0,0.0327952524202893,0.0327952524202893,0.0327952524202893,0.0,0.0655905048405786,5,0,1,1,1,0,2,Very Low,7.459643931521697,assault_risk
rajshahi city,saturday,noon,24.361729,88.599246,0.10635447291657357,0.0,0.0,0.0,0.0,0.0,0.10635447291657357,1,0,0,0,0,0,1,Very Low,6.595317093748603,assault_risk
rajshahi city,sunday,morning,24.361729,88.599246,0.13885211048766183,0.0,0.0,0.09256807365844122,0.04628403682922061,0.0,0.0,3,0,0,2,1,0,0,Very Low,7.082781657314928,kidnap_risk
rajshahi city,sunday,night,24.361729,88.599246,0.21319044719010033,0.060911556340028664,0.030455778170014332,0.030455778170014332,0.0,0.0,0.09136733451004299,7,2,1,1,0,0,3,Low,8.197856707851505,assault_risk
rajshahi city,thursday,afternoon,24.361729,88.599246,0.11134231086276655,0.0,0.0,0.0,0.11134231086276655,0.0,0.0,1,0,0,0,1,0,0,Very Low,6.670134662941498,bodyfound_risk
rajshahi city,thursday,morning,24.361729,88.599246,0.12717574090285544,0.0,0.0,0.04239191363428514,0.0,0.0,0.08478382726857028,3,0,0,1,0,0,2,Very Low,6.907636113542832,assault_risk
rajshahi city,thursday,night,24.361729,88.599246,0.1764282010941467,0.0,0.0,0.0,0.0,0.02520402872773524,0.15122417236641145,7,0,0,0,0,1,6,Very Low,7.6464230164122,assault_risk
rajshahi city,thursday,noon,24.361729,88.599246,0.10857664102926512,0.0,0.10857664102926512,0.0,0.0,0.0,0.0,1,0,1,0,0,0,0,Very Low,6.628649615438977,rape_risk
rajshahi city,tuesday,afternoon,24.361729,88.599246,0.12595049421816062,0.06297524710908031,0.0,0.0,0.0,0.0,0.06297524710908031,2,1,0,0,0,0,1,Very Low,6.889257413272409,murder_risk
rajshahi city,tuesday,evening,24.361729,88.599246,0.15135944986865826,0.0,0.0,0.07567972493432913,0.0,0.0,0.07567972493432913,4,0,0,2,0,0,2,Very Low,7.2703917480298745,kidnap_risk
rajshahi city,tuesday,morning,24.361729,88.599246,0.12580425750227792,0.0,0.0,0.0,0.0419347525007593,0.0419347525007593,0.0419347525007593,3,0,0,0,1,1,1,Very Low,6.887063862534169,bodyfound_risk
rajshahi city,tuesday,night,24.361729,88.599246,0.1327169638304601,0.0,0.0,0.0,0.0,0.0442389879434867,0.0884779758869734,3,0,0,0,0,1,2,Very Low,6.990754457456902,assault_risk
rajshahi city,wednesday,evening,24.361729,88.599246,0.11689463500582037,0.0,0.0,0.0,0.0,0.0,0.11689463500582037,1,0,0,0,0,0,1,Very Low,6.753419525087305,assault_risk
rajshahi city,wednesday,morning,24.361729,88.599246,0.132896369678547,0.0,0.0,0.044298789892849,0.0,0.0,0.088597579785698,3,0,0,1,0,0,2,Very Low,6.993445545178205,assault_risk
rajshahi city,wednesday,night,24.361729,88.599246,0.11991176927295412,0.03997058975765137,0.0,0.0,0.0,0.0,0.07994117951530275,3,1,0,0,0,0,2,Very Low,6.798676539094312,assault_risk
rajshahi university,friday,morning,24.3654655,88.594324,0.20849488157925336,0.0,0.0,0.20849488157925336,0.0,0.0,0.0,1,0,0,1,0,0,0,Low,8.127423223688801,kidnap_risk
rajshahi university,monday,morning,24.3654655,88.594324,0.20480539246674195,0.0,0.0,0.0,0.0,0.0,0.20480539246674195,1,0,0,0,0,0,1,Low,8.072080887001128,assault_risk
rajshahi university,wednesday,morning,24.3654655,88.594324,0.207424295869885,0.0,0.0,0.0,0.207424295869885,0.0,0.0,1,0,0,0,1,0,0,Low,8.111364438048275,bodyfound_risk
rajshahi university of engineering and technology,thursday,morning,24.36345,88.62847,0.41818024520110725,0.0,0.0,0.41818024520110725,0.0,0.0,0.0,2,0,0,2,0,0,0,Moderate,11.272703678016608,kidnap_risk
ramganj,friday,morning,23.105,90.875,0.16992310294342045,0.0,0.0,0.0,0.16992310294342045,0.0,0.0,1,0,0,0,1,0,0,Very Low,7.548846544151306,bodyfound_risk
ramganj,monday,night,23.105,90.875,0.26579859040540676,0.0,0.13289929520270338,0.0,0.0,0.13289929520270338,0.0,2,0,1,0,0,1,0,Low,8.986978856081102,rape_risk
ramganj,thursday,night,23.105,90.875,0.17936376460265452,0.0,0.17936376460265452,0.0,0.0,0.0,0.0,1,0,1,0,0,0,0,Very Low,7.690456469039818,rape_risk
ramgarh,saturday,evening,22.944112,91.793518,0.2440667307588253,0.2440667307588253,0.0,0.0,0.0,0.0,0.0,1,1,0,0,0,0,0,Low,8.66100096138238,murder_risk
ramgarh,tuesday,night,22.944112,91.793518,0.24528750356461432,0.0,0.24528750356461432,0.0,0.0,0.0,0.0,1,0,1,0,0,0,0,Low,8.679312553469215,rape_risk
ramgati,friday,night,22.6056,90.9972,0.2100839359311855,0.0,0.0,0.0,0.0,0.2100839359311855,0.0,1,0,0,0,0,1,0,Low,8.151259038967783,robbery_risk
ramgati,thursday,morning,22.6056,90.9972,0.20078442611220504,0.0,0.20078442611220504,0.0,0.0,0.0,0.0,1,0,1,0,0,0,0,Low,8.011766391683075,rape_risk
ramgati,thursday,noon,22.6056,90.9972,0.20261311955186928,0.0,0.0,0.20261311955186928,0.0,0.0,0.0,1,0,0,1,0,0,0,Low,8.03919679327804,kidnap_risk
ramna,friday,afternoon,23.748663,90.404175,0.37405310148455556,0.0,0.0,0.0,0.37405310148455556,0.0,0.0,1,0,0,0,1,0,0,Moderate,10.610796522268334,bodyfound_risk
ramna,friday,noon,23.748663,90.404175,0.3758414640741586,0.0,0.0,0.0,0.0,0.0,0.3758414640741586,1,0,0,0,0,0,1,Moderate,10.637621961112378,assault_risk
ramna,wednesday,afternoon,23.748663,90.404175,0.38535767432883483,0.38535767432883483,0.0,0.0,0.0,0.0,0.0,1,1,0,0,0,0,0,Moderate,10.780365114932522,murder_risk
rampal,friday,night,22.5667,89.6639,0.14395184296530383,0.0,0.14395184296530383,0.0,0.0,0.0,0.0,1,0,1,0,0,0,0,Very Low,7.159277644479557,rape_risk
rampal,sunday,night,22.5667,89.6639,0.20736651003188145,0.10368325501594072,0.10368325501594072,0.0,0.0,0.0,0.0,2,1,1,0,0,0,0,Low,8.110497650478221,murder_risk
rampal,thursday,night,22.5667,89.6639,0.3205244833702666,0.0,0.3205244833702666,0.0,0.0,0.0,0.0,4,0,4,0,0,0,0,Low,9.807867250554,rape_risk
rampura,friday,night,23.759994,90.420113,0.28617662681946826,0.0,0.28617662681946826,0.0,0.0,0.0,0.0,1,0,1,0,0,0,0,Low,9.292649402292025,rape_risk
rampura,friday,noon,23.759994,90.420113,0.3091522425033904,0.0,0.0,0.0,0.3091522425033904,0.0,0.0,1,0,0,0,1,0,0,Low,9.637283637550855,bodyfound_risk
rampura,monday,afternoon,23.759994,90.420113,0.30221444401564657,0.0,0.0,0.0,0.0,0.30221444401564657,0.0,1,0,0,0,0,1,0,Low,9.533216660234698,robbery_risk
rampura,thursday,morning,23.759994,90.420113,0.3006945330846882,0.0,0.0,0.0,0.3006945330846882,0.0,0.0,1,0,0,0,1,0,0,Low,9.510417996270323,bodyfound_risk
rampura,thursday,night,23.759994,90.420113,0.3410868537471558,0.0,0.1705434268735779,0.0,0.0,0.1705434268735779,0.0,2,0,1,0,0,1,0,Low,10.116302806207337,rape_risk
rampura,thursday,noon,23.759994,90.420113,0.30431067438361054,0.0,0.0,0.0,0.0,0.30431067438361054,0.0,1,0,0,0,0,1,0,Low,9.564660115754158,robbery_risk
rampura,tuesday,morning,23.759994,90.420113,0.3369070112948009,0.0,0.0,0.0,0.16845350564740044,0.16845350564740044,0.0,2,0,0,0,1,1,0,Low,10.053605169422013,bodyfound_risk
rampura,tuesday,night,23.759994,90.420113,0.3008929062376492,0.0,0.0,0.0,0.0,0.0,0.3008929062376492,1,0,0,0,0,0,1,Low,9.513393593564738,assault_risk
rampura,wednesday,night,23.759994,90.420113,0.3108868255301872,0.3108868255301872,0.0,0.0,0.0,0.0,0.0,1,1,0,0,0,0,0,Low,9.663302382952807,murder_risk
ramu,friday,evening,21.429087,92.089241,0.12997944658518668,0.0,0.0,0.0,0.12997944658518668,0.0,0.0,1,0,0,0,1,0,0,Very Low,6.9496916987778,bodyfound_risk
ramu,monday,night,21.429087,92.089241,0.1415923311287524,0.0,0.1415923311287524,0.0,0.0,0.0,0.0,1,0,1,0,0,0,0,Very Low,7.123884966931286,rape_risk
ramu,saturday,night,21.429087,92.089241,0.15166438595180282,0.0,0.0,0.0,0.0,0.15166438595180282,0.0,1,0,0,0,0,1,0,Very Low,7.274965789277042,robbery_risk
ramu,thursday,night,21.429087,92.089241,0.14800317229778343,0.14800317229778343,0.0,0.0,0.0,0.0,0.0,1,1,0,0,0,0,0,Very Low,7.2200475844667515,murder_risk
ramu,tuesday,morning,21.429087,92.089241,0.1357174363082579,0.0,0.0,0.0,0.0,0.1357174363082579,0.0,1,0,0,0,0,1,0,Very Low,7.035761544623869,robbery_risk
ramu,tuesday,night,21.429087,92.089241,0.1421834757924469,0.1421834757924469,0.0,0.0,0.0,0.0,0.0,1,1,0,0,0,0,0,Very Low,7.132752136886703,murder_risk
rangamati,sunday,morning,22.63996,92.191949,0.39542325853803534,0.0,0.0,0.39542325853803534,0.0,0.0,0.0,1,0,0,1,0,0,0,Moderate,10.93134887807053,kidnap_risk
rangamati sadar,friday,morning,22.65,92.1833,0.11932250804549391,0.0,0.0,0.0,0.11932250804549391,0.0,0.0,1,0,0,0,1,0,0,Very Low,6.789837620682409,bodyfound_risk
rangamati sadar,saturday,noon,22.65,92.1833,0.23763998678372117,0.0,0.0,0.0,0.23763998678372117,0.0,0.0,4,0,0,0,4,0,0,Low,8.564599801755818,bodyfound_risk
rangamati sadar,thursday,morning,22.65,92.1833,0.11483954529796724,0.0,0.0,0.0,0.11483954529796724,0.0,0.0,1,0,0,0,1,0,0,Very Low,6.722593179469508,bodyfound_risk
rangamati sadar,thursday,night,22.649999999999995,92.18329999999999,0.17856514580780303,0.11904343053853535,0.0,0.0,0.0,0.059521715269267673,0.0,3,2,0,0,0,1,0,Very Low,7.678477187117045,murder_risk
rangamati sadar,wednesday,afternoon,22.65,92.1833,0.11188850321906545,0.0,0.0,0.0,0.0,0.0,0.11188850321906545,1,0,0,0,0,0,1,Very Low,6.678327548285981,assault_risk
rangamati sadar,wednesday,evening,22.65,92.1833,0.10107789218763966,0.10107789218763966,0.0,0.0,0.0,0.0,0.0,1,1,0,0,0,0,0,Very Low,6.516168382814595,murder_risk
rangpur,wednesday,morning,25.7583,89.2333,0.4336498934350692,0.0,0.0,0.0,0.4336498934350692,0.0,0.0,1,0,0,0,1,0,0,Moderate,11.504748401526038,bodyfound_risk
rangpur cantonment,wednesday,afternoon,25.7583,89.2333,0.4140705631307687,0.0,0.0,0.0,0.4140705631307687,0.0,0.0,1,0,0,0,1,0,0,Moderate,11.21105844696153,bodyfound_risk
rangpur sadar,friday,afternoon,25.7583,89.2333,0.11792768320284798,0.0,0.0,0.0,0.0,0.0,0.11792768320284798,1,0,0,0,0,0,1,Very Low,6.7689152480427195,assault_risk
rangpur sadar,friday,morning,25.7583,89.2333,0.13197418627411012,0.0,0.0,0.0,0.0,0.0,0.13197418627411012,2,0,0,0,0,0,2,Very Low,6.9796127941116515,assault_risk
rangpur sadar,friday,night,25.7583,89.2333,0.14509595304335077,0.0,0.07254797652167538,0.07254797652167538,0.0,0.0,0.0,2,0,1,1,0,0,0,Very Low,7.176439295650262,rape_risk
rangpur sadar,monday,morning,25.758300000000002,89.2333,0.15280932067259428,0.0,0.0,0.0,0.05093644022419809,0.10187288044839618,0.0,3,0,0,0,1,2,0,Very Low,7.292139810088914,robbery_risk
rangpur sadar,monday,night,25.7583,89.2333,0.17893830071112807,0.04473457517778202,0.04473457517778202,0.0,0.0,0.04473457517778202,0.04473457517778202,4,1,1,0,0,1,1,Very Low,7.684074510666921,murder_risk
rangpur sadar,saturday,morning,25.7583,89.2333,0.12470806723317893,0.0,0.0,0.0,0.06235403361658946,0.0,0.06235403361658946,2,0,0,0,1,0,1,Very Low,6.870621008497684,bodyfound_risk
rangpur sadar,saturday,noon,25.7583,89.2333,0.13598343516977618,0.13598343516977618,0.0,0.0,0.0,0.0,0.0,1,1,0,0,0,0,0,Very Low,7.039751527546643,murder_risk
rangpur sadar,sunday,morning,25.7583,89.2333,0.19203316769525275,0.0,0.0,0.0,0.03840663353905055,0.0768132670781011,0.0768132670781011,5,0,0,0,1,2,2,Very Low,7.880497515428791,robbery_risk
rangpur sadar,sunday,night,25.7583,89.2333,0.1800966362875312,0.0900483181437656,0.0,0.0,0.0,0.0,0.0900483181437656,4,2,0,0,0,0,2,Very Low,7.701449544312968,murder_risk
rangpur sadar,thursday,evening,25.7583,89.2333,0.14037450378242788,0.07018725189121394,0.0,0.0,0.0,0.0,0.07018725189121394,2,1,0,0,0,0,1,Very Low,7.105617556736418,murder_risk
rangpur sadar,thursday,morning,25.7583,89.2333,0.13338119994165054,0.0,0.0,0.0,0.06669059997082527,0.0,0.06669059997082527,2,0,0,0,1,0,1,Very Low,7.000717999124758,bodyfound_risk
rangpur sadar,thursday,night,25.7583,89.2333,0.2562654006745145,0.07321868590700413,0.14643737181400826,0.0,0.036609342953502065,0.0,0.0,7,2,4,0,1,0,0,Low,8.843981010117718,rape_risk
rangpur sadar,thursday,noon,25.7583,89.2333,0.11745419268755028,0.0,0.0,0.0,0.0,0.0,0.11745419268755028,1,0,0,0,0,0,1,Very Low,6.761812890313254,assault_risk
rangpur sadar,tuesday,morning,25.7583,89.2333,0.13924871759323154,0.0,0.0,0.0,0.06962435879661577,0.0,0.06962435879661577,2,0,0,0,1,0,1,Very Low,7.088730763898473,bodyfound_risk
rangpur sadar,tuesday,night,25.7583,89.2333,0.13997226849857253,0.0,0.0,0.06998613424928626,0.0,0.0,0.06998613424928626,2,0,0,1,0,0,1,Very Low,7.099584027478588,kidnap_risk
rangpur sadar,tuesday,noon,25.7583,89.2333,0.14071842685478808,0.0,0.0,0.0,0.14071842685478808,0.0,0.0,1,0,0,0,1,0,0,Very Low,7.110776402821822,bodyfound_risk
rangpur sadar,wednesday,evening,25.7583,89.2333,0.12719911248708723,0.12719911248708723,0.0,0.0,0.0,0.0,0.0,1,1,0,0,0,0,0,Very Low,6.907986687306309,murder_risk
rangpur sadar,wednesday,morning,25.7583,89.2333,0.1388911673653894,0.0,0.0,0.0,0.0694455836826947,0.0,0.0694455836826947,2,0,0,0,1,0,1,Very Low,7.083367510480841,bodyfound_risk
rangpur sadar,wednesday,night,25.7583,89.2333,0.17964107058493411,0.0,0.0,0.0,0.03592821411698682,0.07185642823397365,0.07185642823397365,5,0,0,0,1,2,2,Very Low,7.694616058774011,robbery_risk
rangpur sadar,wednesday,noon,25.7583,89.2333,0.1017010546291649,0.0,0.0,0.0,0.0,0.0,0.1017010546291649,1,0,0,0,0,0,1,Very Low,6.525515819437473,assault_risk
rangunia,friday,night,22.31667,91.81667,0.1160214555355094,0.1160214555355094,0.0,0.0,0.0,0.0,0.0,1,1,0,0,0,0,0,Very Low,6.740321833032641,murder_risk
rangunia,monday,night,22.31667,91.81667,0.13116613588643078,0.13116613588643078,0.0,0.0,0.0,0.0,0.0,1,1,0,0,0,0,0,Very Low,6.967492038296461,murder_risk
rangunia,saturday,morning,22.31667,91.81667,0.12318613160713064,0.0,0.0,0.0,0.12318613160713064,0.0,0.0,1,0,0,0,1,0,0,Very Low,6.8477919741069595,bodyfound_risk
rangunia,saturday,night,22.31667,91.81667,0.15169602630897022,0.0,0.0,0.0,0.0,0.15169602630897022,0.0,2,0,0,0,0,2,0,Very Low,7.275440394634553,robbery_risk
rangunia,sunday,morning,22.31667,91.81667,0.11995322856465775,0.0,0.0,0.0,0.11995322856465775,0.0,0.0,1,0,0,0,1,0,0,Very Low,6.799298428469866,bodyfound_risk
rangunia,tuesday,morning,22.31667,91.81667,0.1282558549729748,0.0,0.0,0.1282558549729748,0.0,0.0,0.0,1,0,0,1,0,0,0,Very Low,6.923837824594622,kidnap_risk
rangunia,tuesday,night,22.31667,91.81667,0.16098039915496565,0.08049019957748282,0.0,0.0,0.08049019957748282,0.0,0.0,2,1,0,0,1,0,0,Very Low,7.414705987324485,murder_risk
rangunia,wednesday,night,22.31667,91.81667,0.23926939306905212,0.11963469653452606,0.05981734826726303,0.0,0.0,0.05981734826726303,0.0,4,2,1,0,0,1,0,Low,8.589040896035781,murder_risk
raninagar,saturday,night,24.7333,88.975,0.3871877000967114,0.3097501600773691,0.0,0.0,0.0,0.0,0.07743754001934228,5,4,0,0,0,0,1,Moderate,10.807815501450671,murder_risk
raninagar,sunday,morning,24.7333,88.975,0.14223673318401897,0.0,0.0,0.14223673318401897,0.0,0.0,0.0,1,0,0,1,0,0,0,Very Low,7.133550997760285,kidnap_risk
raninagar,wednesday,morning,24.7333,88.975,0.13576837757778684,0.0,0.0,0.0,0.13576837757778684,0.0,0.0,1,0,0,0,1,0,0,Very Low,7.0365256636668025,bodyfound_risk
ranisankail,friday,morning,25.88833,88.25167,0.15580437216314486,0.07790218608157243,0.0,0.0,0.0,0.0,0.07790218608157243,2,1,0,0,0,0,1,Very Low,7.337065582447172,murder_risk
ranisankail,monday,night,25.88833,88.25167,0.11354149703976424,0.0,0.0,0.0,0.11354149703976424,0.0,0.0,1,0,0,0,1,0,0,Very Low,6.703122455596464,bodyfound_risk
ranisankail,sunday,afternoon,25.88833,88.25167,0.11061472877739337,0.0,0.0,0.0,0.11061472877739337,0.0,0.0,1,0,0,0,1,0,0,Very Low,6.659220931660901,bodyfound_risk
ranisankail,sunday,morning,25.88833,88.25167,0.17513767512633815,0.0,0.0,0.0,0.11675845008422543,0.0,0.058379225042112716,3,0,0,0,2,0,1,Very Low,7.627065126895072,bodyfound_risk
ranisankail,tuesday,morning,25.88833,88.25167,0.13366553813267765,0.0,0.0,0.0,0.13366553813267765,0.0,0.0,1,0,0,0,1,0,0,Very Low,7.004983071990164,bodyfound_risk
ranisankail,wednesday,morning,25.88833,88.25167,0.18915012850923174,0.06305004283641058,0.12610008567282116,0.0,0.0,0.0,0.0,3,1,2,0,0,0,0,Very Low,7.8372519276384764,rape_risk
ranisankail,wednesday,night,25.88833,88.25167,0.1923046826238578,0.06410156087461927,0.06410156087461927,0.0,0.0,0.0,0.06410156087461927,3,1,1,0,0,0,1,Very Low,7.884570239357867,murder_risk
raozan,friday,night,22.31667,91.81667,0.11529792985950171,0.0,0.0,0.0,0.11529792985950171,0.0,0.0,1,0,0,0,1,0,0,Very Low,6.729468947892526,bodyfound_risk
raozan,monday,night,22.31667,91.81667,0.1172716884319838,0.0,0.0,0.0,0.0,0.0,0.1172716884319838,1,0,0,0,0,0,1,Very Low,6.759075326479757,assault_risk
raozan,saturday,morning,22.31667,91.81667,0.16387786928746534,0.0,0.0,0.0,0.16387786928746534,0.0,0.0,2,0,0,0,2,0,0,Very Low,7.45816803931198,bodyfound_risk
raozan,saturday,night,22.31667,91.81667,0.08886056748423003,0.08886056748423003,0.0,0.0,0.0,0.0,0.0,1,1,0,0,0,0,0,Very Low,6.332908512263451,murder_risk
raozan,thursday,morning,22.31667,91.81667,0.1258901155204769,0.0,0.0,0.0,0.1258901155204769,0.0,0.0,1,0,0,0,1,0,0,Very Low,6.888351732807154,bodyfound_risk
raozan,tuesday,night,22.31667,91.81667,0.16258751632800478,0.0,0.0,0.08129375816400239,0.0,0.08129375816400239,0.0,2,0,0,1,0,1,0,Very Low,7.438812744920072,kidnap_risk
raozan,wednesday,night,22.31667,91.81667,0.2035107376995989,0.0,0.0,0.0,0.2035107376995989,0.0,0.0,3,0,0,0,3,0,0,Low,8.052661065493984,bodyfound_risk
rayebazar,thursday,night,23.784506,90.403409,0.5782588136312251,0.0,0.5782588136312251,0.0,0.0,0.0,0.0,1,0,1,0,0,0,0,High,13.673882204468377,rape_risk
rayerbagh,sunday,night,23.697037,90.459509,0.5751056579401512,0.0,0.0,0.5751056579401512,0.0,0.0,0.0,1,0,0,1,0,0,0,High,13.626584869102269,kidnap_risk
rayerbazar,sunday,morning,23.784506,90.403409,0.5908337545771045,0.0,0.0,0.0,0.5908337545771045,0.0,0.0,1,0,0,0,1,0,0,High,13.862506318656568,bodyfound_risk
razabazar,tuesday,morning,23.728907,90.417137,0.5801353762481217,0.0,0.0,0.0,0.5801353762481217,0.0,0.0,1,0,0,0,1,0,0,High,13.702030643721827,bodyfound_risk
rowangchhari,friday,morning,22.1667,92.3333,0.10967145154109811,0.0,0.10967145154109811,0.0,0.0,0.0,0.0,1,0,1,0,0,0,0,Very Low,6.645071773116472,rape_risk
rowangchhari,friday,night,22.166700000000002,92.3333,0.24284341390391445,0.0,0.1618956092692763,0.08094780463463815,0.0,0.0,0.0,3,0,2,1,0,0,0,Low,8.642651208558718,rape_risk
rowangchhari,sunday,noon,22.1667,92.3333,0.0754868179393861,0.0,0.0754868179393861,0.0,0.0,0.0,0.0,1,0,1,0,0,0,0,Very Low,6.132302269090792,rape_risk
rowangchhari,thursday,morning,22.1667,92.3333,0.12551292985089163,0.0,0.12551292985089163,0.0,0.0,0.0,0.0,1,0,1,0,0,0,0,Very Low,6.882693947763374,rape_risk
rowangchhari,wednesday,morning,22.1667,92.3333,0.08285959245522538,0.0,0.0,0.0,0.0,0.0,0.08285959245522538,1,0,0,0,0,0,1,Very Low,6.242893886828381,assault_risk
rowmari,monday,morning,25.75,89.66,0.40657334264482614,0.0,0.0,0.0,0.40657334264482614,0.0,0.0,1,0,0,0,1,0,0,Moderate,11.098600139672392,bodyfound_risk
ruma,monday,afternoon,22.04999,92.40998,0.18659225414101283,0.0,0.0,0.09329612707050641,0.09329612707050641,0.0,0.0,2,0,0,1,1,0,0,Very Low,7.798883812115193,kidnap_risk
ruma,monday,evening,22.04999,92.40998,0.13643393657183472,0.0,0.0,0.13643393657183472,0.0,0.0,0.0,1,0,0,1,0,0,0,Very Low,7.046509048577521,kidnap_risk
ruma,monday,morning,22.04999,92.40998,0.13216338512781117,0.0,0.0,0.0,0.13216338512781117,0.0,0.0,1,0,0,0,1,0,0,Very Low,6.982450776917167,bodyfound_risk
ruma,saturday,morning,22.04999,92.40998,0.1302147498669395,0.0,0.0,0.0,0.1302147498669395,0.0,0.0,1,0,0,0,1,0,0,Very Low,6.953221248004093,bodyfound_risk
ruma,sunday,morning,22.04999,92.40998,0.1380645912738222,0.0,0.0,0.1380645912738222,0.0,0.0,0.0,1,0,0,1,0,0,0,Very Low,7.0709688691073325,kidnap_risk
ruma,tuesday,morning,22.04999,92.40998,0.1370817076370956,0.0,0.0,0.1370817076370956,0.0,0.0,0.0,1,0,0,1,0,0,0,Very Low,7.056225614556434,kidnap_risk
rupganj,friday,morning,23.7931,90.5167,0.13022865980391765,0.13022865980391765,0.0,0.0,0.0,0.0,0.0,1,1,0,0,0,0,0,Very Low,6.953429897058765,murder_risk
rupganj,friday,night,23.7931,90.5167,0.24846496132084503,0.12423248066042251,0.12423248066042251,0.0,0.0,0.0,0.0,6,3,3,0,0,0,0,Low,8.726974419812676,murder_risk
rupganj,monday,morning,23.7931,90.5167,0.144459011445653,0.144459011445653,0.0,0.0,0.0,0.0,0.0,1,1,0,0,0,0,0,Very Low,7.166885171684795,murder_risk
rupganj,monday,noon,23.7931,90.5167,0.12159516560859181,0.0,0.0,0.0,0.0,0.0,0.12159516560859181,1,0,0,0,0,0,1,Very Low,6.823927484128877,assault_risk
rupganj,saturday,evening,23.7931,90.5167,0.13668066110243346,0.0,0.0,0.0,0.13668066110243346,0.0,0.0,1,0,0,0,1,0,0,Very Low,7.050209916536502,bodyfound_risk
rupganj,saturday,morning,23.7931,90.5167,0.12497822168784736,0.12497822168784736,0.0,0.0,0.0,0.0,0.0,1,1,0,0,0,0,0,Very Low,6.87467332531771,murder_risk
rupganj,saturday,night,23.7931,90.5167,0.1977252481157093,0.09886262405785465,0.049431312028927324,0.0,0.0,0.049431312028927324,0.0,4,2,1,0,0,1,0,Very Low,7.965878721735639,murder_risk
rupganj,saturday,noon,23.7931,90.5167,0.19054191528981407,0.04763547882245352,0.0,0.09527095764490703,0.0,0.04763547882245352,0.0,4,1,0,2,0,1,0,Very Low,7.858128729347211,kidnap_risk
rupganj,thursday,evening,23.7931,90.5167,0.12594650657546982,0.0,0.0,0.0,0.12594650657546982,0.0,0.0,1,0,0,0,1,0,0,Very Low,6.889197598632047,bodyfound_risk
rupganj,thursday,morning,23.7931,90.5167,0.14821675140540613,0.0,0.0,0.07410837570270307,0.07410837570270307,0.0,0.0,2,0,0,1,1,0,0,Very Low,7.223251271081092,kidnap_risk
rupganj,thursday,night,23.7931,90.5167,0.15053160322946924,0.07526580161473462,0.0,0.0,0.07526580161473462,0.0,0.0,2,1,0,0,1,0,0,Very Low,7.257974048442039,murder_risk
rupganj,tuesday,morning,23.7931,90.5167,0.14894140565459643,0.0,0.0,0.14894140565459643,0.0,0.0,0.0,2,0,0,2,0,0,0,Very Low,7.234121084818947,kidnap_risk
rupganj,tuesday,night,23.7931,90.5167,0.1768251166082564,0.0,0.11788341107217093,0.058941705536085465,0.0,0.0,0.0,3,0,2,1,0,0,0,Very Low,7.652376749123846,rape_risk
rupganj,wednesday,evening,23.7931,90.5167,0.12389251679781939,0.0,0.12389251679781939,0.0,0.0,0.0,0.0,1,0,1,0,0,0,0,Very Low,6.858387751967291,rape_risk
rupganj,wednesday,morning,23.7931,90.5167,0.1262604263867832,0.0,0.0,0.1262604263867832,0.0,0.0,0.0,1,0,0,1,0,0,0,Very Low,6.893906395801748,kidnap_risk
rupganj,wednesday,night,23.7931,90.5167,0.18313455953035293,0.12208970635356861,0.061044853176784306,0.0,0.0,0.0,0.0,3,2,1,0,0,0,0,Very Low,7.747018392955294,murder_risk
rupnagar,saturday,evening,23.77731,90.43628,0.35587357398409625,0.35587357398409625,0.0,0.0,0.0,0.0,0.0,1,1,0,0,0,0,0,Moderate,10.338103609761443,murder_risk
rupnagar,sunday,evening,23.77731,90.43628,0.33551730535172064,0.0,0.33551730535172064,0.0,0.0,0.0,0.0,1,0,1,0,0,0,0,Low,10.03275958027581,rape_risk
rupnagar,sunday,night,23.77731,90.43628,0.3398908411312204,0.0,0.3398908411312204,0.0,0.0,0.0,0.0,1,0,1,0,0,0,0,Low,10.098362616968306,rape_risk
rupnagar,thursday,morning,23.77731,90.43628,0.3266002752364642,0.0,0.0,0.0,0.3266002752364642,0.0,0.0,1,0,0,0,1,0,0,Low,9.899004128546963,bodyfound_risk
rupnagar,wednesday,night,23.77731,90.43628,0.34726220736884617,0.0,0.0,0.0,0.0,0.34726220736884617,0.0,1,0,0,0,0,1,0,Low,10.208933110532692,robbery_risk
rupsha,saturday,morning,22.8333,89.5833,0.18422805836128495,0.0,0.0,0.0,0.18422805836128495,0.0,0.0,2,0,0,0,2,0,0,Very Low,7.763420875419275,bodyfound_risk
rupsha,sunday,morning,22.8333,89.5833,0.13211751190868284,0.0,0.0,0.0,0.13211751190868284,0.0,0.0,1,0,0,0,1,0,0,Very Low,6.9817626786302425,bodyfound_risk
rupsha,sunday,night,22.8333,89.5833,0.1558007921501348,0.1558007921501348,0.0,0.0,0.0,0.0,0.0,1,1,0,0,0,0,0,Very Low,7.337011882252021,murder_risk
rupsha,thursday,noon,22.8333,89.5833,0.14108556683772938,0.14108556683772938,0.0,0.0,0.0,0.0,0.0,1,1,0,0,0,0,0,Very Low,7.11628350256594,murder_risk
rupsha,tuesday,morning,22.8333,89.5833,0.13385896637670502,0.0,0.0,0.0,0.13385896637670502,0.0,0.0,1,0,0,0,1,0,0,Very Low,7.0078844956505755,bodyfound_risk
rupsha,tuesday,night,22.8333,89.5833,0.13535203349440555,0.13535203349440555,0.0,0.0,0.0,0.0,0.0,1,1,0,0,0,0,0,Very Low,7.030280502416083,murder_risk
rupsha,wednesday,morning,22.8333,89.5833,0.13926936400266107,0.0,0.0,0.0,0.13926936400266107,0.0,0.0,1,0,0,0,1,0,0,Very Low,7.089040460039916,bodyfound_risk
sabujbagh,monday,morning,23.733251,90.442769,0.347706593541024,0.0,0.0,0.0,0.173853296770512,0.0,0.173853296770512,2,0,0,0,1,0,1,Low,10.21559890311536,bodyfound_risk
sabujbagh,saturday,night,23.733251,90.442769,0.31507524404126414,0.0,0.0,0.0,0.31507524404126414,0.0,0.0,1,0,0,0,1,0,0,Low,9.726128660618961,bodyfound_risk
sabujbagh,sunday,morning,23.733251,90.442769,0.3042263703591215,0.0,0.0,0.0,0.0,0.3042263703591215,0.0,1,0,0,0,0,1,0,Low,9.563395555386823,robbery_risk
sabujbagh,thursday,morning,23.733251,90.442769,0.3241439987441983,0.0,0.0,0.0,0.3241439987441983,0.0,0.0,1,0,0,0,1,0,0,Low,9.862159981162975,bodyfound_risk
sabujbagh,tuesday,morning,23.733251,90.442769,0.35729862649564303,0.0,0.0,0.0,0.35729862649564303,0.0,0.0,2,0,0,0,2,0,0,Moderate,10.359479397434646,bodyfound_risk
sabujbagh,wednesday,night,23.733251,90.442769,0.36912130201360754,0.0,0.36912130201360754,0.0,0.0,0.0,0.0,2,0,2,0,0,0,0,Moderate,10.536819530204113,rape_risk
sadarpur,saturday,night,23.4764,90.0333,0.2737024951948373,0.0,0.0,0.0,0.2737024951948373,0.0,0.0,3,0,0,0,3,0,0,Low,9.10553742792256,bodyfound_risk
sadarpur,thursday,night,23.4764,90.0333,0.27447910118961094,0.0914930337298703,0.0,0.0,0.0,0.1829860674597406,0.0,3,1,0,0,0,2,0,Low,9.117186517844164,robbery_risk
sadullapur,friday,morning,25.3833,89.4667,0.13869411296127584,0.0,0.0,0.0,0.06934705648063792,0.0,0.06934705648063792,2,0,0,0,1,0,1,Very Low,7.080411694419137,bodyfound_risk
sadullapur,friday,night,25.3833,89.4667,0.12376326273427127,0.0,0.12376326273427127,0.0,0.0,0.0,0.0,1,0,1,0,0,0,0,Very Low,6.856448941014069,rape_risk
sadullapur,saturday,morning,25.3833,89.4667,0.25768266408147544,0.0,0.05153653281629509,0.0,0.20614613126518036,0.0,0.0,5,0,1,0,4,0,0,Low,8.865239961222132,bodyfound_risk
sadullapur,saturday,noon,25.3833,89.4667,0.12601621456798515,0.12601621456798515,0.0,0.0,0.0,0.0,0.0,1,1,0,0,0,0,0,Very Low,6.890243218519777,murder_risk
sadullapur,tuesday,morning,25.3833,89.4667,0.15120466122538578,0.0,0.0,0.0,0.07560233061269289,0.0,0.07560233061269289,2,0,0,0,1,0,1,Very Low,7.268069918380787,bodyfound_risk
sadullapur,tuesday,night,25.3833,89.4667,0.11864525779951732,0.0,0.0,0.0,0.0,0.11864525779951732,0.0,1,0,0,0,0,1,0,Very Low,6.77967886699276,robbery_risk
sadullapur,wednesday,evening,25.3833,89.4667,0.12983974799021428,0.0,0.12983974799021428,0.0,0.0,0.0,0.0,1,0,1,0,0,0,0,Very Low,6.947596219853214,rape_risk
saghata,friday,evening,25.1056,89.5861,0.16709240317803548,0.0,0.16709240317803548,0.0,0.0,0.0,0.0,1,0,1,0,0,0,0,Very Low,7.5063860476705315,rape_risk
saghata,friday,noon,25.1056,89.5861,0.15651986497477144,0.0,0.0,0.15651986497477144,0.0,0.0,0.0,1,0,0,1,0,0,0,Very Low,7.347797974621572,kidnap_risk
saghata,monday,noon,25.1056,89.5861,0.158888784564447,0.0,0.0,0.158888784564447,0.0,0.0,0.0,1,0,0,1,0,0,0,Very Low,7.3833317684667055,kidnap_risk
saghata,wednesday,morning,25.1056,89.5861,0.1595809434995385,0.0,0.0,0.0,0.1595809434995385,0.0,0.0,1,0,0,0,1,0,0,Very Low,7.393714152493077,bodyfound_risk
saghata,wednesday,night,25.1056,89.5861,0.15797422376666376,0.15797422376666376,0.0,0.0,0.0,0.0,0.0,1,1,0,0,0,0,0,Very Low,7.369613356499956,murder_risk
saidabad bus terminal,tuesday,noon,23.739036,90.383432,0.5709660969288084,0.0,0.0,0.0,0.0,0.0,0.5709660969288084,1,0,0,0,0,0,1,High,13.564491453932126,assault_risk
saidpur,thursday,morning,22.62908,91.65212,0.5534124821314973,0.0,0.0,0.0,0.0,0.5534124821314973,0.0,1,0,0,0,0,1,0,High,13.30118723197246,robbery_risk
sakhipur,saturday,night,24.31667,90.16806000000001,0.2091005116288926,0.0697001705429642,0.0697001705429642,0.0697001705429642,0.0,0.0,0.0,3,1,1,1,0,0,0,Low,8.136507674433389,murder_risk
sakhipur,sunday,morning,24.31667,90.16806,0.13861873623379545,0.0,0.0,0.0,0.13861873623379545,0.0,0.0,1,0,0,0,1,0,0,Very Low,7.079281043506931,bodyfound_risk
sakhipur,thursday,night,24.31667,90.16806,0.1196393671973334,0.0,0.0,0.1196393671973334,0.0,0.0,0.0,1,0,0,1,0,0,0,Very Low,6.794590507960001,kidnap_risk
sakhipur,tuesday,night,24.31667,90.16806,0.16754476882072233,0.16754476882072233,0.0,0.0,0.0,0.0,0.0,2,2,0,0,0,0,0,Very Low,7.513171532310835,murder_risk
sakhipur,wednesday,morning,24.31667,90.16806,0.12931616548430985,0.0,0.0,0.0,0.12931616548430985,0.0,0.0,1,0,0,0,1,0,0,Very Low,6.939742482264648,bodyfound_risk
sakhipur,wednesday,night,24.31667,90.16806,0.11843224869671441,0.0,0.0,0.0,0.0,0.0,0.11843224869671441,1,0,0,0,0,0,1,Very Low,6.776483730450716,assault_risk
sakhipur,wednesday,noon,24.31667,90.16806,0.12018502783582806,0.0,0.0,0.0,0.0,0.0,0.12018502783582806,1,0,0,0,0,0,1,Very Low,6.802775417537421,assault_risk
saltha,friday,evening,23.410295,89.80207,0.13530918711681791,0.0,0.13530918711681791,0.0,0.0,0.0,0.0,1,0,1,0,0,0,0,Very Low,7.029637806752269,rape_risk
saltha,friday,noon,23.410295,89.80207,0.191168955737058,0.0,0.191168955737058,0.0,0.0,0.0,0.0,3,0,3,0,0,0,0,Very Low,7.86753433605587,rape_risk
saltha,monday,afternoon,23.410295,89.80207,0.1272183911635696,0.1272183911635696,0.0,0.0,0.0,0.0,0.0,1,1,0,0,0,0,0,Very Low,6.908275867453543,murder_risk
saltha,monday,morning,23.410295,89.80207,0.15594229815009433,0.0,0.0,0.0,0.15594229815009433,0.0,0.0,2,0,0,0,2,0,0,Very Low,7.3391344722514145,bodyfound_risk
saltha,saturday,afternoon,23.410295,89.80207,0.1251043289011384,0.1251043289011384,0.0,0.0,0.0,0.0,0.0,1,1,0,0,0,0,0,Very Low,6.876564933517076,murder_risk
saltha,saturday,evening,23.410295,89.80207,0.12949806719632478,0.12949806719632478,0.0,0.0,0.0,0.0,0.0,1,1,0,0,0,0,0,Very Low,6.942471007944872,murder_risk
saltha,thursday,evening,23.410295,89.80207,0.11449056177192646,0.0,0.11449056177192646,0.0,0.0,0.0,0.0,1,0,1,0,0,0,0,Very Low,6.717358426578897,rape_risk
saltha,tuesday,morning,23.410295,89.80207,0.14962021461975233,0.0,0.0,0.0,0.07481010730987617,0.0,0.07481010730987617,2,0,0,0,1,0,1,Very Low,7.244303219296285,bodyfound_risk
saltha,wednesday,noon,23.410295,89.80207,0.12636129443217983,0.0,0.12636129443217983,0.0,0.0,0.0,0.0,1,0,1,0,0,0,0,Very Low,6.895419416482698,rape_risk
sandwip,monday,night,22.31667,91.81667,0.1766157885081866,0.0,0.0883078942540933,0.0,0.0883078942540933,0.0,0.0,2,0,1,0,1,0,0,Very Low,7.649236827622799,rape_risk
sandwip,saturday,morning,22.31667,91.81667,0.13300513803971087,0.0,0.0,0.0,0.0,0.13300513803971087,0.0,1,0,0,0,0,1,0,Very Low,6.995077070595663,robbery_risk
sandwip,sunday,morning,22.31667,91.81667,0.16883442564959308,0.0,0.0,0.08441721282479654,0.08441721282479654,0.0,0.0,2,0,0,1,1,0,0,Very Low,7.5325163847438965,kidnap_risk
sandwip,tuesday,evening,22.31667,91.81667,0.10205319702425378,0.0,0.0,0.0,0.0,0.0,0.10205319702425378,1,0,0,0,0,0,1,Very Low,6.5307979553638065,assault_risk
sandwip,wednesday,morning,22.31667,91.81667,0.1263117475574474,0.1263117475574474,0.0,0.0,0.0,0.0,0.0,1,1,0,0,0,0,0,Very Low,6.894676213361711,murder_risk
sandwip,wednesday,night,22.31667,91.81667,0.1871792742491195,0.1871792742491195,0.0,0.0,0.0,0.0,0.0,2,2,0,0,0,0,0,Very Low,7.807689113736792,murder_risk
santhia,friday,night,24.0583,89.5333,0.12424923147525982,0.12424923147525982,0.0,0.0,0.0,0.0,0.0,1,1,0,0,0,0,0,Very Low,6.863738472128897,murder_risk
santhia,friday,noon,24.0583,89.5333,0.11154639363292448,0.0,0.0,0.0,0.11154639363292448,0.0,0.0,1,0,0,0,1,0,0,Very Low,6.673195904493867,bodyfound_risk
santhia,monday,morning,24.0583,89.5333,0.13699535942940608,0.0,0.0,0.06849767971470304,0.0,0.0,0.06849767971470304,2,0,0,1,0,0,1,Very Low,7.054930391441092,kidnap_risk
santhia,monday,night,24.0583,89.5333,0.11254053942924935,0.0,0.0,0.11254053942924935,0.0,0.0,0.0,1,0,0,1,0,0,0,Very Low,6.688108091438741,kidnap_risk
santhia,saturday,night,24.0583,89.5333,0.11356460746217228,0.0,0.11356460746217228,0.0,0.0,0.0,0.0,1,0,1,0,0,0,0,Very Low,6.703469111932584,rape_risk
santhia,sunday,evening,24.0583,89.5333,0.09572091601171248,0.09572091601171248,0.0,0.0,0.0,0.0,0.0,1,1,0,0,0,0,0,Very Low,6.435813740175687,murder_risk
santhia,sunday,morning,24.0583,89.5333,0.17111161689094936,0.05703720563031645,0.0,0.0,0.1140744112606329,0.0,0.0,3,1,0,0,2,0,0,Very Low,7.566674253364241,bodyfound_risk
santhia,thursday,morning,24.0583,89.5333,0.1285958812685994,0.0,0.0,0.1285958812685994,0.0,0.0,0.0,1,0,0,1,0,0,0,Very Low,6.928938219028991,kidnap_risk
santhia,tuesday,afternoon,24.0583,89.5333,0.11951644875378967,0.11951644875378967,0.0,0.0,0.0,0.0,0.0,1,1,0,0,0,0,0,Very Low,6.7927467313068455,murder_risk
santhia,tuesday,night,24.0583,89.5333,0.18209183414827476,0.18209183414827476,0.0,0.0,0.0,0.0,0.0,3,3,0,0,0,0,0,Very Low,7.731377512224121,murder_risk
santhia,wednesday,evening,24.0583,89.5333,0.10920055406962759,0.0,0.0,0.0,0.10920055406962759,0.0,0.0,1,0,0,0,1,0,0,Very Low,6.638008311044414,bodyfound_risk
santhia,wednesday,morning,24.0583,89.5333,0.17448202986525696,0.05816067662175232,0.0,0.05816067662175232,0.05816067662175232,0.0,0.0,3,1,0,1,1,0,0,Very Low,7.617230447978854,murder_risk
santhia,wednesday,night,24.0583,89.5333,0.14758257215923473,0.07379128607961737,0.07379128607961737,0.0,0.0,0.0,0.0,2,1,1,0,0,0,0,Very Low,7.213738582388521,murder_risk
sapahar,tuesday,night,25.125,88.58167,0.24776507586403454,0.0,0.24776507586403454,0.0,0.0,0.0,0.0,1,0,1,0,0,0,0,Low,8.716476137960518,rape_risk
sapahar,wednesday,morning,25.125,88.58167,0.25064303820724854,0.0,0.0,0.0,0.25064303820724854,0.0,0.0,1,0,0,0,1,0,0,Low,8.759645573108727,bodyfound_risk
sarail,monday,night,24.09247,91.11978,0.11258882353333022,0.0,0.0,0.0,0.11258882353333022,0.0,0.0,1,0,0,0,1,0,0,Very Low,6.688832352999953,bodyfound_risk
sarail,saturday,night,24.092470000000002,91.11978,0.18426522720406574,0.06142174240135524,0.0,0.0,0.0,0.12284348480271048,0.0,3,1,0,0,0,2,0,Very Low,7.763978408060986,robbery_risk
sarail,thursday,night,24.09247,91.11978,0.13475220480130884,0.13475220480130884,0.0,0.0,0.0,0.0,0.0,2,2,0,0,0,0,0,Very Low,7.021283072019632,murder_risk
sarail,wednesday,evening,24.09247,91.11978,0.11097432952129319,0.11097432952129319,0.0,0.0,0.0,0.0,0.0,1,1,0,0,0,0,0,Very Low,6.664614942819398,murder_risk
sarail,wednesday,morning,24.09247,91.11978,0.1400697700780768,0.0700348850390384,0.0,0.0,0.0,0.0700348850390384,0.0,2,1,0,0,0,1,0,Very Low,7.101046551171152,murder_risk
sarail,wednesday,night,24.09247,91.11978,0.22231130702468893,0.0,0.0,0.0,0.0,0.22231130702468893,0.0,4,0,0,0,0,4,0,Low,8.334669605370333,robbery_risk
sarankhola,friday,evening,22.2917,89.7917,0.14534479434865846,0.0,0.0,0.0,0.0,0.0,0.14534479434865846,2,0,0,0,0,0,2,Very Low,7.180171915229877,assault_risk
sarankhola,friday,night,22.291700000000002,89.7917,0.20289212192469203,0.13526141461646135,0.0,0.06763070730823068,0.0,0.0,0.0,3,2,0,1,0,0,0,Low,8.04338182887038,murder_risk
sarankhola,monday,morning,22.2917,89.7917,0.12699858171711376,0.0,0.0,0.0,0.0,0.12699858171711376,0.0,1,0,0,0,0,1,0,Very Low,6.904978725756706,robbery_risk
sarankhola,saturday,morning,22.291700000000002,89.7917,0.18994300660877217,0.0,0.0,0.18994300660877217,0.0,0.0,0.0,3,0,0,3,0,0,0,Very Low,7.849145099131583,kidnap_risk
sarankhola,saturday,night,22.2917,89.7917,0.11712954575841472,0.0,0.0,0.11712954575841472,0.0,0.0,0.0,1,0,0,1,0,0,0,Very Low,6.756943186376221,kidnap_risk
sarankhola,tuesday,night,22.2917,89.7917,0.12261856552830028,0.12261856552830028,0.0,0.0,0.0,0.0,0.0,1,1,0,0,0,0,0,Very Low,6.839278482924504,murder_risk
sarankhola,wednesday,afternoon,22.2917,89.7917,0.08890008638800412,0.0,0.0,0.0,0.08890008638800412,0.0,0.0,1,0,0,0,1,0,0,Very Low,6.333501295820062,bodyfound_risk
sarishabari,monday,afternoon,24.7417,89.8333,0.11866880847434409,0.0,0.0,0.0,0.0,0.0,0.11866880847434409,1,0,0,0,0,0,1,Very Low,6.780032127115161,assault_risk
sarishabari,monday,morning,24.7417,89.8333,0.14532841533670057,0.0,0.0,0.0,0.14532841533670057,0.0,0.0,2,0,0,0,2,0,0,Very Low,7.1799262300505085,bodyfound_risk
sarishabari,monday,night,24.741699999999998,89.8333,0.17836357135838166,0.059454523786127214,0.059454523786127214,0.0,0.0,0.0,0.059454523786127214,3,1,1,0,0,0,1,Very Low,7.6754535703757245,murder_risk
sarishabari,saturday,morning,24.7417,89.8333,0.13538186231052066,0.0,0.0,0.0,0.13538186231052066,0.0,0.0,1,0,0,0,1,0,0,Very Low,7.0307279346578095,bodyfound_risk
sarishabari,sunday,morning,24.741699999999998,89.8333,0.16148589033839617,0.05382863011279872,0.0,0.05382863011279872,0.0,0.0,0.05382863011279872,3,1,0,1,0,0,1,Very Low,7.422288355075942,murder_risk
sarishabari,sunday,night,24.7417,89.8333,0.12414443472932549,0.12414443472932549,0.0,0.0,0.0,0.0,0.0,1,1,0,0,0,0,0,Very Low,6.8621665209398826,murder_risk
sarishabari,sunday,noon,24.7417,89.8333,0.13026752390874097,0.13026752390874097,0.0,0.0,0.0,0.0,0.0,1,1,0,0,0,0,0,Very Low,6.954012858631114,murder_risk
sarishabari,thursday,evening,24.7417,89.8333,0.11659976482893816,0.11659976482893816,0.0,0.0,0.0,0.0,0.0,1,1,0,0,0,0,0,Very Low,6.748996472434072,murder_risk
sarishabari,thursday,morning,24.7417,89.8333,0.12115691386795047,0.12115691386795047,0.0,0.0,0.0,0.0,0.0,1,1,0,0,0,0,0,Very Low,6.817353708019257,murder_risk
sarishabari,tuesday,morning,24.741699999999998,89.8333,0.18811248744718673,0.18811248744718673,0.0,0.0,0.0,0.0,0.0,3,3,0,0,0,0,0,Very Low,7.821687311707801,murder_risk
sarishabari,wednesday,evening,24.7417,89.8333,0.12297882810532079,0.12297882810532079,0.0,0.0,0.0,0.0,0.0,1,1,0,0,0,0,0,Very Low,6.844682421579812,murder_risk
sarishabari,wednesday,night,24.7417,89.8333,0.12625086789900464,0.12625086789900464,0.0,0.0,0.0,0.0,0.0,1,1,0,0,0,0,0,Very Low,6.893763018485069,murder_risk
satkania,friday,morning,22.31667,91.81667,0.1347493134314146,0.0,0.0,0.1347493134314146,0.0,0.0,0.0,1,0,0,1,0,0,0,Very Low,7.021239701471219,kidnap_risk
satkania,friday,night,22.31667,91.81667,0.18054862507420624,0.09027431253710312,0.0,0.0,0.0,0.09027431253710312,0.0,2,1,0,0,0,1,0,Very Low,7.708229376113094,murder_risk
satkania,monday,morning,22.31667,91.81667,0.17065260318823466,0.0,0.0,0.0,0.17065260318823466,0.0,0.0,2,0,0,0,2,0,0,Very Low,7.55978904782352,bodyfound_risk
satkania,monday,night,22.31667,91.81667,0.13010158313435735,0.0,0.13010158313435735,0.0,0.0,0.0,0.0,1,0,1,0,0,0,0,Very Low,6.951523747015361,rape_risk
satkania,saturday,afternoon,22.31667,91.81667,0.13765934098063953,0.13765934098063953,0.0,0.0,0.0,0.0,0.0,1,1,0,0,0,0,0,Very Low,7.064890114709593,murder_risk
satkania,tuesday,morning,22.31667,91.81667,0.16989547453255424,0.0,0.0,0.0,0.08494773726627712,0.0,0.08494773726627712,2,0,0,0,1,0,1,Very Low,7.548432117988314,bodyfound_risk
satkania,wednesday,afternoon,22.31667,91.81667,0.1476460532859763,0.1476460532859763,0.0,0.0,0.0,0.0,0.0,1,1,0,0,0,0,0,Very Low,7.214690799289644,murder_risk
satkania,wednesday,morning,22.31667,91.81667,0.13431675323092118,0.0,0.0,0.0,0.0,0.0,0.13431675323092118,1,0,0,0,0,0,1,Very Low,7.014751298463818,assault_risk
satkhira,saturday,night,22.7167,89.075,0.2563404276782388,0.0,0.0,0.0,0.0,0.0,0.2563404276782388,1,0,0,0,0,0,1,Low,8.845106415173582,assault_risk
satkhira,sunday,morning,22.7167,89.075,0.2686390780930977,0.0,0.0,0.0,0.0,0.0,0.2686390780930977,1,0,0,0,0,0,1,Low,9.029586171396467,assault_risk
satkhira sadar,friday,night,22.7167,89.075,0.12210174904789212,0.0,0.0,0.0,0.0,0.0,0.12210174904789212,1,0,0,0,0,0,1,Very Low,6.831526235718382,assault_risk
satkhira sadar,monday,morning,22.7167,89.075,0.1444801686400306,0.0,0.0,0.0,0.0722400843200153,0.0722400843200153,0.0,2,0,0,0,1,1,0,Very Low,7.167202529600459,bodyfound_risk
satkhira sadar,monday,night,22.7167,89.075,0.18711675949715648,0.12474450633143765,0.0,0.0,0.0,0.06237225316571882,0.0,3,2,0,0,0,1,0,Very Low,7.806751392457347,murder_risk
satkhira sadar,saturday,evening,22.7167,89.075,0.11480843613243591,0.0,0.0,0.11480843613243591,0.0,0.0,0.0,1,0,0,1,0,0,0,Very Low,6.722126541986539,kidnap_risk
satkhira sadar,saturday,night,22.7167,89.075,0.16095612513646435,0.08047806256823217,0.08047806256823217,0.0,0.0,0.0,0.0,2,1,1,0,0,0,0,Very Low,7.414341877046965,murder_risk
satkhira sadar,saturday,noon,22.7167,89.075,0.12538285357638743,0.0,0.12538285357638743,0.0,0.0,0.0,0.0,1,0,1,0,0,0,0,Very Low,6.880742803645811,rape_risk
satkhira sadar,sunday,noon,22.7167,89.075,0.11690047566108276,0.0,0.0,0.0,0.11690047566108276,0.0,0.0,1,0,0,0,1,0,0,Very Low,6.753507134916242,bodyfound_risk
satkhira sadar,thursday,morning,22.7167,89.075,0.12876583203587613,0.12876583203587613,0.0,0.0,0.0,0.0,0.0,1,1,0,0,0,0,0,Very Low,6.9314874805381415,murder_risk
satkhira sadar,thursday,night,22.7167,89.075,0.11526370255501989,0.0,0.0,0.0,0.0,0.11526370255501989,0.0,1,0,0,0,0,1,0,Very Low,6.728955538325298,robbery_risk
satkhira sadar,tuesday,morning,22.7167,89.075,0.1493632266383404,0.0,0.0,0.0746816133191702,0.0,0.0746816133191702,0.0,2,0,0,1,0,1,0,Very Low,7.240448399575106,kidnap_risk
satkhira sadar,tuesday,night,22.7167,89.075,0.17538025026754384,0.05846008342251461,0.0,0.0,0.0,0.11692016684502922,0.0,3,1,0,0,0,2,0,Very Low,7.630703754013158,robbery_risk
satkhira sadar,wednesday,morning,22.7167,89.075,0.15072208288822034,0.0,0.0,0.0,0.15072208288822034,0.0,0.0,2,0,0,0,2,0,0,Very Low,7.260831243323305,bodyfound_risk
saturia,friday,night,23.961012,89.998051,0.15618638068637006,0.15618638068637006,0.0,0.0,0.0,0.0,0.0,1,1,0,0,0,0,0,Very Low,7.342795710295551,murder_risk
saturia,tuesday,morning,23.961012,89.998051,0.16550829362574668,0.0,0.0,0.0,0.0,0.0,0.16550829362574668,1,0,0,0,0,0,1,Very Low,7.4826244043862005,assault_risk
saturia,tuesday,night,23.961012,89.998051,0.157923628283262,0.0,0.157923628283262,0.0,0.0,0.0,0.0,1,0,1,0,0,0,0,Very Low,7.36885442424893,rape_risk
saturia,wednesday,afternoon,23.961012,89.998051,0.24033569459923615,0.0,0.0,0.0,0.24033569459923615,0.0,0.0,2,0,0,0,2,0,0,Low,8.605035418988543,bodyfound_risk
savar,friday,afternoon,23.85833,90.26667,0.12354092683107704,0.0,0.0,0.0,0.0,0.0,0.12354092683107704,1,0,0,0,0,0,1,Very Low,6.853113902466156,assault_risk
savar,friday,evening,23.85833,90.26667,0.13294769506905324,0.0,0.0,0.0,0.06647384753452662,0.0,0.06647384753452662,2,0,0,0,1,0,1,Very Low,6.994215426035799,bodyfound_risk
savar,friday,morning,23.85833,90.26667000000002,0.19505186129832178,0.0,0.032508643549720294,0.06501728709944059,0.09752593064916089,0.0,0.0,6,0,1,2,3,0,0,Very Low,7.925777919474827,bodyfound_risk
savar,friday,night,23.85833,90.26666999999999,0.4381579622511438,0.0,0.07620138473932934,0.09525173092416168,0.20955380803315574,0.03810069236966467,0.019050346184832336,23,0,4,5,11,2,1,Moderate,11.572369433767157,bodyfound_risk
savar,monday,afternoon,23.85833,90.26667,0.12476389007151059,0.0,0.0,0.0,0.0,0.12476389007151059,0.0,1,0,0,0,0,1,0,Very Low,6.871458351072659,robbery_risk
savar,monday,evening,23.85833,90.26667,0.1819751836350832,0.0454937959087708,0.0,0.0909875918175416,0.0,0.0,0.0454937959087708,4,1,0,2,0,0,1,Very Low,7.729627754526248,kidnap_risk
savar,monday,morning,23.85833,90.26667,0.21907842179654985,0.0,0.0,0.0,0.21907842179654985,0.0,0.0,8,0,0,0,8,0,0,Low,8.286176326948247,bodyfound_risk
savar,monday,night,23.85833,90.26667,0.22581550400260073,0.02822693800032509,0.08468081400097527,0.0,0.05645387600065018,0.02822693800032509,0.02822693800032509,8,1,3,0,2,1,1,Low,8.38723256003901,rape_risk
savar,monday,noon,23.85833,90.26667,0.13354360949310262,0.06677180474655131,0.0,0.0,0.0,0.06677180474655131,0.0,2,1,0,0,0,1,0,Very Low,7.003154142396539,murder_risk
savar,saturday,evening,23.85833,90.26667000000002,0.15570657992442027,0.0,0.05190219330814009,0.05190219330814009,0.05190219330814009,0.0,0.0,3,0,1,1,1,0,0,Very Low,7.3355986988663044,rape_risk
savar,saturday,morning,23.85833,90.26667,0.25810475048567244,0.0,0.07743142514570173,0.0,0.15486285029140345,0.025810475048567247,0.0,10,0,3,0,6,1,0,Low,8.871571257285087,bodyfound_risk
savar,saturday,night,23.85833,90.26667,0.40863535790643934,0.02043176789532197,0.08172707158128788,0.0612953036859659,0.1838859110578977,0.02043176789532197,0.04086353579064394,20,1,4,3,9,1,2,Moderate,11.12953036859659,bodyfound_risk
savar,sunday,afternoon,23.85833,90.26667,0.1202433976861356,0.0,0.0,0.0,0.0,0.1202433976861356,0.0,1,0,0,0,0,1,0,Very Low,6.803650965292034,robbery_risk
savar,sunday,evening,23.85833,90.26667,0.12440092112520523,0.0,0.0,0.0,0.12440092112520523,0.0,0.0,1,0,0,0,1,0,0,Very Low,6.866013816878079,bodyfound_risk
savar,sunday,morning,23.85833,90.26667000000002,0.14699223018792135,0.0,0.0,0.0,0.04899741006264045,0.0979948201252809,0.0,3,0,0,0,1,2,0,Very Low,7.20488345281882,robbery_risk
savar,sunday,night,23.85833,90.26667,0.38699512343532155,0.0455288380512143,0.1821153522048572,0.0,0.11382209512803576,0.0455288380512143,0.0,17,2,8,0,5,2,0,Moderate,10.804926851529824,rape_risk
savar,sunday,noon,23.85833,90.26667,0.13189183633312423,0.0,0.0,0.0,0.06594591816656212,0.06594591816656212,0.0,2,0,0,0,1,1,0,Very Low,6.978377544996864,bodyfound_risk
savar,thursday,morning,23.85833,90.26667,0.26014232987562036,0.0,0.04729860543193098,0.02364930271596549,0.1891944217277239,0.0,0.0,11,0,2,1,8,0,0,Low,8.902134948134306,bodyfound_risk
savar,thursday,night,23.85833,90.26667,0.3999979367156373,0.08421009194013417,0.06315756895510062,0.06315756895510062,0.1473676608952348,0.02105252298503354,0.02105252298503354,19,4,3,3,7,1,1,Moderate,10.99996905073456,bodyfound_risk
savar,tuesday,afternoon,23.85833,90.26667,0.1449226417780871,0.07246132088904356,0.0,0.0,0.0,0.07246132088904356,0.0,2,1,0,0,0,1,0,Very Low,7.173839626671307,murder_risk
savar,tuesday,evening,23.85833,90.26667,0.18489832408161885,0.0,0.09244916204080943,0.04622458102040471,0.04622458102040471,0.0,0.0,4,0,2,1,1,0,0,Very Low,7.773474861224283,rape_risk
savar,tuesday,morning,23.85833,90.26667000000002,0.14746433581084126,0.0,0.0,0.0,0.04915477860361375,0.0983095572072275,0.0,3,0,0,0,1,2,0,Very Low,7.211965037162619,robbery_risk
savar,tuesday,night,23.85833,90.26667,0.38540126751984005,0.04282236305776,0.12846708917328,0.06423354458664,0.08564472611552,0.04282236305776,0.02141118152888,18,2,6,3,4,2,1,Moderate,10.7810190127976,rape_risk
savar,tuesday,noon,23.85833,90.26667,0.12190621726952255,0.0,0.0,0.0,0.0,0.12190621726952255,0.0,1,0,0,0,0,1,0,Very Low,6.828593259042838,robbery_risk
savar,wednesday,evening,23.85833,90.26667,0.138603045031072,0.0,0.069301522515536,0.0,0.069301522515536,0.0,0.0,2,0,1,0,1,0,0,Very Low,7.07904567546608,rape_risk
savar,wednesday,morning,23.85833,90.26667000000002,0.2144676946954098,0.0,0.1072338473477049,0.035744615782568295,0.07148923156513659,0.0,0.0,6,0,3,1,2,0,0,Low,8.217015420431148,rape_risk
savar,wednesday,night,23.85833,90.26667,0.31954149979289026,0.06847317852704791,0.06847317852704791,0.022824392842349304,0.09129757136939722,0.04564878568469861,0.022824392842349304,14,3,3,1,4,2,1,Low,9.793122496893353,bodyfound_risk
savar,wednesday,noon,23.85833,90.26667,0.13678837596559595,0.0,0.0,0.0,0.06839418798279798,0.06839418798279798,0.0,2,0,0,0,1,1,0,Very Low,7.051825639483939,bodyfound_risk
sayedabad,thursday,morning,23.728907,90.417137,0.30688447757905934,0.0,0.0,0.0,0.0,0.30688447757905934,0.0,1,0,0,0,0,1,0,Low,9.60326716368589,robbery_risk
sayedabad,tuesday,night,23.728907,90.417137,0.41555602164431127,0.0,0.0,0.0,0.0,0.41555602164431127,0.0,4,0,0,0,0,4,0,Moderate,11.233340324664669,robbery_risk
sayedabad,wednesday,morning,23.728907,90.417137,0.3062556464276147,0.0,0.0,0.0,0.3062556464276147,0.0,0.0,1,0,0,0,1,0,0,Low,9.59383469641422,bodyfound_risk
sayedabad,wednesday,night,23.728907,90.417137,0.4431540207632642,0.0,0.0,0.0,0.0,0.4431540207632642,0.0,5,0,0,0,0,5,0,Moderate,11.647310311448964,robbery_risk
segunbagicha,tuesday,morning,23.784506,90.403409,0.5697887924596055,0.0,0.0,0.0,0.0,0.5697887924596055,0.0,1,0,0,0,0,1,0,High,13.546831886894083,robbery_risk
senbug,thursday,night,22.8256,91.1014,0.17353491663769344,0.17353491663769344,0.0,0.0,0.0,0.0,0.0,1,1,0,0,0,0,0,Very Low,7.603023749565402,murder_risk
senbug,tuesday,night,22.825599999999998,91.1014,0.3325924280912641,0.0,0.3325924280912641,0.0,0.0,0.0,0.0,3,0,3,0,0,0,0,Low,9.988886421368962,rape_risk
shah ali,sunday,night,23.812063,90.348161,0.5755681440918383,0.5755681440918383,0.0,0.0,0.0,0.0,0.0,1,1,0,0,0,0,0,High,13.633522161377575,murder_risk
shahbagh,monday,night,23.736484,90.397323,0.4854951944274117,0.24274759721370584,0.24274759721370584,0.0,0.0,0.0,0.0,2,1,1,0,0,0,0,Moderate,12.282427916411176,murder_risk
shahbagh,sunday,afternoon,23.736484,90.397323,0.38043952538107323,0.0,0.0,0.0,0.0,0.38043952538107323,0.0,1,0,0,0,0,1,0,Moderate,10.706592880716098,robbery_risk
shaheed suhrawardy medical college hospital,friday,morning,23.7689555,90.3716285,0.5754002539353907,0.0,0.0,0.5754002539353907,0.0,0.0,0.0,1,0,0,1,0,0,0,High,13.631003809030862,kidnap_risk
shahjadpur,friday,night,24.17,89.58833,0.1300678222854251,0.0,0.1300678222854251,0.0,0.0,0.0,0.0,1,0,1,0,0,0,0,Very Low,6.951017334281376,rape_risk
shahjadpur,monday,night,24.17,89.58833,0.17391337502163992,0.17391337502163992,0.0,0.0,0.0,0.0,0.0,2,2,0,0,0,0,0,Very Low,7.608700625324599,murder_risk
shahjadpur,saturday,morning,24.17,89.58833,0.09552834409062491,0.0,0.0,0.0,0.09552834409062491,0.0,0.0,1,0,0,0,1,0,0,Very Low,6.432925161359374,bodyfound_risk
shahjadpur,sunday,night,24.17,89.58833,0.13570523978614926,0.13570523978614926,0.0,0.0,0.0,0.0,0.0,1,1,0,0,0,0,0,Very Low,7.035578596792239,murder_risk
shahjadpur,thursday,morning,24.17,89.58833,0.1303019710701126,0.0,0.0,0.0,0.0,0.1303019710701126,0.0,1,0,0,0,0,1,0,Very Low,6.954529566051689,robbery_risk
shahjadpur,tuesday,morning,24.17,89.58833,0.12488396820559108,0.0,0.0,0.0,0.12488396820559108,0.0,0.0,1,0,0,0,1,0,0,Very Low,6.873259523083866,bodyfound_risk
shahjadpur,wednesday,night,24.17,89.58833,0.29722421897315665,0.11888968758926266,0.11888968758926266,0.0,0.0,0.0,0.05944484379463133,5,2,2,0,0,0,1,Low,9.45836328459735,murder_risk
shahjahanpur,tuesday,night,23.74534,90.4234,0.5712128324550628,0.0,0.0,0.0,0.0,0.5712128324550628,0.0,1,0,0,0,0,1,0,High,13.568192486825943,robbery_risk
shahrasti,friday,evening,23.2222,90.95,0.24774471078315186,0.0,0.0,0.0,0.24774471078315186,0.0,0.0,1,0,0,0,1,0,0,Low,8.716170661747277,bodyfound_risk
shahrasti,thursday,morning,23.2222,90.95,0.24367107055667936,0.0,0.0,0.0,0.24367107055667936,0.0,0.0,1,0,0,0,1,0,0,Low,8.65506605835019,bodyfound_risk
shailkupa,friday,morning,23.6917,89.25,0.13378884397855706,0.0,0.0,0.0,0.0,0.0,0.13378884397855706,1,0,0,0,0,0,1,Very Low,7.006832659678356,assault_risk
shailkupa,saturday,evening,23.6917,89.25,0.14416860992246097,0.0,0.0,0.14416860992246097,0.0,0.0,0.0,1,0,0,1,0,0,0,Very Low,7.1625291488369145,kidnap_risk
shailkupa,thursday,night,23.6917,89.25,0.13370468566257532,0.13370468566257532,0.0,0.0,0.0,0.0,0.0,1,1,0,0,0,0,0,Very Low,7.00557028493863,murder_risk
shailkupa,tuesday,morning,23.6917,89.25,0.2409767009514091,0.0,0.0,0.18073252571355683,0.06024417523785228,0.0,0.0,4,0,0,3,1,0,0,Low,8.614650514271137,kidnap_risk
shailkupa,tuesday,night,23.6917,89.25,0.17147238812375082,0.08573619406187541,0.08573619406187541,0.0,0.0,0.0,0.0,2,1,1,0,0,0,0,Very Low,7.5720858218562626,murder_risk
shailkupa,wednesday,morning,23.6917,89.25,0.16671718863153284,0.0,0.0,0.16671718863153284,0.0,0.0,0.0,2,0,0,2,0,0,0,Very Low,7.500757829472993,kidnap_risk
shailkupa,wednesday,night,23.6917,89.25,0.14964110610115178,0.14964110610115178,0.0,0.0,0.0,0.0,0.0,1,1,0,0,0,0,0,Very Low,7.244616591517277,murder_risk
shajahanpur,friday,night,24.762147,89.382832,0.10955700837805059,0.10955700837805059,0.0,0.0,0.0,0.0,0.0,1,1,0,0,0,0,0,Very Low,6.643355125670759,murder_risk
shajahanpur,monday,morning,23.74534,90.4234,0.29019675708128384,0.0,0.0,0.0,0.0,0.29019675708128384,0.0,1,0,0,0,0,1,0,Low,9.352951356219258,robbery_risk
shajahanpur,saturday,afternoon,24.762147,89.382832,0.10946324613702646,0.0,0.0,0.0,0.10946324613702646,0.0,0.0,1,0,0,0,1,0,0,Very Low,6.641948692055397,bodyfound_risk
shajahanpur,saturday,morning,24.762147,89.382832,0.11237939116571374,0.0,0.0,0.0,0.0,0.0,0.11237939116571374,1,0,0,0,0,0,1,Very Low,6.685690867485706,assault_risk
shajahanpur,saturday,night,24.762147,89.382832,0.14850025661924424,0.07425012830962212,0.07425012830962212,0.0,0.0,0.0,0.0,2,1,1,0,0,0,0,Very Low,7.227503849288663,murder_risk
shajahanpur,sunday,morning,24.762147,89.382832,0.1004823113824185,0.0,0.0,0.0,0.0,0.0,0.1004823113824185,1,0,0,0,0,0,1,Very Low,6.507234670736278,assault_risk
shajahanpur,sunday,night,24.762147,89.382832,0.1291167532393023,0.0,0.0,0.1291167532393023,0.0,0.0,0.0,1,0,0,1,0,0,0,Very Low,6.9367512985895345,kidnap_risk
shajahanpur,thursday,evening,24.762147,89.382832,0.13838819970673505,0.06919409985336752,0.0,0.0,0.0,0.0,0.06919409985336752,2,1,0,0,0,0,1,Very Low,7.075822995601026,murder_risk
shajahanpur,thursday,morning,23.74534,90.4234,0.2908775251708637,0.0,0.0,0.0,0.0,0.2908775251708637,0.0,1,0,0,0,0,1,0,Low,9.363162877562957,robbery_risk
shajahanpur,tuesday,morning,24.762147,89.382832,0.16247808252728013,0.05415936084242671,0.0,0.0,0.0,0.0,0.10831872168485342,3,1,0,0,0,0,2,Very Low,7.437171237909202,assault_risk
shajahanpur,tuesday,night,24.762147,89.382832,0.12851322930873396,0.0,0.0,0.0,0.0,0.12851322930873396,0.0,2,0,0,0,0,2,0,Very Low,6.927698439631009,robbery_risk
shajahanpur,wednesday,morning,24.762147,89.382832,0.1203236610470946,0.0,0.0,0.0,0.1203236610470946,0.0,0.0,1,0,0,0,1,0,0,Very Low,6.804854915706419,bodyfound_risk
shajahanpur,wednesday,night,24.762147,89.382832,0.10836708873050052,0.0,0.0,0.0,0.0,0.10836708873050052,0.0,1,0,0,0,0,1,0,Very Low,6.625506330957508,robbery_risk
shalikha,monday,night,23.305,89.38,0.4209135552698686,0.4209135552698686,0.0,0.0,0.0,0.0,0.0,2,2,0,0,0,0,0,Moderate,11.313703329048028,murder_risk
shalla,tuesday,night,25.03087,91.40376,0.38655747671833446,0.0,0.0,0.0,0.0,0.0,0.38655747671833446,1,0,0,0,0,0,1,Moderate,10.798362150775016,assault_risk
shanir akhra,friday,night,23.784506,90.403409,0.5830991718295873,0.5830991718295873,0.0,0.0,0.0,0.0,0.0,1,1,0,0,0,0,0,High,13.746487577443808,murder_risk
shankaribazar,thursday,night,23.784506,90.403409,0.5792608573459813,0.5792608573459813,0.0,0.0,0.0,0.0,0.0,1,1,0,0,0,0,0,High,13.68891286018972,murder_risk
shantibagh,sunday,night,23.784506,90.403409,0.5843336444784012,0.0,0.5843336444784012,0.0,0.0,0.0,0.0,1,0,1,0,0,0,0,High,13.765004667176019,rape_risk
shariakandi,friday,night,24.8833,89.5667,0.16393748893041116,0.16393748893041116,0.0,0.0,0.0,0.0,0.0,1,1,0,0,0,0,0,Very Low,7.459062333956167,murder_risk
shariakandi,saturday,morning,24.8833,89.5667,0.13510599912783358,0.0,0.0,0.0,0.13510599912783358,0.0,0.0,1,0,0,0,1,0,0,Very Low,7.026589986917504,bodyfound_risk
shariakandi,saturday,noon,24.8833,89.5667,0.21293550026302166,0.0,0.0,0.0,0.0,0.10646775013151083,0.10646775013151083,2,0,0,0,0,1,1,Low,8.194032503945325,robbery_risk
shariakandi,sunday,noon,24.8833,89.5667,0.1494218969478049,0.0,0.0,0.0,0.1494218969478049,0.0,0.0,1,0,0,0,1,0,0,Very Low,7.241328454217074,bodyfound_risk
shariakandi,tuesday,night,24.8833,89.5667,0.14664048166733137,0.0,0.14664048166733137,0.0,0.0,0.0,0.0,1,0,1,0,0,0,0,Very Low,7.19960722500997,rape_risk
shariatpur sadar,friday,night,23.20833,90.35,0.13457504144479293,0.0,0.13457504144479293,0.0,0.0,0.0,0.0,1,0,1,0,0,0,0,Very Low,7.0186256216718945,rape_risk
shariatpur sadar,monday,night,23.20833,90.35,0.27182694477212693,0.0,0.0,0.0,0.0,0.27182694477212693,0.0,4,0,0,0,0,4,0,Low,9.077404171581904,robbery_risk
shariatpur sadar,saturday,evening,23.20833,90.35,0.13674775493934754,0.0,0.13674775493934754,0.0,0.0,0.0,0.0,1,0,1,0,0,0,0,Very Low,7.051216324090213,rape_risk
shariatpur sadar,sunday,noon,23.20833,90.35,0.12416595373039889,0.0,0.0,0.0,0.12416595373039889,0.0,0.0,1,0,0,0,1,0,0,Very Low,6.862489305955983,bodyfound_risk
shariatpur sadar,tuesday,morning,23.20833,90.35,0.13556544272256316,0.0,0.0,0.13556544272256316,0.0,0.0,0.0,1,0,0,1,0,0,0,Very Low,7.033481640838447,kidnap_risk
sharsha,friday,night,23.0744,88.8667,0.18045283705766801,0.10827170223460081,0.0,0.0,0.0360905674115336,0.0,0.0360905674115336,5,3,0,0,1,0,1,Very Low,7.70679255586502,murder_risk
sharsha,monday,evening,23.0744,88.8667,0.12810155505476767,0.06405077752738383,0.06405077752738383,0.0,0.0,0.0,0.0,2,1,1,0,0,0,0,Very Low,6.921523325821515,murder_risk
sharsha,monday,morning,23.0744,88.8667,0.13083942443342977,0.0,0.043613141477809925,0.0,0.08722628295561985,0.0,0.0,3,0,1,0,2,0,0,Very Low,6.962591366501447,bodyfound_risk
sharsha,monday,night,23.0744,88.8667,0.22295734800204192,0.08360900550076572,0.02786966850025524,0.0,0.05573933700051048,0.0,0.05573933700051048,8,3,1,0,2,0,2,Low,8.344360220030628,murder_risk
sharsha,saturday,morning,23.0744,88.8667,0.15672610521099842,0.0,0.0,0.039181526302749604,0.11754457890824882,0.0,0.0,4,0,0,1,3,0,0,Very Low,7.350891578164976,bodyfound_risk
sharsha,saturday,night,23.0744,88.8667,0.18283145974749654,0.07313258389899861,0.07313258389899861,0.036566291949499306,0.0,0.0,0.0,5,2,2,1,0,0,0,Very Low,7.742471896212448,murder_risk
sharsha,sunday,morning,23.0744,88.8667,0.10139302294238453,0.0,0.0,0.0,0.10139302294238453,0.0,0.0,1,0,0,0,1,0,0,Very Low,6.520895344135768,bodyfound_risk
sharsha,sunday,night,23.0744,88.8667,0.19439847117065362,0.09719923558532681,0.06479949039021787,0.0,0.0,0.0,0.03239974519510894,6,3,2,0,0,0,1,Very Low,7.915977067559805,murder_risk
sharsha,thursday,evening,23.0744,88.8667,0.09221839675597823,0.0,0.0,0.0,0.0,0.0,0.09221839675597823,1,0,0,0,0,0,1,Very Low,6.383275951339673,assault_risk
sharsha,thursday,morning,23.0744,88.8667,0.13596593685596825,0.0,0.0,0.0,0.13596593685596825,0.0,0.0,3,0,0,0,3,0,0,Very Low,7.0394890528395235,bodyfound_risk
sharsha,thursday,night,23.0744,88.8667,0.13448623353702893,0.0,0.04482874451234298,0.0,0.04482874451234298,0.0,0.04482874451234298,3,0,1,0,1,0,1,Very Low,7.017293503055434,rape_risk
sharsha,tuesday,afternoon,23.0744,88.8667,0.09156150438182509,0.0,0.0,0.0,0.0,0.0,0.09156150438182509,1,0,0,0,0,0,1,Very Low,6.373422565727376,assault_risk
sharsha,tuesday,evening,23.0744,88.8667,0.11062206846240247,0.0,0.0,0.0,0.11062206846240247,0.0,0.0,1,0,0,0,1,0,0,Very Low,6.659331026936037,bodyfound_risk
sharsha,tuesday,morning,23.0744,88.8667,0.11923895306117968,0.0,0.0,0.07949263537411978,0.0,0.0,0.03974631768705989,3,0,0,2,0,0,1,Very Low,6.788584295917695,kidnap_risk
sharsha,tuesday,night,23.0744,88.8667,0.26092613357954936,0.0782778400738648,0.052185226715909874,0.0,0.0,0.0,0.13046306678977468,10,3,2,0,0,0,5,Low,8.91389200369324,assault_risk
sharsha,wednesday,morning,23.0744,88.8667,0.1649965189636095,0.0,0.0,0.0,0.0329993037927219,0.0329993037927219,0.0989979113781657,5,0,0,0,1,1,3,Very Low,7.474947784454143,assault_risk
sharsha,wednesday,night,23.0744,88.8667,0.22248271727158986,0.055620679317897465,0.055620679317897465,0.0,0.027810339658948732,0.0,0.0834310189768462,8,2,2,0,1,0,3,Low,8.337240759073847,assault_risk
sharsha,wednesday,noon,23.0744,88.8667,0.11055357273052152,0.0,0.0,0.0,0.0,0.0,0.11055357273052152,1,0,0,0,0,0,1,Very Low,6.658303590957823,assault_risk
shekhertek,saturday,night,23.784506,90.403409,0.5838686727956252,0.5838686727956252,0.0,0.0,0.0,0.0,0.0,1,1,0,0,0,0,0,High,13.758030091934378,murder_risk
sher-e-bangla nagar,monday,evening,23.767676,90.376173,0.361390346048752,0.0,0.361390346048752,0.0,0.0,0.0,0.0,1,0,1,0,0,0,0,Moderate,10.42085519073128,rape_risk
sher-e-bangla nagar,monday,night,23.767676,90.376173,0.3536305675437792,0.0,0.0,0.0,0.3536305675437792,0.0,0.0,1,0,0,0,1,0,0,Moderate,10.304458513156689,bodyfound_risk
sher-e-bangla nagar,sunday,evening,23.767676,90.376173,0.3580663147545525,0.0,0.3580663147545525,0.0,0.0,0.0,0.0,1,0,1,0,0,0,0,Moderate,10.370994721318286,rape_risk
sher-e-bangla nagar,wednesday,afternoon,23.767676,90.376173,0.35335336100678355,0.0,0.0,0.0,0.35335336100678355,0.0,0.0,1,0,0,0,1,0,0,Moderate,10.300300415101752,bodyfound_risk
sherpur,friday,morning,24.66667,89.41667,0.16512073651493198,0.08256036825746599,0.08256036825746599,0.0,0.0,0.0,0.0,2,1,1,0,0,0,0,Very Low,7.476811047723979,murder_risk
sherpur,monday,night,24.66667,89.41667,0.1595748083867103,0.0,0.07978740419335514,0.0,0.0,0.07978740419335514,0.0,2,0,1,0,0,1,0,Very Low,7.393622125800654,rape_risk
sherpur,sunday,evening,24.66667,89.41667,0.11917801802311796,0.0,0.11917801802311796,0.0,0.0,0.0,0.0,1,0,1,0,0,0,0,Very Low,6.787670270346769,rape_risk
sherpur,sunday,morning,24.66667,89.41667,0.13256172883453562,0.0,0.13256172883453562,0.0,0.0,0.0,0.0,1,0,1,0,0,0,0,Very Low,6.988425932518035,rape_risk
sherpur,sunday,night,24.66667,89.41667,0.16194025307085708,0.0,0.16194025307085708,0.0,0.0,0.0,0.0,2,0,2,0,0,0,0,Very Low,7.429103796062856,rape_risk
sherpur,thursday,morning,24.66667,89.41667,0.12326262156111178,0.0,0.0,0.0,0.12326262156111178,0.0,0.0,1,0,0,0,1,0,0,Very Low,6.848939323416676,bodyfound_risk
sherpur,thursday,night,24.66667,89.41667,0.13591416872352652,0.0,0.13591416872352652,0.0,0.0,0.0,0.0,1,0,1,0,0,0,0,Very Low,7.038712530852898,rape_risk
sherpur,tuesday,noon,24.66667,89.41667,0.1372435442515415,0.1372435442515415,0.0,0.0,0.0,0.0,0.0,1,1,0,0,0,0,0,Very Low,7.058653163773123,murder_risk
sherpur,wednesday,morning,24.66667,89.41667,0.1287098706256187,0.0,0.0,0.0,0.1287098706256187,0.0,0.0,1,0,0,0,1,0,0,Very Low,6.93064805938428,bodyfound_risk
sherpur,wednesday,night,24.66667,89.41667,0.11436716294838101,0.0,0.0,0.0,0.0,0.11436716294838101,0.0,1,0,0,0,0,1,0,Very Low,6.7155074442257146,robbery_risk
sherpur sadar,friday,noon,25.0,90.0167,0.19338297072384203,0.0,0.0,0.0,0.19338297072384203,0.0,0.0,1,0,0,0,1,0,0,Very Low,7.90074456085763,bodyfound_risk
sherpur sadar,sunday,evening,25.0,90.0167,0.19948108017519967,0.0,0.0,0.19948108017519967,0.0,0.0,0.0,1,0,0,1,0,0,0,Very Low,7.992216202627995,kidnap_risk
sherpur sadar,thursday,evening,25.0,90.0167,0.19691021893626498,0.19691021893626498,0.0,0.0,0.0,0.0,0.0,1,1,0,0,0,0,0,Very Low,7.953653284043975,murder_risk
shewrapara,monday,night,23.784506,90.403409,0.5823590342430227,0.5823590342430227,0.0,0.0,0.0,0.0,0.0,1,1,0,0,0,0,0,High,13.73538551364534,murder_risk
shibaloy,friday,night,23.85,90.01,0.1379618005265562,0.1379618005265562,0.0,0.0,0.0,0.0,0.0,1,1,0,0,0,0,0,Very Low,7.0694270078983426,murder_risk
shibaloy,monday,afternoon,23.85,90.01,0.11270909189756499,0.0,0.0,0.0,0.0,0.0,0.11270909189756499,1,0,0,0,0,0,1,Very Low,6.690636378463475,assault_risk
shibaloy,monday,evening,23.85,90.01,0.12169880910775147,0.0,0.0,0.0,0.12169880910775147,0.0,0.0,1,0,0,0,1,0,0,Very Low,6.825482136616272,bodyfound_risk
shibaloy,monday,morning,23.85,90.01,0.154930407600885,0.0,0.0,0.0,0.0774652038004425,0.0,0.0774652038004425,2,0,0,0,1,0,1,Very Low,7.323956114013275,bodyfound_risk
shibaloy,monday,night,23.85,90.01,0.09972517555939009,0.0,0.09972517555939009,0.0,0.0,0.0,0.0,1,0,1,0,0,0,0,Very Low,6.495877633390851,rape_risk
shibaloy,saturday,noon,23.85,90.01,0.12717941321385445,0.0,0.0,0.12717941321385445,0.0,0.0,0.0,1,0,0,1,0,0,0,Very Low,6.907691198207817,kidnap_risk
shibaloy,sunday,night,23.85,90.01,0.12800171540150418,0.12800171540150418,0.0,0.0,0.0,0.0,0.0,1,1,0,0,0,0,0,Very Low,6.920025731022562,murder_risk
shibaloy,wednesday,morning,23.85,90.01,0.11674321156295624,0.0,0.0,0.11674321156295624,0.0,0.0,0.0,2,0,0,2,0,0,0,Very Low,6.751148173444344,kidnap_risk
shibaloy,wednesday,night,23.85,90.01,0.16058927164952713,0.08029463582476357,0.0,0.0,0.0,0.08029463582476357,0.0,2,1,0,0,0,1,0,Very Low,7.408839074742907,murder_risk
shibchar,monday,morning,23.35,90.1667,0.15007703336026185,0.15007703336026185,0.0,0.0,0.0,0.0,0.0,1,1,0,0,0,0,0,Very Low,7.251155500403928,murder_risk
shibchar,saturday,night,23.35,90.1667,0.15148614655958237,0.15148614655958237,0.0,0.0,0.0,0.0,0.0,1,1,0,0,0,0,0,Very Low,7.272292198393735,murder_risk
shibchar,sunday,afternoon,23.35,90.1667,0.14139278519031595,0.0,0.0,0.0,0.0,0.0,0.14139278519031595,1,0,0,0,0,0,1,Very Low,7.120891777854739,assault_risk
shibchar,sunday,morning,23.35,90.1667,0.14780043592238593,0.0,0.0,0.0,0.14780043592238593,0.0,0.0,1,0,0,0,1,0,0,Very Low,7.217006538835789,bodyfound_risk
shibchar,tuesday,night,23.35,90.1667,0.19792290404913013,0.09896145202456506,0.0,0.0,0.0,0.09896145202456506,0.0,2,1,0,0,0,1,0,Very Low,7.968843560736952,murder_risk
shibchar,wednesday,night,23.35,90.1667,0.1942011569437898,0.0971005784718949,0.0,0.0,0.0971005784718949,0.0,0.0,2,1,0,0,1,0,0,Very Low,7.913017354156847,murder_risk
shibganj,friday,morning,25.0167,89.31670000000001,0.18018593391174756,0.0,0.0,0.0,0.12012395594116504,0.0,0.06006197797058252,3,0,0,0,2,0,1,Very Low,7.702789008676213,bodyfound_risk
shibganj,friday,night,25.0167,89.3167,0.1662123148229856,0.0831061574114928,0.0831061574114928,0.0,0.0,0.0,0.0,2,1,1,0,0,0,0,Very Low,7.493184722344784,murder_risk
shibganj,monday,morning,25.0167,89.3167,0.14131156999451622,0.07065578499725811,0.0,0.07065578499725811,0.0,0.0,0.0,2,1,0,1,0,0,0,Very Low,7.119673549917743,murder_risk
shibganj,monday,night,25.0167,89.3167,0.13988780828263891,0.13988780828263891,0.0,0.0,0.0,0.0,0.0,1,1,0,0,0,0,0,Very Low,7.098317124239584,murder_risk
shibganj,saturday,night,25.0167,89.3167,0.15431418897463112,0.07715709448731556,0.0,0.07715709448731556,0.0,0.0,0.0,2,1,0,1,0,0,0,Very Low,7.314712834619467,murder_risk
shibganj,sunday,night,25.0167,89.3167,0.12952103885353808,0.0,0.0,0.0,0.12952103885353808,0.0,0.0,1,0,0,0,1,0,0,Very Low,6.942815582803071,bodyfound_risk
shibganj,thursday,night,25.0167,89.31670000000001,0.17492937440772463,0.05830979146924154,0.0,0.0,0.0,0.0,0.11661958293848308,3,1,0,0,0,0,2,Very Low,7.62394061611587,assault_risk
shibganj,tuesday,afternoon,25.0167,89.3167,0.13105472098111487,0.0,0.0,0.0,0.13105472098111487,0.0,0.0,1,0,0,0,1,0,0,Very Low,6.965820814716723,bodyfound_risk
shibganj,tuesday,night,25.0167,89.3167,0.1932821035580993,0.0,0.0,0.0,0.048320525889524825,0.0,0.14496157766857448,4,0,0,0,1,0,3,Very Low,7.899231553371489,assault_risk
shibganj,wednesday,morning,25.0167,89.31670000000001,0.1777156234735816,0.0,0.0,0.0,0.1777156234735816,0.0,0.0,3,0,0,0,3,0,0,Very Low,7.6657343521037244,bodyfound_risk
shibganj,wednesday,night,25.0167,89.3167,0.15275596529281055,0.0,0.0,0.0,0.15275596529281055,0.0,0.0,2,0,0,0,2,0,0,Very Low,7.291339479392159,bodyfound_risk
shibganj,wednesday,noon,25.0167,89.3167,0.1407807962406455,0.0,0.07039039812032274,0.0,0.07039039812032274,0.0,0.0,2,0,1,0,1,0,0,Very Low,7.1117119436096825,rape_risk
shibpur,monday,night,24.020189,90.74723,0.12662476440462564,0.0,0.12662476440462564,0.0,0.0,0.0,0.0,1,0,1,0,0,0,0,Very Low,6.899371466069384,rape_risk
shibpur,monday,noon,24.020189,90.74723,0.1365991199662775,0.1365991199662775,0.0,0.0,0.0,0.0,0.0,1,1,0,0,0,0,0,Very Low,7.048986799494163,murder_risk
shibpur,saturday,morning,24.020189,90.74723,0.23489420779775422,0.0,0.0,0.0,0.23489420779775422,0.0,0.0,4,0,0,0,4,0,0,Low,8.523413116966314,bodyfound_risk
shibpur,saturday,night,24.020189,90.74723,0.1332329781825763,0.0,0.1332329781825763,0.0,0.0,0.0,0.0,1,0,1,0,0,0,0,Very Low,6.998494672738644,rape_risk
shibpur,thursday,night,24.020189,90.74723,0.21179974751938907,0.1411998316795927,0.0,0.0,0.0,0.0,0.07059991583979636,3,2,0,0,0,0,1,Low,8.176996212790836,murder_risk
shibpur,tuesday,evening,24.020189,90.74723,0.12052501629321741,0.0,0.12052501629321741,0.0,0.0,0.0,0.0,1,0,1,0,0,0,0,Very Low,6.807875244398261,rape_risk
shibpur,wednesday,morning,24.020189,90.74723,0.14134427195769902,0.0,0.0,0.0,0.14134427195769902,0.0,0.0,1,0,0,0,1,0,0,Very Low,7.120164079365486,bodyfound_risk
shonir akhra,tuesday,night,24.16667,90.41667,0.5888292348694621,0.0,0.0,0.0,0.0,0.5888292348694621,0.0,1,0,0,0,0,1,0,High,13.832438523041933,robbery_risk
shyamnagar,thursday,afternoon,22.3306,89.1028,0.17694968979319758,0.17694968979319758,0.0,0.0,0.0,0.0,0.0,1,1,0,0,0,0,0,Very Low,7.654245346897964,murder_risk
shyamnagar,wednesday,morning,22.3306,89.1028,0.23008268223590359,0.0,0.0,0.23008268223590359,0.0,0.0,0.0,2,0,0,2,0,0,0,Low,8.451240233538554,kidnap_risk
shyamnagar,wednesday,night,22.3306,89.1028,0.24923737375663277,0.0,0.0,0.24923737375663277,0.0,0.0,0.0,2,0,0,2,0,0,0,Low,8.738560606349491,kidnap_risk
shyamoli,sunday,morning,23.77405872,90.3644076,0.41259596929056214,0.0,0.0,0.0,0.0,0.0,0.41259596929056214,1,0,0,0,0,0,1,Moderate,11.188939539358433,assault_risk
shyamoli,sunday,noon,23.77405872,90.3644076,0.4270283851708812,0.0,0.0,0.0,0.0,0.4270283851708812,0.0,1,0,0,0,0,1,0,Moderate,11.405425777563218,robbery_risk
shyampur,monday,morning,23.698502,90.42949,0.3741287047132486,0.0,0.0,0.3741287047132486,0.0,0.0,0.0,1,0,0,1,0,0,0,Moderate,10.611930570698728,kidnap_risk
shyampur,thursday,evening,23.698502,90.42949,0.3832401652019018,0.3832401652019018,0.0,0.0,0.0,0.0,0.0,1,1,0,0,0,0,0,Moderate,10.748602478028527,murder_risk
shyampur,tuesday,morning,23.698502,90.42949,0.3773292484627095,0.0,0.0,0.0,0.3773292484627095,0.0,0.0,1,0,0,0,1,0,0,Moderate,10.659938726940641,bodyfound_risk
singiar,friday,night,23.8167,90.15,0.1059502367253399,0.0,0.0,0.0,0.0,0.1059502367253399,0.0,1,0,0,0,0,1,0,Very Low,6.589253550880098,robbery_risk
singiar,monday,afternoon,23.8167,90.15,0.11180089535503782,0.0,0.0,0.0,0.11180089535503782,0.0,0.0,1,0,0,0,1,0,0,Very Low,6.677013430325568,bodyfound_risk
singiar,monday,night,23.8167,90.15,0.11680331113388598,0.0,0.0,0.0,0.0,0.11680331113388598,0.0,1,0,0,0,0,1,0,Very Low,6.75204966700829,robbery_risk
singiar,saturday,morning,23.8167,90.15,0.11668513982779115,0.0,0.0,0.0,0.11668513982779115,0.0,0.0,1,0,0,0,1,0,0,Very Low,6.750277097416867,bodyfound_risk
singiar,saturday,night,23.8167,90.15000000000002,0.1735196309421331,0.11567975396142206,0.0,0.0,0.0,0.0,0.05783987698071103,3,2,0,0,0,0,1,Very Low,7.602794464131996,murder_risk
singiar,sunday,morning,23.8167,90.15,0.11399678157902254,0.0,0.0,0.11399678157902254,0.0,0.0,0.0,1,0,0,1,0,0,0,Very Low,6.709951723685338,kidnap_risk
singiar,sunday,night,23.8167,90.15,0.15320848738790394,0.07660424369395197,0.07660424369395197,0.0,0.0,0.0,0.0,2,1,1,0,0,0,0,Very Low,7.298127310818559,murder_risk
singiar,thursday,morning,23.8167,90.15000000000002,0.16690720885221932,0.0,0.0,0.0556357362840731,0.1112714725681462,0.0,0.0,3,0,0,1,2,0,0,Very Low,7.50360813278329,bodyfound_risk
singiar,thursday,night,23.8167,90.15,0.11439859377673262,0.0,0.0,0.0,0.0,0.0,0.11439859377673262,1,0,0,0,0,0,1,Very Low,6.715978906650989,assault_risk
singiar,wednesday,morning,23.8167,90.15,0.12128693012619654,0.0,0.0,0.12128693012619654,0.0,0.0,0.0,1,0,0,1,0,0,0,Very Low,6.819303951892948,kidnap_risk
singiar,wednesday,night,23.8167,90.15,0.12475225284371314,0.0,0.0,0.0,0.0,0.0,0.12475225284371314,1,0,0,0,0,0,1,Very Low,6.8712837926556976,assault_risk
singra,monday,afternoon,24.5,89.13333,0.15811512034256214,0.15811512034256214,0.0,0.0,0.0,0.0,0.0,1,1,0,0,0,0,0,Very Low,7.371726805138432,murder_risk
singra,monday,morning,24.5,89.13333,0.17475824552133284,0.0,0.0,0.0,0.17475824552133284,0.0,0.0,1,0,0,0,1,0,0,Very Low,7.621373682819993,bodyfound_risk
singra,sunday,morning,24.5,89.13333,0.1637727014999154,0.0,0.0,0.0,0.1637727014999154,0.0,0.0,1,0,0,0,1,0,0,Very Low,7.456590522498731,bodyfound_risk
singra,sunday,noon,24.5,89.13333,0.15222797536738109,0.0,0.0,0.0,0.0,0.0,0.15222797536738109,1,0,0,0,0,0,1,Very Low,7.283419630510716,assault_risk
singra,tuesday,morning,24.5,89.13333,0.17056647201791014,0.0,0.17056647201791014,0.0,0.0,0.0,0.0,1,0,1,0,0,0,0,Very Low,7.558497080268652,rape_risk
sir salimullah medical college,sunday,night,23.881433,90.2683015,0.582418642318462,0.0,0.0,0.0,0.582418642318462,0.0,0.0,1,0,0,0,1,0,0,High,13.73627963477693,bodyfound_risk
sirajdikhan,monday,night,23.5667,90.3833,0.21265286366682346,0.0,0.07088428788894115,0.0,0.07088428788894115,0.07088428788894115,0.0,3,0,1,0,1,1,0,Low,8.189792955002352,rape_risk
sirajdikhan,sunday,morning,23.5667,90.3833,0.178937350429174,0.0,0.178937350429174,0.0,0.0,0.0,0.0,2,0,2,0,0,0,0,Very Low,7.6840602564376095,rape_risk
sirajdikhan,tuesday,night,23.5667,90.3833,0.21092604880389174,0.07030868293463058,0.0,0.0,0.0,0.07030868293463058,0.07030868293463058,3,1,0,0,0,1,1,Low,8.163890732058377,murder_risk
sirajdikhan,wednesday,morning,23.5667,90.3833,0.16960240776246277,0.0,0.0,0.08480120388123139,0.08480120388123139,0.0,0.0,2,0,0,1,1,0,0,Very Low,7.544036116436942,kidnap_risk
sirajganj,thursday,morning,24.4583,89.7,0.2655341429415732,0.0,0.0,0.0,0.2655341429415732,0.0,0.0,1,0,0,0,1,0,0,Low,8.983012144123599,bodyfound_risk
sirajganj,wednesday,morning,24.4583,89.7,0.25324693593272934,0.0,0.0,0.0,0.25324693593272934,0.0,0.0,1,0,0,0,1,0,0,Low,8.798704038990941,bodyfound_risk
sirajganj sadar,friday,morning,24.4583,89.7,0.15323149307406936,0.07661574653703468,0.0,0.0,0.07661574653703468,0.0,0.0,2,1,0,0,1,0,0,Very Low,7.29847239611104,murder_risk
sirajganj sadar,friday,noon,24.4583,89.7,0.12398981106489834,0.0,0.0,0.12398981106489834,0.0,0.0,0.0,1,0,0,1,0,0,0,Very Low,6.859847165973475,kidnap_risk
sirajganj sadar,monday,evening,24.4583,89.7,0.12495637988406064,0.0,0.0,0.0,0.0,0.0,0.12495637988406064,1,0,0,0,0,0,1,Very Low,6.8743456982609095,assault_risk
sirajganj sadar,monday,night,24.4583,89.7,0.13098939833049822,0.0,0.13098939833049822,0.0,0.0,0.0,0.0,1,0,1,0,0,0,0,Very Low,6.964840974957474,rape_risk
sirajganj sadar,monday,noon,24.4583,89.7,0.12823949626222286,0.12823949626222286,0.0,0.0,0.0,0.0,0.0,1,1,0,0,0,0,0,Very Low,6.923592443933343,murder_risk
sirajganj sadar,saturday,afternoon,24.4583,89.7,0.12952346439314869,0.12952346439314869,0.0,0.0,0.0,0.0,0.0,1,1,0,0,0,0,0,Very Low,6.94285196589723,murder_risk
sirajganj sadar,saturday,night,24.4583,89.7,0.14929582724118795,0.0,0.07464791362059398,0.0,0.0,0.0,0.07464791362059398,2,0,1,0,0,0,1,Very Low,7.239437408617819,rape_risk
sirajganj sadar,sunday,night,24.458299999999998,89.7,0.19783859105992108,0.19783859105992108,0.0,0.0,0.0,0.0,0.0,3,3,0,0,0,0,0,Very Low,7.967578865898816,murder_risk
sirajganj sadar,thursday,morning,24.4583,89.7,0.13896616183059857,0.0,0.0,0.0,0.13896616183059857,0.0,0.0,1,0,0,0,1,0,0,Very Low,7.0844924274589784,bodyfound_risk
sirajganj sadar,thursday,night,24.4583,89.7,0.13865624830771256,0.0,0.0,0.0,0.0,0.13865624830771256,0.0,1,0,0,0,0,1,0,Very Low,7.079843724615689,robbery_risk
sirajganj sadar,tuesday,afternoon,24.4583,89.7,0.13803339870319875,0.0,0.0,0.0,0.0,0.0,0.13803339870319875,1,0,0,0,0,0,1,Very Low,7.0705009805479815,assault_risk
sirajganj sadar,tuesday,evening,24.4583,89.7,0.1351525523125498,0.1351525523125498,0.0,0.0,0.0,0.0,0.0,1,1,0,0,0,0,0,Very Low,7.027288284688247,murder_risk
sirajganj sadar,tuesday,night,24.4583,89.7,0.13788471607188493,0.13788471607188493,0.0,0.0,0.0,0.0,0.0,1,1,0,0,0,0,0,Very Low,7.068270741078274,murder_risk
sirajganj sadar,tuesday,noon,24.4583,89.7,0.13985355491400142,0.0,0.0,0.0,0.13985355491400142,0.0,0.0,1,0,0,0,1,0,0,Very Low,7.097803323710021,bodyfound_risk
sirajganj sadar,wednesday,morning,24.4583,89.7,0.13319885816040852,0.13319885816040852,0.0,0.0,0.0,0.0,0.0,1,1,0,0,0,0,0,Very Low,6.997982872406128,murder_risk
sirajganj sadar,wednesday,night,24.4583,89.7,0.1362023525765673,0.0,0.1362023525765673,0.0,0.0,0.0,0.0,1,0,1,0,0,0,0,Very Low,7.043035288648509,rape_risk
sirajganj sadar,wednesday,noon,24.4583,89.7,0.12832054079235855,0.12832054079235855,0.0,0.0,0.0,0.0,0.0,1,1,0,0,0,0,0,Very Low,6.924808111885378,murder_risk
sitakunda,friday,morning,22.359626,91.8301695,0.15665035372780184,0.03916258843195046,0.0,0.0,0.07832517686390092,0.0,0.03916258843195046,4,1,0,0,2,0,1,Very Low,7.349755305917028,bodyfound_risk
sitakunda,friday,night,22.359626,91.8301695,0.12257532987338654,0.12257532987338654,0.0,0.0,0.0,0.0,0.0,1,1,0,0,0,0,0,Very Low,6.838629948100798,murder_risk
sitakunda,friday,noon,22.359626,91.8301695,0.1027705744257109,0.0,0.0,0.0,0.1027705744257109,0.0,0.0,1,0,0,0,1,0,0,Very Low,6.541558616385664,bodyfound_risk
sitakunda,monday,afternoon,22.359626,91.8301695,0.10619186206871717,0.10619186206871717,0.0,0.0,0.0,0.0,0.0,1,1,0,0,0,0,0,Very Low,6.592877931030758,murder_risk
sitakunda,monday,morning,22.359626,91.8301695,0.11643946126322821,0.0,0.0,0.0,0.058219730631614106,0.058219730631614106,0.0,2,0,0,0,1,1,0,Very Low,6.746591918948424,bodyfound_risk
sitakunda,monday,night,22.359626,91.8301695,0.11611332869327685,0.0,0.0,0.0,0.0,0.11611332869327685,0.0,2,0,0,0,0,2,0,Very Low,6.741699930399153,robbery_risk
sitakunda,monday,noon,22.359626,91.8301695,0.1196799488586318,0.0,0.0,0.0598399744293159,0.0598399744293159,0.0,0.0,2,0,0,1,1,0,0,Very Low,6.795199232879477,kidnap_risk
sitakunda,saturday,morning,22.359626000000002,91.8301695,0.14261543194966336,0.0,0.0,0.0,0.14261543194966336,0.0,0.0,3,0,0,0,3,0,0,Very Low,7.13923147924495,bodyfound_risk
sitakunda,saturday,night,22.359626,91.8301695,0.11164640370023342,0.11164640370023342,0.0,0.0,0.0,0.0,0.0,1,1,0,0,0,0,0,Very Low,6.674696055503501,murder_risk
sitakunda,sunday,morning,22.359626,91.8301695,0.1629524128500227,0.0,0.0,0.0,0.1629524128500227,0.0,0.0,4,0,0,0,4,0,0,Very Low,7.44428619275034,bodyfound_risk
sitakunda,sunday,night,22.359626,91.8301695,0.1148148380411194,0.0,0.0,0.0,0.0,0.1148148380411194,0.0,2,0,0,0,0,2,0,Very Low,6.7222225706167915,robbery_risk
sitakunda,thursday,morning,22.359626,91.8301695,0.11554240810591238,0.0,0.0,0.0,0.11554240810591238,0.0,0.0,1,0,0,0,1,0,0,Very Low,6.733136121588686,bodyfound_risk
sitakunda,thursday,night,22.359626000000002,91.8301695,0.13319241488078082,0.044397471626926935,0.0,0.0,0.0,0.044397471626926935,0.044397471626926935,3,1,0,0,0,1,1,Very Low,6.9978862232117125,murder_risk
sitakunda,thursday,noon,22.359626,91.8301695,0.1026509155813873,0.0,0.0,0.0,0.1026509155813873,0.0,0.0,1,0,0,0,1,0,0,Very Low,6.539763733720809,bodyfound_risk
sitakunda,tuesday,afternoon,22.359626,91.8301695,0.09479663546126803,0.0,0.0,0.0,0.09479663546126803,0.0,0.0,1,0,0,0,1,0,0,Very Low,6.4219495319190205,bodyfound_risk
sitakunda,tuesday,morning,22.359626,91.8301695,0.10299716677371853,0.0,0.0,0.05149858338685927,0.05149858338685927,0.0,0.0,2,0,0,1,1,0,0,Very Low,6.5449575016057775,kidnap_risk
sitakunda,tuesday,night,22.359626,91.8301695,0.16884160328963624,0.08442080164481812,0.04221040082240906,0.0,0.0,0.04221040082240906,0.0,4,2,1,0,0,1,0,Very Low,7.532624049344544,murder_risk
sitakunda,wednesday,morning,22.359626000000002,91.8301695,0.14641222309521895,0.0,0.0,0.09760814873014596,0.04880407436507298,0.0,0.0,3,0,0,2,1,0,0,Very Low,7.196183346428285,kidnap_risk
sitakunda,wednesday,night,22.359626,91.8301695,0.13209543172313132,0.13209543172313132,0.0,0.0,0.0,0.0,0.0,2,2,0,0,0,0,0,Very Low,6.9814314758469695,murder_risk
sitakunda,wednesday,noon,22.359626,91.8301695,0.09475301555015972,0.0,0.0,0.0,0.09475301555015972,0.0,0.0,1,0,0,0,1,0,0,Very Low,6.421295233252396,bodyfound_risk
sobujbagh,thursday,night,23.733251,90.442769,0.5814307375644531,0.0,0.5814307375644531,0.0,0.0,0.0,0.0,1,0,1,0,0,0,0,High,13.721461063466796,rape_risk
sonagazi,sunday,evening,22.85,91.3917,0.2073845623388828,0.2073845623388828,0.0,0.0,0.0,0.0,0.0,1,1,0,0,0,0,0,Low,8.110768435083243,murder_risk
sonagazi,sunday,night,22.85,91.3917,0.305699958063809,0.1528499790319045,0.0,0.0,0.0,0.0,0.1528499790319045,2,1,0,0,0,0,1,Low,9.585499370957134,murder_risk
sonaimori,friday,morning,23.03833,91.10833,0.1356446415739423,0.0,0.0,0.0,0.1356446415739423,0.0,0.0,1,0,0,0,1,0,0,Very Low,7.034669623609134,bodyfound_risk
sonaimori,friday,night,23.03833,91.10833,0.1498798118806235,0.1498798118806235,0.0,0.0,0.0,0.0,0.0,1,1,0,0,0,0,0,Very Low,7.248197178209352,murder_risk
sonaimori,saturday,night,23.03833,91.10833,0.12603183460870876,0.0,0.0,0.0,0.0,0.0,0.12603183460870876,1,0,0,0,0,0,1,Very Low,6.890477519130632,assault_risk
sonaimori,sunday,morning,23.03833,91.10833,0.13103070761778307,0.0,0.0,0.13103070761778307,0.0,0.0,0.0,1,0,0,1,0,0,0,Very Low,6.965460614266746,kidnap_risk
sonaimori,thursday,morning,23.03833,91.10833,0.13821945984211736,0.0,0.0,0.0,0.13821945984211736,0.0,0.0,1,0,0,0,1,0,0,Very Low,7.07329189763176,bodyfound_risk
sonaimori,thursday,night,23.03833,91.10833,0.14832401410558047,0.0,0.14832401410558047,0.0,0.0,0.0,0.0,1,0,1,0,0,0,0,Very Low,7.224860211583707,rape_risk
sonaimori,thursday,noon,23.03833,91.10833,0.1329458374269209,0.0,0.1329458374269209,0.0,0.0,0.0,0.0,1,0,1,0,0,0,0,Very Low,6.994187561403813,rape_risk
sonaimori,wednesday,evening,23.03833,91.10833,0.11646910078224218,0.11646910078224218,0.0,0.0,0.0,0.0,0.0,1,1,0,0,0,0,0,Very Low,6.747036511733633,murder_risk
sonaimori,wednesday,night,23.03833,91.10833,0.13608319728113216,0.13608319728113216,0.0,0.0,0.0,0.0,0.0,1,1,0,0,0,0,0,Very Low,7.0412479592169825,murder_risk
sonargaon,friday,night,23.6583,90.6083,0.14392086542920296,0.0,0.07196043271460148,0.0,0.07196043271460148,0.0,0.0,2,0,1,0,1,0,0,Very Low,7.158812981438045,rape_risk
sonargaon,monday,evening,23.6583,90.6083,0.1237086172123345,0.0,0.1237086172123345,0.0,0.0,0.0,0.0,1,0,1,0,0,0,0,Very Low,6.855629258185018,rape_risk
sonargaon,monday,night,23.6583,90.6083,0.1354717674773824,0.0,0.1354717674773824,0.0,0.0,0.0,0.0,1,0,1,0,0,0,0,Very Low,7.032076512160736,rape_risk
sonargaon,saturday,night,23.6583,90.6083,0.14410336424101503,0.0,0.0,0.0,0.07205168212050751,0.0,0.07205168212050751,2,0,0,0,1,0,1,Very Low,7.161550463615225,bodyfound_risk
sonargaon,saturday,noon,23.6583,90.6083,0.1239119201857371,0.0,0.0,0.0,0.1239119201857371,0.0,0.0,1,0,0,0,1,0,0,Very Low,6.858678802786057,bodyfound_risk
sonargaon,sunday,morning,23.6583,90.6083,0.1961935369856379,0.1307956913237586,0.0653978456618793,0.0,0.0,0.0,0.0,3,2,1,0,0,0,0,Very Low,7.942903054784569,murder_risk
sonargaon,sunday,night,23.6583,90.6083,0.11755192827154881,0.0,0.0,0.0,0.0,0.0,0.11755192827154881,1,0,0,0,0,0,1,Very Low,6.763278924073232,assault_risk
sonargaon,thursday,morning,23.6583,90.6083,0.11312201973090771,0.0,0.0,0.0,0.11312201973090771,0.0,0.0,1,0,0,0,1,0,0,Very Low,6.696830295963616,bodyfound_risk
sonargaon,thursday,night,23.6583,90.6083,0.152042780263713,0.0,0.0,0.0760213901318565,0.0760213901318565,0.0,0.0,2,0,0,1,1,0,0,Very Low,7.280641703955695,kidnap_risk
sonargaon,wednesday,night,23.6583,90.6083,0.1588354486997482,0.0794177243498741,0.0,0.0,0.0,0.0,0.0794177243498741,2,1,0,0,0,0,1,Very Low,7.382531730496223,murder_risk
sonatala,monday,morning,25.0333,89.4917,0.175522268142546,0.0,0.0,0.175522268142546,0.0,0.0,0.0,1,0,0,1,0,0,0,Very Low,7.632834022138191,kidnap_risk
sonatala,sunday,night,25.0333,89.4917,0.25021899348674337,0.25021899348674337,0.0,0.0,0.0,0.0,0.0,2,2,0,0,0,0,0,Low,8.75328490230115,murder_risk
sonatala,wednesday,noon,25.0333,89.4917,0.17078084425964596,0.0,0.17078084425964596,0.0,0.0,0.0,0.0,1,0,1,0,0,0,0,Very Low,7.561712663894689,rape_risk
south sunamganj,saturday,evening,24.93951,91.41359,0.39107089627167835,0.0,0.39107089627167835,0.0,0.0,0.0,0.0,1,0,1,0,0,0,0,Moderate,10.866063444075175,rape_risk
sreebordi,friday,night,25.15,89.90056,0.15378682722508513,0.0,0.15378682722508513,0.0,0.0,0.0,0.0,1,0,1,0,0,0,0,Very Low,7.306802408376277,rape_risk
sreebordi,saturday,afternoon,25.15,89.90056,0.14779996426619352,0.0,0.0,0.0,0.14779996426619352,0.0,0.0,1,0,0,0,1,0,0,Very Low,7.216999463992902,bodyfound_risk
sreebordi,saturday,night,25.15,89.90056,0.15404344642933623,0.0,0.15404344642933623,0.0,0.0,0.0,0.0,1,0,1,0,0,0,0,Very Low,7.310651696440043,rape_risk
sreebordi,thursday,night,25.15,89.90056,0.1515479314729232,0.0,0.1515479314729232,0.0,0.0,0.0,0.0,1,0,1,0,0,0,0,Very Low,7.273218972093848,rape_risk
sreebordi,wednesday,night,25.15,89.90056,0.156984483707728,0.0,0.156984483707728,0.0,0.0,0.0,0.0,1,0,1,0,0,0,0,Very Low,7.35476725561592,rape_risk
sreebordi,wednesday,noon,25.15,89.90056,0.15802355557480746,0.0,0.15802355557480746,0.0,0.0,0.0,0.0,1,0,1,0,0,0,0,Very Low,7.370353333622112,rape_risk
sreemangal,friday,morning,24.3083,91.7333,0.16634434537512455,0.0,0.0,0.0,0.11089623025008302,0.05544811512504151,0.0,3,0,0,0,2,1,0,Very Low,7.495165180626868,bodyfound_risk
sreemangal,friday,night,24.3083,91.7333,0.14938570907051504,0.0,0.07469285453525752,0.07469285453525752,0.0,0.0,0.0,2,0,1,1,0,0,0,Very Low,7.240785636057726,rape_risk
sreemangal,monday,evening,24.3083,91.7333,0.09604461362773933,0.0,0.0,0.0,0.0,0.0,0.09604461362773933,1,0,0,0,0,0,1,Very Low,6.44066920441609,assault_risk
sreemangal,monday,night,24.3083,91.7333,0.11684527402405115,0.0,0.11684527402405115,0.0,0.0,0.0,0.0,1,0,1,0,0,0,0,Very Low,6.752679110360767,rape_risk
sreemangal,saturday,morning,24.3083,91.7333,0.10160504886571212,0.10160504886571212,0.0,0.0,0.0,0.0,0.0,1,1,0,0,0,0,0,Very Low,6.524075732985682,murder_risk
sreemangal,thursday,morning,24.3083,91.7333,0.12037221556938685,0.0,0.0,0.12037221556938685,0.0,0.0,0.0,1,0,0,1,0,0,0,Very Low,6.805583233540803,kidnap_risk
sreemangal,thursday,night,24.3083,91.7333,0.10882639752638346,0.0,0.0,0.0,0.0,0.0,0.10882639752638346,1,0,0,0,0,0,1,Very Low,6.632395962895751,assault_risk
sreemangal,tuesday,noon,24.3083,91.7333,0.1279817354259189,0.0,0.0,0.0,0.0,0.0,0.1279817354259189,1,0,0,0,0,0,1,Very Low,6.919726031388784,assault_risk
sreemangal,wednesday,evening,24.3083,91.7333,0.15394802926954737,0.0,0.15394802926954737,0.0,0.0,0.0,0.0,2,0,2,0,0,0,0,Very Low,7.3092204390432105,rape_risk
sreemangal,wednesday,night,24.3083,91.7333,0.12448123101037048,0.12448123101037048,0.0,0.0,0.0,0.0,0.0,1,1,0,0,0,0,0,Very Low,6.867218465155557,murder_risk
sreenagar,monday,night,23.5361,90.2917,0.1670550038404724,0.0,0.0,0.0,0.0,0.1670550038404724,0.0,1,0,0,0,0,1,0,Very Low,7.505825057607086,robbery_risk
sreenagar,saturday,noon,23.5361,90.2917,0.18528109667819967,0.0,0.0,0.18528109667819967,0.0,0.0,0.0,1,0,0,1,0,0,0,Very Low,7.779216450172996,kidnap_risk
sreenagar,thursday,night,23.5361,90.2917,0.1687840446413393,0.0,0.0,0.0,0.0,0.1687840446413393,0.0,1,0,0,0,0,1,0,Very Low,7.531760669620089,robbery_risk
sreenagar,wednesday,morning,23.5361,90.2917,0.16454263565042954,0.0,0.0,0.0,0.16454263565042954,0.0,0.0,1,0,0,0,1,0,0,Very Low,7.4681395347564425,bodyfound_risk
sreepur,friday,afternoon,24.2,90.4667,0.11291646860627819,0.0,0.0,0.0,0.0,0.0,0.11291646860627819,1,0,0,0,0,0,1,Very Low,6.6937470290941725,assault_risk
sreepur,friday,evening,23.6,89.3875,0.09915266841169648,0.0,0.0,0.0,0.0,0.0,0.09915266841169648,1,0,0,0,0,0,1,Very Low,6.487290026175447,assault_risk
sreepur,friday,morning,24.0,90.10696666666666,0.15163128865153286,0.0,0.05054376288384428,0.0,0.0,0.0,0.10108752576768856,3,0,1,0,0,0,2,Very Low,7.274469329772993,assault_risk
sreepur,friday,night,24.2,90.4667,0.14627575577114021,0.0,0.0,0.04875858525704674,0.0,0.04875858525704674,0.04875858525704674,3,0,0,1,0,1,1,Very Low,7.194136336567103,kidnap_risk
sreepur,monday,morning,24.2,90.4667,0.12543480933311651,0.0,0.0,0.0,0.12543480933311651,0.0,0.0,1,0,0,0,1,0,0,Very Low,6.881522139996748,bodyfound_risk
sreepur,monday,night,24.2,90.4667,0.18369742499837555,0.0,0.07347896999935022,0.0,0.03673948499967511,0.03673948499967511,0.03673948499967511,5,0,2,0,1,1,1,Very Low,7.755461374975633,rape_risk
sreepur,saturday,evening,24.2,90.4667,0.12216110841094419,0.0,0.12216110841094419,0.0,0.0,0.0,0.0,1,0,1,0,0,0,0,Very Low,6.832416626164163,rape_risk
sreepur,saturday,night,24.080000000000002,90.25086,0.19518799562908135,0.03903759912581627,0.03903759912581627,0.0,0.07807519825163255,0.0,0.03903759912581627,5,1,1,0,2,0,1,Very Low,7.92781993443622,bodyfound_risk
sreepur,sunday,morning,24.2,90.4667,0.1081070005146349,0.0,0.0,0.0,0.0,0.1081070005146349,0.0,1,0,0,0,0,1,0,Very Low,6.621605007719523,robbery_risk
sreepur,sunday,night,24.2,90.4667,0.13034593827668922,0.0,0.0,0.0,0.0,0.06517296913834461,0.06517296913834461,2,0,0,0,0,1,1,Very Low,6.955189074150338,robbery_risk
sreepur,thursday,morning,24.2,90.4667,0.11671762553973505,0.0,0.0,0.0,0.11671762553973505,0.0,0.0,1,0,0,0,1,0,0,Very Low,6.750764383096026,bodyfound_risk
sreepur,thursday,night,24.2,90.4667,0.1332855228889131,0.06664276144445655,0.0,0.0,0.0,0.0,0.06664276144445655,2,1,0,0,0,0,1,Very Low,6.999282843333696,murder_risk
sreepur,tuesday,morning,24.2,90.4667,0.1116468632239916,0.1116468632239916,0.0,0.0,0.0,0.0,0.0,1,1,0,0,0,0,0,Very Low,6.674702948359874,murder_risk
sreepur,tuesday,night,24.099999999999998,90.28683333333333,0.22321928314589679,0.0,0.14881285543059786,0.037203213857649464,0.037203213857649464,0.0,0.0,6,0,4,1,1,0,0,Low,8.348289247188452,rape_risk
sreepur,wednesday,evening,24.2,90.4667,0.1142481059021992,0.0,0.0,0.0,0.1142481059021992,0.0,0.0,1,0,0,0,1,0,0,Very Low,6.713721588532988,bodyfound_risk
sreepur,wednesday,morning,24.2,90.4667,0.11114813114384141,0.0,0.0,0.0,0.11114813114384141,0.0,0.0,1,0,0,0,1,0,0,Very Low,6.667221967157621,bodyfound_risk
sreepur,wednesday,night,24.2,90.4667,0.2510587978038288,0.0,0.0627646994509572,0.0627646994509572,0.0627646994509572,0.0313823497254786,0.0313823497254786,8,0,2,2,2,1,1,Low,8.765881967057432,rape_risk
subarnachar,friday,night,22.6833,91.11,0.11420905958814656,0.0,0.0,0.0,0.11420905958814656,0.0,0.0,1,0,0,0,1,0,0,Very Low,6.713135893822198,bodyfound_risk
subarnachar,monday,morning,22.6833,91.11,0.11547474370145092,0.0,0.11547474370145092,0.0,0.0,0.0,0.0,1,0,1,0,0,0,0,Very Low,6.732121155521764,rape_risk
subarnachar,monday,night,22.6833,91.11,0.11227144015070187,0.0,0.0,0.0,0.0,0.0,0.11227144015070187,1,0,0,0,0,0,1,Very Low,6.684071602260528,assault_risk
subarnachar,saturday,night,22.6833,91.11,0.2278283566300176,0.0569570891575044,0.0569570891575044,0.1139141783150088,0.0,0.0,0.0,4,1,1,2,0,0,0,Low,8.417425349450264,kidnap_risk
subarnachar,sunday,night,22.6833,91.11,0.15019945406796986,0.0,0.15019945406796986,0.0,0.0,0.0,0.0,2,0,2,0,0,0,0,Very Low,7.252991811019548,rape_risk
subarnachar,thursday,morning,22.6833,91.11,0.12823794329332244,0.0,0.0,0.0,0.12823794329332244,0.0,0.0,1,0,0,0,1,0,0,Very Low,6.923569149399837,bodyfound_risk
subarnachar,thursday,night,22.6833,91.11,0.1471921132582691,0.0,0.07359605662913456,0.0,0.0,0.0,0.07359605662913456,2,0,1,0,0,0,1,Very Low,7.207881698874036,rape_risk
subarnachar,tuesday,night,22.6833,91.11,0.11432136166204178,0.0,0.11432136166204178,0.0,0.0,0.0,0.0,1,0,1,0,0,0,0,Very Low,6.714820424930627,rape_risk
subarnachar,wednesday,night,22.6833,91.11,0.12427452271984155,0.0,0.12427452271984155,0.0,0.0,0.0,0.0,1,0,1,0,0,0,0,Very Low,6.864117840797623,rape_risk
suhrawardy udyan,thursday,noon,23.734028,90.397321,0.574619761252771,0.0,0.0,0.0,0.0,0.0,0.574619761252771,1,0,0,0,0,0,1,High,13.619296418791565,assault_risk
sujanagar,monday,evening,23.9167,89.4333,0.10947187643743131,0.0,0.0,0.0,0.0,0.10947187643743131,0.0,1,0,0,0,0,1,0,Very Low,6.642078146561469,robbery_risk
sujanagar,monday,night,23.9167,89.4333,0.11838087924666967,0.11838087924666967,0.0,0.0,0.0,0.0,0.0,1,1,0,0,0,0,0,Very Low,6.7757131887000455,murder_risk
sujanagar,sunday,morning,23.9167,89.4333,0.15380339279521935,0.0,0.15380339279521935,0.0,0.0,0.0,0.0,2,0,2,0,0,0,0,Very Low,7.30705089192829,rape_risk
sujanagar,sunday,night,23.9167,89.4333,0.151781161456786,0.075890580728393,0.075890580728393,0.0,0.0,0.0,0.0,2,1,1,0,0,0,0,Very Low,7.2767174218517905,murder_risk
sujanagar,thursday,night,23.9167,89.4333,0.21217678899579795,0.05304419724894949,0.10608839449789897,0.0,0.05304419724894949,0.0,0.0,4,1,2,0,1,0,0,Low,8.18265183493697,rape_risk
sujanagar,tuesday,afternoon,23.9167,89.4333,0.11046924702780393,0.0,0.0,0.0,0.0,0.0,0.11046924702780393,1,0,0,0,0,0,1,Very Low,6.657038705417059,assault_risk
sujanagar,tuesday,night,23.9167,89.4333,0.161132465919674,0.161132465919674,0.0,0.0,0.0,0.0,0.0,2,2,0,0,0,0,0,Very Low,7.41698698879511,murder_risk
sujanagar,wednesday,morning,23.9167,89.4333,0.11763668304820446,0.0,0.0,0.0,0.11763668304820446,0.0,0.0,1,0,0,0,1,0,0,Very Low,6.764550245723067,bodyfound_risk
sujanagar,wednesday,night,23.9167,89.4333,0.12609199925603687,0.12609199925603687,0.0,0.0,0.0,0.0,0.0,1,1,0,0,0,0,0,Very Low,6.891379988840553,murder_risk
sunamganj sadar,friday,night,25.06667,91.4,0.11844592435957477,0.11844592435957477,0.0,0.0,0.0,0.0,0.0,1,1,0,0,0,0,0,Very Low,6.776688865393622,murder_risk
sunamganj sadar,monday,night,25.06667,91.40000000000002,0.18295055219781453,0.0,0.060983517399271506,0.060983517399271506,0.0,0.060983517399271506,0.0,3,0,1,1,0,1,0,Very Low,7.744258282967218,rape_risk
sunamganj sadar,saturday,night,25.06667,91.40000000000002,0.18166357162925806,0.0,0.06055452387641935,0.06055452387641935,0.0,0.0,0.06055452387641935,3,0,1,1,0,0,1,Very Low,7.724953574438871,rape_risk
sunamganj sadar,sunday,night,25.06667,91.4,0.10685466642756085,0.0,0.0,0.0,0.10685466642756085,0.0,0.0,1,0,0,0,1,0,0,Very Low,6.602819996413412,bodyfound_risk
sunamganj sadar,thursday,afternoon,25.06667,91.4,0.11407735945605006,0.0,0.0,0.0,0.0,0.0,0.11407735945605006,1,0,0,0,0,0,1,Very Low,6.711160391840751,assault_risk
sunamganj sadar,thursday,evening,25.06667,91.4,0.11832170541404194,0.11832170541404194,0.0,0.0,0.0,0.0,0.0,1,1,0,0,0,0,0,Very Low,6.774825581210629,murder_risk
sunamganj sadar,thursday,night,25.06667,91.4,0.1251193143128391,0.0,0.1251193143128391,0.0,0.0,0.0,0.0,1,0,1,0,0,0,0,Very Low,6.8767897146925865,rape_risk
sunamganj sadar,tuesday,morning,25.06667,91.4,0.11790881678594592,0.11790881678594592,0.0,0.0,0.0,0.0,0.0,1,1,0,0,0,0,0,Very Low,6.768632251789189,murder_risk
sunamganj sadar,wednesday,night,25.06667,91.4,0.11673522990009386,0.0,0.0,0.11673522990009386,0.0,0.0,0.0,1,0,0,1,0,0,0,Very Low,6.751028448501408,kidnap_risk
sundarganj,friday,morning,25.564360000000004,89.51909,0.23638121907704787,0.0,0.0,0.0,0.0,0.0,0.23638121907704787,3,0,0,0,0,0,3,Low,8.545718286155719,assault_risk
sundarganj,monday,evening,25.56436,89.51909,0.14363711963170467,0.14363711963170467,0.0,0.0,0.0,0.0,0.0,1,1,0,0,0,0,0,Very Low,7.15455679447557,murder_risk
sundarganj,monday,morning,25.56436,89.51909,0.18548408720534487,0.0,0.0,0.0,0.09274204360267244,0.09274204360267244,0.0,2,0,0,0,1,1,0,Very Low,7.782261308080173,bodyfound_risk
sundarganj,sunday,morning,25.56436,89.51909,0.10176557671429817,0.0,0.0,0.10176557671429817,0.0,0.0,0.0,1,0,0,1,0,0,0,Very Low,6.526483650714472,kidnap_risk
sundarganj,wednesday,morning,25.56436,89.51909,0.14051661301112323,0.0,0.0,0.14051661301112323,0.0,0.0,0.0,1,0,0,1,0,0,0,Very Low,7.107749195166848,kidnap_risk
sutrapur,friday,night,23.711414,90.415019,0.43470226705196635,0.43470226705196635,0.0,0.0,0.0,0.0,0.0,1,1,0,0,0,0,0,Moderate,11.520534005779496,murder_risk
sutrapur,tuesday,night,23.711414,90.415019,0.4317336823985693,0.0,0.4317336823985693,0.0,0.0,0.0,0.0,1,0,1,0,0,0,0,Moderate,11.47600523597854,rape_risk
syedpur,saturday,night,25.9417,88.8444,0.1753909245963675,0.0,0.1753909245963675,0.0,0.0,0.0,0.0,1,0,1,0,0,0,0,Very Low,7.630863868945513,rape_risk
syedpur,sunday,morning,25.9417,88.8444,0.17092749324415557,0.0,0.0,0.0,0.17092749324415557,0.0,0.0,1,0,0,0,1,0,0,Very Low,7.563912398662334,bodyfound_risk
syedpur,sunday,night,25.9417,88.8444,0.16937432426002433,0.0,0.16937432426002433,0.0,0.0,0.0,0.0,1,0,1,0,0,0,0,Very Low,7.540614863900364,rape_risk
syedpur,thursday,morning,25.9417,88.8444,0.19160728028191343,0.0,0.0,0.19160728028191343,0.0,0.0,0.0,1,0,0,1,0,0,0,Very Low,7.874109204228701,kidnap_risk
sylhet,monday,morning,24.888242,91.868519,0.39701749240225953,0.0,0.0,0.0,0.39701749240225953,0.0,0.0,1,0,0,0,1,0,0,Moderate,10.955262386033894,bodyfound_risk
sylhet sadar,friday,afternoon,24.888242,91.868519,0.1231413178895526,0.0,0.0,0.0,0.1231413178895526,0.0,0.0,2,0,0,0,2,0,0,Very Low,6.847119768343289,bodyfound_risk
sylhet sadar,friday,morning,24.888242,91.868519,0.11705880926417331,0.0,0.0,0.0,0.058529404632086654,0.0,0.058529404632086654,2,0,0,0,1,0,1,Very Low,6.755882138962599,bodyfound_risk
sylhet sadar,friday,night,24.888242,91.868519,0.19700691350539423,0.05628768957296978,0.0,0.02814384478648489,0.02814384478648489,0.0,0.08443153435945466,7,2,0,1,1,0,3,Very Low,7.955103702580914,assault_risk
sylhet sadar,monday,afternoon,24.888242,91.868519,0.1505892126196578,0.0,0.0,0.0,0.03764730315491445,0.03764730315491445,0.0752946063098289,4,0,0,0,1,1,2,Very Low,7.258838189294867,assault_risk
sylhet sadar,monday,morning,24.888242,91.868519,0.1444422284293807,0.0,0.048147409476460235,0.0,0.048147409476460235,0.0,0.048147409476460235,3,0,1,0,1,0,1,Very Low,7.16663342644071,rape_risk
sylhet sadar,monday,night,24.888242,91.868519,0.1927976735139526,0.0963988367569763,0.0,0.0,0.03213294558565877,0.0,0.06426589117131754,6,3,0,0,1,0,2,Very Low,7.891965102709289,murder_risk
sylhet sadar,saturday,afternoon,24.888242,91.868519,0.10056241534461527,0.0,0.0,0.0,0.10056241534461527,0.0,0.0,1,0,0,0,1,0,0,Very Low,6.508436230169229,bodyfound_risk
sylhet sadar,saturday,evening,24.888242,91.868519,0.138800900538244,0.138800900538244,0.0,0.0,0.0,0.0,0.0,2,2,0,0,0,0,0,Very Low,7.08201350807366,murder_risk
sylhet sadar,saturday,morning,24.888242,91.868519,0.10782962866444702,0.0,0.0,0.0,0.10782962866444702,0.0,0.0,1,0,0,0,1,0,0,Very Low,6.617444429966705,bodyfound_risk
sylhet sadar,saturday,night,24.888242,91.868519,0.11675158974331781,0.0,0.0,0.0,0.11675158974331781,0.0,0.0,1,0,0,0,1,0,0,Very Low,6.751273846149767,bodyfound_risk
sylhet sadar,saturday,noon,24.888242,91.868519,0.11964951191100913,0.0,0.0,0.0,0.0,0.0,0.11964951191100913,2,0,0,0,0,0,2,Very Low,6.794742678665137,assault_risk
sylhet sadar,sunday,afternoon,24.888242,91.868519,0.14084657448517277,0.046948858161724255,0.0,0.0,0.09389771632344851,0.0,0.0,3,1,0,0,2,0,0,Very Low,7.112698617277592,bodyfound_risk
sylhet sadar,sunday,evening,24.888242,91.868519,0.15452323408090313,0.03863080852022578,0.0,0.0,0.0,0.0,0.11589242556067735,4,1,0,0,0,0,3,Very Low,7.317848511213547,assault_risk
sylhet sadar,sunday,morning,24.888242,91.868519,0.1518379209485066,0.0,0.0,0.03795948023712665,0.0759189604742533,0.03795948023712665,0.0,4,0,0,1,2,1,0,Very Low,7.277568814227599,bodyfound_risk
sylhet sadar,sunday,night,24.888242,91.868519,0.19228797740842335,0.02746971105834619,0.05493942211669238,0.02746971105834619,0.0,0.0,0.08240913317503858,7,1,2,1,0,0,3,Very Low,7.88431966112635,assault_risk
sylhet sadar,sunday,noon,24.888242,91.868519,0.12438424394530692,0.0,0.0,0.0,0.04146141464843564,0.04146141464843564,0.04146141464843564,3,0,0,0,1,1,1,Very Low,6.865763659179604,bodyfound_risk
sylhet sadar,thursday,evening,24.888242,91.868519,0.12221233090697642,0.06110616545348821,0.0,0.0,0.06110616545348821,0.0,0.0,2,1,0,0,1,0,0,Very Low,6.833184963604646,murder_risk
sylhet sadar,thursday,morning,24.888242,91.868519,0.15614403711523558,0.0,0.0,0.0,0.03122880742304712,0.03122880742304712,0.09368642226914135,5,0,0,0,1,1,3,Very Low,7.342160556728533,assault_risk
sylhet sadar,thursday,night,24.888242,91.868519,0.16158751930458704,0.0,0.026931253217431173,0.0,0.0,0.026931253217431173,0.10772501286972469,6,0,1,0,0,1,4,Very Low,7.423812789568806,assault_risk
sylhet sadar,thursday,noon,24.888242,91.868519,0.12858305230289763,0.0,0.0,0.0,0.04286101743429921,0.04286101743429921,0.04286101743429921,3,0,0,0,1,1,1,Very Low,6.928745784543464,bodyfound_risk
sylhet sadar,tuesday,afternoon,24.888242,91.868519,0.11224914976347529,0.0,0.0,0.0,0.11224914976347529,0.0,0.0,1,0,0,0,1,0,0,Very Low,6.68373724645213,bodyfound_risk
sylhet sadar,tuesday,evening,24.888242,91.868519,0.1555462684095719,0.03110925368191438,0.0,0.0,0.03110925368191438,0.0,0.09332776104574313,5,1,0,0,1,0,3,Very Low,7.333194026143579,assault_risk
sylhet sadar,tuesday,morning,24.888242,91.868519,0.15568992494228617,0.0,0.0,0.05189664164742872,0.10379328329485744,0.0,0.0,3,0,0,1,2,0,0,Very Low,7.335348874134293,bodyfound_risk
sylhet sadar,tuesday,night,24.888242,91.868519,0.1685014743696415,0.0337002948739283,0.0337002948739283,0.0,0.0,0.0,0.10110088462178489,5,1,1,0,0,0,3,Very Low,7.527522115544622,assault_risk
sylhet sadar,tuesday,noon,24.888242,91.868519,0.10577506186962274,0.0,0.0,0.0,0.0,0.0,0.10577506186962274,1,0,0,0,0,0,1,Very Low,6.5866259280443415,assault_risk
sylhet sadar,wednesday,afternoon,24.888242,91.868519,0.12019968965820894,0.12019968965820894,0.0,0.0,0.0,0.0,0.0,1,1,0,0,0,0,0,Very Low,6.802995344873134,murder_risk
sylhet sadar,wednesday,evening,24.888242,91.868519,0.0917695151708085,0.0,0.0,0.0,0.0,0.0917695151708085,0.0,1,0,0,0,0,1,0,Very Low,6.376542727562128,robbery_risk
sylhet sadar,wednesday,morning,24.888242,91.868519,0.1330395126269533,0.0,0.0,0.0,0.04434650420898443,0.0,0.08869300841796886,3,0,0,0,1,0,2,Very Low,6.995592689404299,assault_risk
sylhet sadar,wednesday,night,24.888242,91.868519,0.21238550361218816,0.05309637590304704,0.0,0.02654818795152352,0.0,0.07964456385457055,0.05309637590304704,8,2,0,1,0,3,2,Low,8.185782554182822,robbery_risk
t and t colony,monday,night,23.73503,90.4194,0.5846473759399553,0.0,0.0,0.0,0.5846473759399553,0.0,0.0,1,0,0,0,1,0,0,High,13.76971063909933,bodyfound_risk
tahirpur,monday,afternoon,25.0917,91.175,0.2343366614421422,0.0,0.0,0.0,0.0,0.0,0.2343366614421422,1,0,0,0,0,0,1,Low,8.515049921632134,assault_risk
tahirpur,tuesday,afternoon,25.0917,91.175,0.23800896876270244,0.0,0.23800896876270244,0.0,0.0,0.0,0.0,1,0,1,0,0,0,0,Low,8.570134531440537,rape_risk
tala,friday,evening,22.75,89.25,0.14196019404053797,0.0,0.14196019404053797,0.0,0.0,0.0,0.0,1,0,1,0,0,0,0,Very Low,7.12940291060807,rape_risk
tala,friday,morning,22.75,89.25,0.17718985396463502,0.0,0.0,0.0,0.17718985396463502,0.0,0.0,2,0,0,0,2,0,0,Very Low,7.6578478094695255,bodyfound_risk
tala,saturday,evening,22.75,89.25,0.14163583851005412,0.0,0.14163583851005412,0.0,0.0,0.0,0.0,1,0,1,0,0,0,0,Very Low,7.124537577650812,rape_risk
tala,saturday,night,22.75,89.25,0.1476679211681607,0.0,0.1476679211681607,0.0,0.0,0.0,0.0,1,0,1,0,0,0,0,Very Low,7.21501881752241,rape_risk
tala,sunday,night,22.75,89.25,0.14448068626743243,0.14448068626743243,0.0,0.0,0.0,0.0,0.0,1,1,0,0,0,0,0,Very Low,7.167210294011486,murder_risk
tala,thursday,morning,22.75,89.25,0.1368787083569138,0.0,0.0,0.0,0.0,0.1368787083569138,0.0,1,0,0,0,0,1,0,Very Low,7.053180625353707,robbery_risk
tala,tuesday,night,22.75,89.25,0.17122663882295808,0.0,0.0,0.0,0.08561331941147904,0.08561331941147904,0.0,2,0,0,0,1,1,0,Very Low,7.568399582344371,bodyfound_risk
tala,wednesday,morning,22.75,89.25,0.1366146168601624,0.0,0.0,0.0,0.0,0.1366146168601624,0.0,1,0,0,0,0,1,0,Very Low,7.049219252902436,robbery_risk
taltola,monday,night,23.783794,90.378374,0.43509052736371,0.43509052736371,0.0,0.0,0.0,0.0,0.0,1,1,0,0,0,0,0,Moderate,11.526357910455651,murder_risk
taltola,saturday,noon,23.783794,90.378374,0.4242674605293978,0.0,0.0,0.0,0.0,0.4242674605293978,0.0,1,0,0,0,0,1,0,Moderate,11.364011907940966,robbery_risk
tangail,saturday,night,24.25,89.9167,0.42668068774018075,0.0,0.0,0.0,0.0,0.0,0.42668068774018075,1,0,0,0,0,0,1,Moderate,11.400210316102712,assault_risk
tangail,thursday,morning,24.25,89.9167,0.25251069877712595,0.0,0.0,0.0,0.25251069877712595,0.0,0.0,1,0,0,0,1,0,0,Low,8.78766048165689,bodyfound_risk
tangail sadar,friday,morning,24.25,89.9167,0.1336865412246211,0.0,0.0,0.0,0.06684327061231055,0.0,0.06684327061231055,2,0,0,0,1,0,1,Very Low,7.005298118369316,bodyfound_risk
tangail sadar,friday,night,24.25,89.9167,0.1782199276910315,0.0,0.11881328512735434,0.05940664256367717,0.0,0.0,0.0,3,0,2,1,0,0,0,Very Low,7.673298915365473,rape_risk
tangail sadar,monday,morning,24.25,89.9167,0.12005472838659774,0.0,0.0,0.0,0.12005472838659774,0.0,0.0,1,0,0,0,1,0,0,Very Low,6.800820925798966,bodyfound_risk
tangail sadar,monday,night,24.25,89.9167,0.13925345224732483,0.13925345224732483,0.0,0.0,0.0,0.0,0.0,1,1,0,0,0,0,0,Very Low,7.088801783709872,murder_risk
tangail sadar,saturday,night,24.25,89.9167,0.20516824031628833,0.10258412015814417,0.0,0.05129206007907208,0.05129206007907208,0.0,0.0,4,2,0,1,1,0,0,Low,8.077523604744325,murder_risk
tangail sadar,sunday,morning,24.25,89.9167,0.1432090398696801,0.0,0.0,0.07160451993484004,0.07160451993484004,0.0,0.0,2,0,0,1,1,0,0,Very Low,7.148135598045201,kidnap_risk
tangail sadar,sunday,night,24.25,89.9167,0.15174002721282354,0.07587001360641177,0.07587001360641177,0.0,0.0,0.0,0.0,2,1,1,0,0,0,0,Very Low,7.276100408192353,murder_risk
tangail sadar,thursday,night,24.25,89.9167,0.16129357215081283,0.05376452405027094,0.0,0.0,0.0,0.0,0.10752904810054188,3,1,0,0,0,0,2,Very Low,7.419403582262193,assault_risk
tangail sadar,tuesday,afternoon,24.25,89.9167,0.10334228104188131,0.0,0.0,0.0,0.0,0.0,0.10334228104188131,1,0,0,0,0,0,1,Very Low,6.550134215628219,assault_risk
tangail sadar,tuesday,night,24.25,89.9167,0.14439362028748273,0.07219681014374137,0.0,0.0,0.0,0.0,0.07219681014374137,2,1,0,0,0,0,1,Very Low,7.165904304312241,murder_risk
tangail sadar,tuesday,noon,24.25,89.9167,0.14281613359864997,0.0,0.0,0.0,0.14281613359864997,0.0,0.0,2,0,0,0,2,0,0,Very Low,7.142242003979749,bodyfound_risk
tangail sadar,wednesday,morning,24.25,89.9167,0.1111153584266345,0.1111153584266345,0.0,0.0,0.0,0.0,0.0,1,1,0,0,0,0,0,Very Low,6.666730376399517,murder_risk
tangail sadar,wednesday,night,24.25,89.9167,0.16729941040101923,0.05576647013367307,0.0,0.0,0.11153294026734614,0.0,0.0,3,1,0,0,2,0,0,Very Low,7.509491156015288,bodyfound_risk
tangail sadar,wednesday,noon,24.25,89.9167,0.14345823003898073,0.0,0.0,0.0,0.14345823003898073,0.0,0.0,2,0,0,0,2,0,0,Very Low,7.151873450584711,bodyfound_risk
tanore,thursday,morning,24.6028,88.5806,0.20382663784125718,0.0,0.20382663784125718,0.0,0.0,0.0,0.0,1,0,1,0,0,0,0,Low,8.057399567618859,rape_risk
tanore,thursday,night,24.6028,88.5806,0.30846922125870574,0.0,0.0,0.0,0.30846922125870574,0.0,0.0,2,0,0,0,2,0,0,Low,9.627038318880587,bodyfound_risk
tanti bazar,thursday,noon,23.71384927,90.40776174,0.5729910054875277,0.0,0.0,0.0,0.0,0.5729910054875277,0.0,1,0,0,0,0,1,0,High,13.594865082312916,robbery_risk
taragonj,friday,evening,25.8111,89.0167,0.2065106051103665,0.0,0.2065106051103665,0.0,0.0,0.0,0.0,1,0,1,0,0,0,0,Low,8.097659076655498,rape_risk
taragonj,monday,morning,25.8111,89.0167,0.15174524101282527,0.0,0.0,0.15174524101282527,0.0,0.0,0.0,1,0,0,1,0,0,0,Very Low,7.276178615192379,kidnap_risk
taragonj,wednesday,morning,25.8111,89.0167,0.1903453195756305,0.0,0.0,0.0,0.1903453195756305,0.0,0.0,1,0,0,0,1,0,0,Very Low,7.855179793634457,bodyfound_risk
tarail,thursday,morning,24.5375,90.875,0.38985422105452866,0.0,0.0,0.0,0.38985422105452866,0.0,0.0,1,0,0,0,1,0,0,Moderate,10.84781331581793,bodyfound_risk
tarash,monday,morning,24.4333,89.375,0.14484030365415984,0.14484030365415984,0.0,0.0,0.0,0.0,0.0,1,1,0,0,0,0,0,Very Low,7.172604554812398,murder_risk
tarash,sunday,night,24.4333,89.375,0.15831114357248982,0.0,0.0,0.0,0.0,0.0,0.15831114357248982,1,0,0,0,0,0,1,Very Low,7.374667153587348,assault_risk
tarash,tuesday,night,24.4333,89.375,0.16993499135085863,0.0,0.0,0.0,0.0,0.0,0.16993499135085863,1,0,0,0,0,0,1,Very Low,7.54902487026288,assault_risk
tarash,wednesday,night,24.4333,89.375,0.16238717950050358,0.0,0.16238717950050358,0.0,0.0,0.0,0.0,1,0,1,0,0,0,0,Very Low,7.435807692507554,rape_risk
tarash,wednesday,noon,24.4333,89.375,0.14279327963563276,0.14279327963563276,0.0,0.0,0.0,0.0,0.0,1,1,0,0,0,0,0,Very Low,7.141899194534492,murder_risk
tejgaon,friday,morning,23.763,90.3897,0.30088523719989,0.0,0.0,0.30088523719989,0.0,0.0,0.0,1,0,0,1,0,0,0,Low,9.513278557998351,kidnap_risk
tejgaon,friday,night,23.763,90.3897,0.38451315153733984,0.0,0.2563421010248932,0.1281710505124466,0.0,0.0,0.0,3,0,2,1,0,0,0,Moderate,10.767697273060097,rape_risk
tejgaon,monday,morning,23.763,90.3897,0.29940272596935846,0.0,0.0,0.0,0.29940272596935846,0.0,0.0,1,0,0,0,1,0,0,Low,9.491040889540377,bodyfound_risk
tejgaon,monday,night,23.763,90.3897,0.345895726631433,0.0,0.345895726631433,0.0,0.0,0.0,0.0,2,0,2,0,0,0,0,Low,10.188435899471495,rape_risk
tejgaon,saturday,night,23.763,90.3897,0.29566739964076855,0.0,0.0,0.0,0.0,0.29566739964076855,0.0,1,0,0,0,0,1,0,Low,9.435010994611527,robbery_risk
tejgaon,sunday,night,23.763,90.3897,0.30323581789319787,0.0,0.0,0.0,0.0,0.30323581789319787,0.0,1,0,0,0,0,1,0,Low,9.548537268397968,robbery_risk
tejgaon,wednesday,morning,23.763,90.3897,0.3440293162872575,0.3440293162872575,0.0,0.0,0.0,0.0,0.0,2,2,0,0,0,0,0,Low,10.160439744308864,murder_risk
tejgaon,wednesday,noon,23.763,90.3897,0.30139118116172836,0.30139118116172836,0.0,0.0,0.0,0.0,0.0,1,1,0,0,0,0,0,Low,9.520867717425926,murder_risk
teknaf,friday,afternoon,20.8667,92.3,0.1383803270903315,0.1383803270903315,0.0,0.0,0.0,0.0,0.0,1,1,0,0,0,0,0,Very Low,7.075704906354972,murder_risk
teknaf,friday,night,20.8667,92.3,0.179977321528014,0.179977321528014,0.0,0.0,0.0,0.0,0.0,2,2,0,0,0,0,0,Very Low,7.69965982292021,murder_risk
teknaf,sunday,morning,20.8667,92.3,0.12954880406956634,0.0,0.0,0.0,0.12954880406956634,0.0,0.0,1,0,0,0,1,0,0,Very Low,6.943232061043496,bodyfound_risk
teknaf,thursday,afternoon,20.8667,92.3,0.13397997830308822,0.13397997830308822,0.0,0.0,0.0,0.0,0.0,1,1,0,0,0,0,0,Very Low,7.009699674546323,murder_risk
teknaf,thursday,morning,20.8667,92.3,0.12833522608054207,0.0,0.0,0.0,0.12833522608054207,0.0,0.0,1,0,0,0,1,0,0,Very Low,6.925028391208131,bodyfound_risk
teknaf,tuesday,night,20.8667,92.3,0.1265513268386611,0.0,0.0,0.0,0.1265513268386611,0.0,0.0,1,0,0,0,1,0,0,Very Low,6.898269902579917,bodyfound_risk
teknaf,wednesday,morning,20.8667,92.3,0.12085337018581463,0.0,0.0,0.0,0.12085337018581463,0.0,0.0,1,0,0,0,1,0,0,Very Low,6.81280055278722,bodyfound_risk
teknaf,wednesday,night,20.8667,92.3,0.12904547462234683,0.0,0.0,0.12904547462234683,0.0,0.0,0.0,1,0,0,1,0,0,0,Very Low,6.935682119335203,kidnap_risk
teknaf,wednesday,noon,20.8667,92.3,0.12882789801577801,0.0,0.0,0.0,0.12882789801577801,0.0,0.0,1,0,0,0,1,0,0,Very Low,6.93241847023667,bodyfound_risk
terokhada,tuesday,night,22.9417,89.6694,0.37864754622642094,0.37864754622642094,0.0,0.0,0.0,0.0,0.0,1,1,0,0,0,0,0,Moderate,10.679713193396314,murder_risk
tetulia,monday,afternoon,26.48274,88.35069,0.16923254077764716,0.16923254077764716,0.0,0.0,0.0,0.0,0.0,1,1,0,0,0,0,0,Very Low,7.538488111664707,murder_risk
tetulia,saturday,night,26.48274,88.35069,0.16123501920938085,0.0,0.16123501920938085,0.0,0.0,0.0,0.0,1,0,1,0,0,0,0,Very Low,7.418525288140713,rape_risk
tetulia,sunday,morning,26.48274,88.35069,0.15849560771498453,0.0,0.15849560771498453,0.0,0.0,0.0,0.0,1,0,1,0,0,0,0,Very Low,7.377434115724768,rape_risk
tetulia,tuesday,morning,26.48274,88.35069,0.1655751361682212,0.0,0.0,0.0,0.1655751361682212,0.0,0.0,1,0,0,0,1,0,0,Very Low,7.4836270425233185,bodyfound_risk
thakurgaon sadar,friday,evening,26.0208,88.4667,0.13343592295976078,0.0,0.06671796147988039,0.0,0.0,0.0,0.06671796147988039,2,0,1,0,0,0,1,Very Low,7.001538844396412,rape_risk
thakurgaon sadar,friday,morning,26.0208,88.4667,0.1227780864940777,0.0,0.0,0.0,0.1227780864940777,0.0,0.0,1,0,0,0,1,0,0,Very Low,6.841671297411166,bodyfound_risk
thakurgaon sadar,friday,night,26.0208,88.4667,0.20166870436752565,0.0,0.16133496349402054,0.0,0.0,0.0,0.040333740873505136,5,0,4,0,0,0,1,Low,8.025030565512886,rape_risk
thakurgaon sadar,friday,noon,26.0208,88.4667,0.13442101871634626,0.13442101871634626,0.0,0.0,0.0,0.0,0.0,1,1,0,0,0,0,0,Very Low,7.016315280745194,murder_risk
thakurgaon sadar,monday,morning,26.020799999999998,88.4667,0.2129649820193553,0.035494163669892546,0.0,0.0,0.07098832733978509,0.0,0.10648249100967765,6,1,0,0,2,0,3,Low,8.19447473029033,assault_risk
thakurgaon sadar,monday,night,26.020799999999998,88.4667,0.14204342600617598,0.0,0.0,0.0,0.0,0.0,0.14204342600617598,3,0,0,0,0,0,3,Very Low,7.130651390092639,assault_risk
thakurgaon sadar,saturday,evening,26.0208,88.4667,0.13191379251856744,0.0,0.13191379251856744,0.0,0.0,0.0,0.0,1,0,1,0,0,0,0,Very Low,6.978706887778512,rape_risk
thakurgaon sadar,saturday,morning,26.0208,88.4667,0.12820007959135649,0.0,0.0,0.0,0.12820007959135649,0.0,0.0,1,0,0,0,1,0,0,Very Low,6.9230011938703475,bodyfound_risk
thakurgaon sadar,saturday,night,26.0208,88.4667,0.11832859245904159,0.0,0.0,0.0,0.0,0.0,0.11832859245904159,1,0,0,0,0,0,1,Very Low,6.774928886885624,assault_risk
thakurgaon sadar,sunday,morning,26.0208,88.4667,0.1779226601111666,0.0,0.0,0.04448066502779165,0.0889613300555833,0.04448066502779165,0.0,4,0,0,1,2,1,0,Very Low,7.668839901667498,bodyfound_risk
thakurgaon sadar,sunday,night,26.0208,88.4667,0.18551584220153247,0.04637896055038312,0.09275792110076624,0.0,0.0,0.0,0.04637896055038312,4,1,2,0,0,0,1,Very Low,7.782737633022987,rape_risk
thakurgaon sadar,thursday,evening,26.0208,88.4667,0.1255482641481271,0.1255482641481271,0.0,0.0,0.0,0.0,0.0,1,1,0,0,0,0,0,Very Low,6.883223962221907,murder_risk
thakurgaon sadar,thursday,morning,26.0208,88.4667,0.25079729447582033,0.027866366052868925,0.0,0.027866366052868925,0.05573273210573785,0.0,0.13933183026434465,9,1,0,1,2,0,5,Low,8.761959417137305,assault_risk
thakurgaon sadar,thursday,night,26.0208,88.4667,0.1766465007447235,0.0,0.08832325037236174,0.0,0.0,0.0,0.08832325037236174,4,0,2,0,0,0,2,Very Low,7.649697511170853,rape_risk
thakurgaon sadar,tuesday,afternoon,26.0208,88.4667,0.10222811308422362,0.0,0.0,0.0,0.0,0.0,0.10222811308422362,1,0,0,0,0,0,1,Very Low,6.533421696263354,assault_risk
thakurgaon sadar,tuesday,morning,26.0208,88.4667,0.1791363205320274,0.0,0.0895681602660137,0.0,0.04478408013300685,0.0,0.04478408013300685,4,0,2,0,1,0,1,Very Low,7.687044807980412,rape_risk
thakurgaon sadar,tuesday,night,26.0208,88.4667,0.11929314999006829,0.0,0.0,0.0,0.0,0.0,0.11929314999006829,1,0,0,0,0,0,1,Very Low,6.789397249851024,assault_risk
thakurgaon sadar,tuesday,noon,26.0208,88.4667,0.1844747780160923,0.0,0.0,0.09223738900804615,0.09223738900804615,0.0,0.0,4,0,0,2,2,0,0,Very Low,7.767121670241385,kidnap_risk
thakurgaon sadar,wednesday,morning,26.0208,88.4667,0.1418959686433826,0.0,0.0,0.0,0.0709479843216913,0.0,0.0709479843216913,2,0,0,0,1,0,1,Very Low,7.1284395296507395,bodyfound_risk
thakurgaon sadar,wednesday,night,26.0208,88.4667,0.19735540957414907,0.0,0.11841324574448944,0.0,0.0,0.039471081914829814,0.039471081914829814,5,0,3,0,0,1,1,Very Low,7.960331143612236,rape_risk
thakurgaon sadar,wednesday,noon,26.0208,88.4667,0.1295625036207106,0.0,0.0,0.0,0.1295625036207106,0.0,0.0,1,0,0,0,1,0,0,Very Low,6.943437554310659,bodyfound_risk
thanchi,friday,noon,21.82174,92.43776,0.18149703477090295,0.0,0.0,0.18149703477090295,0.0,0.0,0.0,2,0,0,2,0,0,0,Very Low,7.722455521563544,kidnap_risk
thanchi,saturday,noon,21.82174,92.43776,0.28136869827387556,0.07034217456846889,0.0,0.21102652370540667,0.0,0.0,0.0,4,1,0,3,0,0,0,Low,9.220530474108134,kidnap_risk
thanchi,wednesday,evening,21.82174,92.43776,0.12200722893228313,0.0,0.0,0.0,0.0,0.0,0.12200722893228313,1,0,0,0,0,0,1,Very Low,6.830108433984247,assault_risk
thanchi,wednesday,morning,21.82174,92.43776,0.12371534252603936,0.0,0.0,0.12371534252603936,0.0,0.0,0.0,1,0,0,1,0,0,0,Very Low,6.855730137890591,kidnap_risk
tikatuli,monday,night,23.720046,90.421578,0.30102362282038364,0.0,0.0,0.0,0.0,0.30102362282038364,0.0,1,0,0,0,0,1,0,Low,9.515354342305756,robbery_risk
tikatuli,sunday,morning,23.720046,90.421578,0.3205448387341591,0.0,0.0,0.0,0.3205448387341591,0.0,0.0,1,0,0,0,1,0,0,Low,9.808172581012386,bodyfound_risk
tikatuli,sunday,night,23.720046,90.421578,0.3848840970296512,0.1924420485148256,0.0,0.0,0.0,0.1924420485148256,0.0,2,1,0,0,0,1,0,Moderate,10.773261455444768,murder_risk
tikatuli,thursday,night,23.720046,90.421578,0.3190651396706506,0.0,0.0,0.0,0.0,0.3190651396706506,0.0,1,0,0,0,0,1,0,Low,9.78597709505976,robbery_risk
tikatuli,tuesday,night,23.720046,90.421578,0.3773856213529795,0.18869281067648974,0.0,0.0,0.0,0.0,0.18869281067648974,2,1,0,0,0,0,1,Moderate,10.660784320294692,murder_risk
tongi,monday,night,23.887625,90.398942,0.1957815366399001,0.0,0.0,0.1957815366399001,0.0,0.0,0.0,1,0,0,1,0,0,0,Very Low,7.936723049598502,kidnap_risk
tongi,saturday,night,23.887625,90.398942,0.19707149528806528,0.0,0.0,0.19707149528806528,0.0,0.0,0.0,1,0,0,1,0,0,0,Very Low,7.9560724293209795,kidnap_risk
tongi,thursday,noon,23.887625,90.398942,0.1616582612777135,0.0,0.0,0.0,0.0,0.1616582612777135,0.0,1,0,0,0,0,1,0,Very Low,7.4248739191657025,robbery_risk
tongi,tuesday,evening,23.887625,90.398942,0.19101652337411948,0.19101652337411948,0.0,0.0,0.0,0.0,0.0,1,1,0,0,0,0,0,Very Low,7.865247850611793,murder_risk
tongi,tuesday,night,23.887625,90.398942,0.18542022878058975,0.0,0.0,0.0,0.18542022878058975,0.0,0.0,1,0,0,0,1,0,0,Very Low,7.781303431708846,bodyfound_risk
tongi,wednesday,night,23.887625,90.398942,0.23885742232451415,0.0,0.23885742232451415,0.0,0.0,0.0,0.0,2,0,2,0,0,0,0,Low,8.582861334867712,rape_risk
tongibari,saturday,night,23.5,90.4583,0.18086277710662513,0.09043138855331256,0.0,0.0,0.0,0.09043138855331256,0.0,2,1,0,0,0,1,0,Very Low,7.7129416565993765,murder_risk
tongibari,sunday,night,23.5,90.4583,0.1730027202155019,0.08650136010775095,0.0,0.0,0.0,0.0,0.08650136010775095,2,1,0,0,0,0,1,Very Low,7.5950408032325285,murder_risk
tongibari,sunday,noon,23.5,90.4583,0.16312981581401276,0.0,0.0,0.0,0.0,0.0,0.16312981581401276,2,0,0,0,0,0,2,Very Low,7.446947237210191,assault_risk
tongibari,tuesday,night,23.5,90.4583,0.16641293203196106,0.0,0.0,0.0,0.0,0.16641293203196106,0.0,2,0,0,0,0,2,0,Very Low,7.496193980479416,robbery_risk
tongibari,wednesday,morning,23.5,90.4583,0.12519321117194807,0.0,0.0,0.0,0.12519321117194807,0.0,0.0,1,0,0,0,1,0,0,Very Low,6.877898167579221,bodyfound_risk
topekhana road,monday,afternoon,23.73018,90.4102,0.5760217692763231,0.0,0.5760217692763231,0.0,0.0,0.0,0.0,1,0,1,0,0,0,0,High,13.640326539144846,rape_risk
trishal,friday,afternoon,24.575,90.39167,0.1203398676907999,0.0,0.0,0.0,0.1203398676907999,0.0,0.0,1,0,0,0,1,0,0,Very Low,6.805098015361999,bodyfound_risk
trishal,monday,morning,24.575,90.39167,0.11275169800272408,0.0,0.0,0.0,0.11275169800272408,0.0,0.0,1,0,0,0,1,0,0,Very Low,6.691275470040861,bodyfound_risk
trishal,monday,night,24.575,90.39167,0.11594431154980088,0.11594431154980088,0.0,0.0,0.0,0.0,0.0,1,1,0,0,0,0,0,Very Low,6.739164673247013,murder_risk
trishal,saturday,morning,24.575,90.39167,0.14236110153134457,0.07118055076567228,0.0,0.0,0.0,0.0,0.07118055076567228,2,1,0,0,0,0,1,Very Low,7.135416522970169,murder_risk
trishal,saturday,night,24.575,90.39167,0.1335137554638779,0.1335137554638779,0.0,0.0,0.0,0.0,0.0,2,2,0,0,0,0,0,Very Low,7.002706331958168,murder_risk
trishal,sunday,night,24.575,90.39167,0.11826223875814104,0.0,0.0,0.11826223875814104,0.0,0.0,0.0,1,0,0,1,0,0,0,Very Low,6.773933581372115,kidnap_risk
trishal,thursday,afternoon,24.575,90.39167,0.1251119452407129,0.0,0.0,0.0,0.1251119452407129,0.0,0.0,1,0,0,0,1,0,0,Very Low,6.8766791786106936,bodyfound_risk
trishal,thursday,morning,24.575,90.39167,0.14583310091832807,0.14583310091832807,0.0,0.0,0.0,0.0,0.0,2,2,0,0,0,0,0,Very Low,7.187496513774921,murder_risk
trishal,thursday,night,24.575,90.39167,0.1204954073370117,0.0,0.0,0.1204954073370117,0.0,0.0,0.0,1,0,0,1,0,0,0,Very Low,6.807431110055175,kidnap_risk
trishal,tuesday,evening,24.575,90.39167,0.11693883608829787,0.0,0.11693883608829787,0.0,0.0,0.0,0.0,1,0,1,0,0,0,0,Very Low,6.754082541324468,rape_risk
trishal,tuesday,morning,24.575,90.39167000000002,0.14128139056335598,0.0,0.0,0.09418759370890398,0.04709379685445199,0.0,0.0,3,0,0,2,1,0,0,Very Low,7.11922085845034,kidnap_risk
trishal,tuesday,night,24.575,90.39167,0.20100225484758935,0.150751691135692,0.0,0.0,0.0,0.0,0.05025056371189734,4,3,0,0,0,0,1,Low,8.015033822713841,murder_risk
trishal,wednesday,morning,24.575,90.39167,0.15594817908595487,0.07797408954297744,0.07797408954297744,0.0,0.0,0.0,0.0,2,1,1,0,0,0,0,Very Low,7.3392226862893235,murder_risk
trishal,wednesday,night,24.575,90.39167,0.13392517103521395,0.0,0.0,0.0,0.0,0.0,0.13392517103521395,2,0,0,0,0,0,2,Very Low,7.008877565528209,assault_risk
trishal,wednesday,noon,24.575,90.39167,0.12331944824970828,0.12331944824970828,0.0,0.0,0.0,0.0,0.0,1,1,0,0,0,0,0,Very Low,6.849791723745624,murder_risk
tungipara,friday,evening,22.9,89.8833,0.17475695865393626,0.17475695865393626,0.0,0.0,0.0,0.0,0.0,1,1,0,0,0,0,0,Very Low,7.621354379809044,murder_risk
tungipara,sunday,morning,22.9,89.8833,0.16882333089721852,0.16882333089721852,0.0,0.0,0.0,0.0,0.0,1,1,0,0,0,0,0,Very Low,7.532349963458278,murder_risk
tungipara,sunday,night,22.9,89.8833,0.17232607227727942,0.17232607227727942,0.0,0.0,0.0,0.0,0.0,1,1,0,0,0,0,0,Very Low,7.584891084159191,murder_risk
tungipara,wednesday,night,22.9,89.8833,0.16536386955177232,0.16536386955177232,0.0,0.0,0.0,0.0,0.0,1,1,0,0,0,0,0,Very Low,7.480458043276585,murder_risk
turag,friday,afternoon,23.860422,90.367672,0.31729401351814585,0.0,0.0,0.0,0.31729401351814585,0.0,0.0,1,0,0,0,1,0,0,Low,9.759410202772187,bodyfound_risk
turag,monday,morning,23.860422,90.367672,0.32375605554687625,0.0,0.0,0.0,0.0,0.32375605554687625,0.0,1,0,0,0,0,1,0,Low,9.856340833203145,robbery_risk
turag,monday,night,23.860422,90.367672,0.3208182209769566,0.0,0.0,0.0,0.0,0.3208182209769566,0.0,1,0,0,0,0,1,0,Low,9.812273314654348,robbery_risk
turag,sunday,night,23.860422,90.367672,0.3291257304120345,0.3291257304120345,0.0,0.0,0.0,0.0,0.0,1,1,0,0,0,0,0,Low,9.936885956180518,murder_risk
turag,sunday,noon,23.860422,90.367672,0.3877780276244048,0.0,0.0,0.0,0.1938890138122024,0.1938890138122024,0.0,2,0,0,0,1,1,0,Moderate,10.816670414366072,bodyfound_risk
ukhiya,friday,night,21.242504,92.14122,0.14986308108358715,0.14986308108358715,0.0,0.0,0.0,0.0,0.0,1,1,0,0,0,0,0,Very Low,7.247946216253807,murder_risk
ukhiya,monday,evening,21.242504,92.14122,0.1430846225487576,0.0,0.1430846225487576,0.0,0.0,0.0,0.0,1,0,1,0,0,0,0,Very Low,7.146269338231364,rape_risk
ukhiya,monday,night,21.242504,92.14122,0.15170437509033347,0.15170437509033347,0.0,0.0,0.0,0.0,0.0,1,1,0,0,0,0,0,Very Low,7.275565626355002,murder_risk
ukhiya,thursday,noon,21.242504,92.14122,0.1789608085081369,0.0,0.1789608085081369,0.0,0.0,0.0,0.0,2,0,2,0,0,0,0,Very Low,7.684412127622053,rape_risk
ukhiya,tuesday,evening,21.242504,92.14122,0.12595916617424188,0.0,0.12595916617424188,0.0,0.0,0.0,0.0,1,0,1,0,0,0,0,Very Low,6.889387492613628,rape_risk
ullapara,friday,morning,24.3194,89.5667,0.21928440589340226,0.10964220294670113,0.0,0.0,0.10964220294670113,0.0,0.0,2,1,0,0,1,0,0,Low,8.289266088401034,murder_risk
ullapara,monday,morning,24.3194,89.5667,0.1508816555765175,0.0,0.0,0.0,0.1508816555765175,0.0,0.0,1,0,0,0,1,0,0,Very Low,7.2632248336477625,bodyfound_risk
ullapara,monday,noon,24.3194,89.5667,0.1563912255463948,0.0,0.0,0.0,0.1563912255463948,0.0,0.0,1,0,0,0,1,0,0,Very Low,7.345868383195922,bodyfound_risk
ullapara,thursday,morning,24.3194,89.5667,0.15571097043747636,0.15571097043747636,0.0,0.0,0.0,0.0,0.0,1,1,0,0,0,0,0,Very Low,7.335664556562145,murder_risk
ullapara,thursday,night,24.3194,89.5667,0.16402068180933527,0.16402068180933527,0.0,0.0,0.0,0.0,0.0,1,1,0,0,0,0,0,Very Low,7.460310227140029,murder_risk
uttar kattali,tuesday,morning,22.31667,91.81667,0.4605668460998751,0.0,0.0,0.0,0.4605668460998751,0.0,0.0,1,0,0,0,1,0,0,Moderate,11.908502691498127,bodyfound_risk
uttara,friday,evening,23.874875,90.393071,0.30853743157539065,0.30853743157539065,0.0,0.0,0.0,0.0,0.0,2,2,0,0,0,0,0,Low,9.62806147363086,murder_risk
uttara,friday,morning,23.874875,90.393071,0.3203365104865159,0.0,0.0,0.0,0.3203365104865159,0.0,0.0,3,0,0,0,3,0,0,Low,9.805047657297738,bodyfound_risk
uttara,friday,night,23.874875,90.393071,0.34059524093349486,0.0,0.17029762046674743,0.0,0.0,0.17029762046674743,0.0,4,0,2,0,0,2,0,Low,10.108928614002423,rape_risk
uttara,monday,afternoon,23.874875,90.393071,0.2822617027521767,0.0,0.0,0.0,0.2822617027521767,0.0,0.0,1,0,0,0,1,0,0,Low,9.233925541282652,bodyfound_risk
uttara,monday,morning,23.874875,90.393071,0.2845224817658987,0.0,0.0,0.0,0.2845224817658987,0.0,0.0,1,0,0,0,1,0,0,Low,9.267837226488481,bodyfound_risk
uttara,monday,night,23.874875,90.393071,0.33658584449877077,0.0,0.0,0.08414646112469269,0.16829292224938538,0.08414646112469269,0.0,4,0,0,1,2,1,0,Low,10.048787667481562,bodyfound_risk
uttara,monday,noon,23.874875,90.393071,0.27311819261108156,0.0,0.0,0.0,0.0,0.27311819261108156,0.0,1,0,0,0,0,1,0,Low,9.096772889166223,robbery_risk
uttara,saturday,afternoon,23.874875,90.393071,0.2823579699469404,0.0,0.2823579699469404,0.0,0.0,0.0,0.0,1,0,1,0,0,0,0,Low,9.235369549204105,rape_risk
uttara,saturday,morning,23.874875,90.393071,0.29809492883292127,0.0,0.0,0.0,0.29809492883292127,0.0,0.0,1,0,0,0,1,0,0,Low,9.471423932493819,bodyfound_risk
uttara,saturday,night,23.874875,90.393071,0.3271039075910783,0.0,0.0,0.10903463586369277,0.0,0.0,0.21806927172738555,3,0,0,1,0,0,2,Low,9.906558613866174,assault_risk
uttara,saturday,noon,23.874875,90.393071,0.28061597433091534,0.0,0.0,0.0,0.28061597433091534,0.0,0.0,1,0,0,0,1,0,0,Low,9.20923961496373,bodyfound_risk
uttara,sunday,morning,23.874875,90.393071,0.31357834090745623,0.0,0.0,0.0,0.20905222727163747,0.10452611363581873,0.0,3,0,0,0,2,1,0,Low,9.703675113611844,bodyfound_risk
uttara,sunday,night,23.874875,90.393071,0.32649899892456236,0.21766599928304156,0.10883299964152078,0.0,0.0,0.0,0.0,3,2,1,0,0,0,0,Low,9.897484983868434,murder_risk
uttara,sunday,noon,23.874875,90.393071,0.2898325676416893,0.0,0.0,0.0,0.2898325676416893,0.0,0.0,1,0,0,0,1,0,0,Low,9.34748851462534,bodyfound_risk
uttara,thursday,morning,23.874875,90.393071,0.31770010179279984,0.0,0.0,0.0,0.31770010179279984,0.0,0.0,3,0,0,0,3,0,0,Low,9.765501526891997,bodyfound_risk
uttara,thursday,night,23.874875,90.393071,0.2993355416326226,0.1496677708163113,0.1496677708163113,0.0,0.0,0.0,0.0,2,1,1,0,0,0,0,Low,9.49003312448934,murder_risk
uttara,thursday,noon,23.874875,90.393071,0.2776271119383184,0.0,0.0,0.0,0.0,0.2776271119383184,0.0,1,0,0,0,0,1,0,Low,9.164406679074776,robbery_risk
uttara,tuesday,evening,23.874875,90.393071,0.28013598975217285,0.0,0.0,0.28013598975217285,0.0,0.0,0.0,1,0,0,1,0,0,0,Low,9.202039846282592,kidnap_risk
uttara,tuesday,morning,23.874875,90.393071,0.2815913572853804,0.0,0.0,0.2815913572853804,0.0,0.0,0.0,1,0,0,1,0,0,0,Low,9.223870359280706,kidnap_risk
uttara,wednesday,morning,23.874875,90.393071,0.3200517229122643,0.10668390763742143,0.0,0.0,0.10668390763742143,0.10668390763742143,0.0,3,1,0,0,1,1,0,Low,9.800775843683965,murder_risk
uttara,wednesday,night,23.874875,90.393071,0.2780793340820233,0.0,0.0,0.0,0.0,0.13903966704101164,0.13903966704101164,2,0,0,0,0,1,1,Low,9.17119001123035,robbery_risk
uttarkhan,friday,night,23.728907,90.417137,0.3472079050183221,0.17360395250916105,0.17360395250916105,0.0,0.0,0.0,0.0,2,1,1,0,0,0,0,Low,10.208118575274831,murder_risk
uttarkhan,monday,morning,23.728907,90.417137,0.2978371199005112,0.0,0.0,0.0,0.2978371199005112,0.0,0.0,1,0,0,0,1,0,0,Low,9.467556798507669,bodyfound_risk
uttarkhan,monday,night,23.728907000000003,90.41713699999998,0.3803621706923909,0.25357478046159393,0.0,0.0,0.12678739023079696,0.0,0.0,3,2,0,0,1,0,0,Moderate,10.705432560385864,murder_risk
uttarkhan,saturday,morning,23.728907,90.417137,0.3348871477144416,0.0,0.1674435738572208,0.0,0.1674435738572208,0.0,0.0,2,0,1,0,1,0,0,Low,10.023307215716624,rape_risk
uttarkhan,saturday,noon,23.728907,90.417137,0.30835107345042856,0.30835107345042856,0.0,0.0,0.0,0.0,0.0,1,1,0,0,0,0,0,Low,9.625266101756427,murder_risk
uttarkhan,sunday,night,23.728907,90.417137,0.32819069491229064,0.0,0.16409534745614532,0.16409534745614532,0.0,0.0,0.0,2,0,1,1,0,0,0,Low,9.922860423684359,rape_risk
uttarkhan,thursday,night,23.728907,90.417137,0.30426854815778903,0.0,0.30426854815778903,0.0,0.0,0.0,0.0,1,0,1,0,0,0,0,Low,9.564028222366836,rape_risk
uttarkhan,tuesday,night,23.728907,90.417137,0.29649872888888396,0.0,0.0,0.0,0.29649872888888396,0.0,0.0,1,0,0,0,1,0,0,Low,9.44748093333326,bodyfound_risk
vatara,friday,morning,23.80476,90.42575,0.5881101233142445,0.5881101233142445,0.0,0.0,0.0,0.0,0.0,1,1,0,0,0,0,0,High,13.821651849713668,murder_risk
wari,saturday,night,23.71802,90.41789,0.375825149983937,0.0,0.0,0.0,0.0,0.0,0.375825149983937,1,0,0,0,0,0,1,Moderate,10.637377249759055,assault_risk
wari,thursday,night,23.71802,90.41789,0.3697819783191473,0.0,0.0,0.0,0.0,0.0,0.3697819783191473,1,0,0,0,0,0,1,Moderate,10.546729674787208,assault_risk
wari,tuesday,morning,23.71802,90.41789,0.37545081566348054,0.0,0.0,0.0,0.37545081566348054,0.0,0.0,1,0,0,0,1,0,0,Moderate,10.631762234952209,bodyfound_risk
wazirpur,friday,morning,22.8111,90.2444,0.20258121064094986,0.10129060532047493,0.0,0.0,0.10129060532047493,0.0,0.0,2,1,0,0,1,0,0,Low,8.038718159614248,murder_risk
wazirpur,friday,night,22.8111,90.2444,0.12775634119244755,0.12775634119244755,0.0,0.0,0.0,0.0,0.0,1,1,0,0,0,0,0,Very Low,6.9163451178867135,murder_risk
wazirpur,monday,night,22.8111,90.2444,0.14073013148633906,0.14073013148633906,0.0,0.0,0.0,0.0,0.0,1,1,0,0,0,0,0,Very Low,7.110951972295085,murder_risk
wazirpur,saturday,night,22.8111,90.2444,0.14412865305280914,0.0,0.0,0.0,0.0,0.0,0.14412865305280914,1,0,0,0,0,0,1,Very Low,7.161929795792137,assault_risk
wazirpur,thursday,noon,22.8111,90.2444,0.14886493929909006,0.0,0.0,0.14886493929909006,0.0,0.0,0.0,1,0,0,1,0,0,0,Very Low,7.232974089486351,kidnap_risk
wazirpur,tuesday,night,22.8111,90.2444,0.14667065411571106,0.0,0.0,0.0,0.14667065411571106,0.0,0.0,1,0,0,0,1,0,0,Very Low,7.200059811735666,bodyfound_risk
zajira,thursday,evening,23.356122,90.334248,0.2513919210479994,0.0,0.0,0.2513919210479994,0.0,0.0,0.0,1,0,0,1,0,0,0,Low,8.77087881571999,kidnap_risk
zajira,wednesday,evening,23.356122,90.334248,0.25074866818091834,0.0,0.0,0.25074866818091834,0.0,0.0,0.0,1,0,0,1,0,0,0,Low,8.761230022713775,kidnap_risk
zakiganj,friday,night,24.8778,92.3722,0.26004259063627244,0.0,0.0,0.26004259063627244,0.0,0.0,0.0,2,0,0,2,0,0,0,Low,8.900638859544086,kidnap_risk
zakiganj,tuesday,night,24.8778,92.3722,0.13761570901436287,0.0,0.13761570901436287,0.0,0.0,0.0,0.0,1,0,1,0,0,0,0,Very Low,7.064235635215443,rape_risk
zakiganj,wednesday,night,24.8778,92.3722,0.15920061036891042,0.0,0.0,0.0,0.0,0.15920061036891042,0.0,1,0,0,0,0,1,0,Very Low,7.3880091555336564,robbery_risk
zianagar,friday,night,22.50439,89.97897,0.13185130512686719,0.0,0.13185130512686719,0.0,0.0,0.0,0.0,1,0,1,0,0,0,0,Very Low,6.9777695769030075,rape_risk
zianagar,monday,night,22.50439,89.97897,0.1407711601684867,0.1407711601684867,0.0,0.0,0.0,0.0,0.0,1,1,0,0,0,0,0,Very Low,7.1115674025273,murder_risk
zianagar,saturday,night,22.50439,89.97897,0.12532258959092385,0.0,0.0,0.0,0.0,0.0,0.12532258959092385,1,0,0,0,0,0,1,Very Low,6.879838843863858,assault_risk
zianagar,saturday,noon,22.50439,89.97897,0.14644340417465024,0.14644340417465024,0.0,0.0,0.0,0.0,0.0,1,1,0,0,0,0,0,Very Low,7.196651062619754,murder_risk
zianagar,thursday,morning,22.50439,89.97897,0.12402108203688356,0.12402108203688356,0.0,0.0,0.0,0.0,0.0,1,1,0,0,0,0,0,Very Low,6.860316230553254,murder_risk
zianagar,thursday,night,22.50439,89.97897,0.1458279753686083,0.1458279753686083,0.0,0.0,0.0,0.0,0.0,1,1,0,0,0,0,0,Very Low,7.187419630529124,murder_risk
zianagar,tuesday,night,22.50439,89.97897,0.11956156426264088,0.0,0.0,0.0,0.0,0.11956156426264088,0.0,1,0,0,0,0,1,0,Very Low,6.793423463939613,robbery_risk
zianagar,wednesday,night,22.50439,89.97897,0.1309866317095174,0.0,0.0,0.0,0.1309866317095174,0.0,0.0,1,0,0,0,1,0,0,Very Low,6.964799475642761,bodyfound_risk
